Workbook

Sheet Summary
A1: LME_052 — Sea of Okhotsk
A2: Ecopath model: 52_1_Sea_of_Okhotsk_NE_(1980)
A3: NE means new detailed Ecopath model, not northeastern. Whole Okhotsk Sea coverage; numerical configuration caveats remain. 52_1_Sea_of_Okhotsk_NE_(1980)
A5: region type | B5: LME
A6: latitude | B6: 55.9495
A7: longitude | B7: 149.68977
A8: catch years | B8: 1950-2019
A9: taxa in catch | B9: 151
A10: taxa apportioned across groups | B10: 11
A11: taxa unresolved | B11: 54
A12: catch tonnage on a named group, % | B12: 97.3
A13: SPPR methods | B13: 20
A14: methods flagged as unusable | B14: 7
A15: headline method below | B15: Ulanowicz_TE
A17: year | B17: catch_tonnes | C17: ppr_simple | D17: ppr_Ulanowicz_TE | E17: ppr_simple / NPP % | F17: ppr_Ulanowicz_TE / NPP %
A18: 1950 | B18: 737435.34 | C18: 5.3844723e+08 | D18: 6.450285e+08
A19: 1951 | B19: 893045.88 | C19: 8.2486898e+08 | D19: 7.0899973e+08
A20: 1952 | B20: 827838.83 | C20: 6.486404e+08 | D20: 6.8473353e+08
A21: 1953 | B21: 907159.02 | C21: 8.5493846e+08 | D21: 7.348127e+08
A22: 1954 | B22: 898364.68 | C22: 7.2652593e+08 | D22: 8.8945751e+08
A23: 1955 | B23: 1062537.4 | C23: 8.8697267e+08 | D23: 1.0210798e+09
A24: 1956 | B24: 1145961.5 | C24: 9.0960922e+08 | D24: 1.107504e+09
A25: 1957 | B25: 1333954.1 | C25: 1.0340751e+09 | D25: 1.191874e+09
A26: 1958 | B26: 1068756.5 | C26: 4.9879411e+08 | D26: 9.3476713e+08
A27: 1959 | B27: 1012507.7 | C27: 5.4931683e+08 | D27: 9.484696e+08
A28: 1960 | B28: 887212.23 | C28: 4.6600869e+08 | D28: 1.0139656e+09
A29: 1961 | B29: 1004505.4 | C29: 5.1706994e+08 | D29: 1.1715037e+09
... A65: 1997 | B65: 6673942.7 | C65: 3.3865026e+09 | D65: 6.2104862e+09
A66: 1998 | B66: 5959517 | C66: 3.0258874e+09 | D66: 5.6551516e+09 | E66: 101.5284 | F66: 189.7488
A67: 1999 | B67: 5321931.6 | C67: 2.8691295e+09 | D67: 5.1081115e+09 | E67: 101.023 | F67: 179.8584
A68: 2000 | B68: 4591441.1 | C68: 2.5058168e+09 | D68: 4.3557532e+09 | E68: 93.6038 | F68: 162.7075
A69: 2001 | B69: 4591638 | C69: 2.545972e+09 | D69: 4.4250771e+09
A70: 2002 | B70: 3211633.1 | C70: 1.9159734e+09 | D70: 3.0504588e+09
A71: 2003 | B71: 4030219.5 | C71: 2.3074682e+09 | D71: 3.9712853e+09
A72: 2004 | B72: 3258717.7 | C72: 1.8784148e+09 | D72: 3.3693665e+09
A73: 2005 | B73: 3579903.5 | C73: 2.2340697e+09 | D73: 3.5526824e+09
A74: 2006 | B74: 3656771.5 | C74: 2.2156421e+09 | D74: 3.537082e+09
A75: 2007 | B75: 4021913.8 | C75: 2.5135903e+09 | D75: 3.9014498e+09
A76: 2008 | B76: 3614587.8 | C76: 2.1967392e+09 | D76: 3.7816027e+09
A77: 2009 | B77: 3878004.3 | C77: 2.6889613e+09 | D77: 3.957661e+09
A78: 2010 | B78: 4188001.3 | C78: 2.4986029e+09 | D78: 4.4927969e+09
A79: 2011 | B79: 4438750.5 | C79: 3.0615492e+09 | D79: 4.3482575e+09
A80: 2012 | B80: 4465336.4 | C80: 2.8095384e+09 | D80: 4.4530001e+09
... A86: 2018 | B86: 4841020.7 | C86: 3.1569109e+09 | D86: 5.0859296e+09
A87: 2019 | B87: 4800852.1 | C87: 2.7995434e+09 | D87: 5.1679706e+09 | E87: 105.1099 | F87: 194.0334
A88: PPR/NPP converts wet-weight PP to carbon at 9:1 and uses the matching year's NPP ensemble median.
A89: PPR/NPP is blank for years without NPP; see NPP for availability and provenance.

Sheet Catch
A1: taxon | B1: common_name | C1: functional_group | D1: commercial_group | E1: 1950 | F1: 1951 | G1: 1952 | H1: 1953 | I1: 1954 | J1: 1955 | K1: 1956 | L1: 1957 | M1: 1958 | N1: 1959 | O1: 1960 | P1: 1961 | Q1: 1962 | R1: 1963 | S1: 1964 | T1: 1965 | U1: 1966 | V1: 1967 | W1: 1968 | X1: 1969 | Y1: 1970 | Z1: 1971 | AA1: 1972 | AB1: 1973 | AC1: 1974 | AD1: 1975 | AE1: 1976 | AF1: 1977 | AG1: 1978 | AH1: 1979 | AI1: 1980 | AJ1: 1981 | AK1: 1982 | AL1: 1983 | AM1: 1984 | AN1: 1985 | AO1: 1986 | AP1: 1987 | AQ1: 1988 | AR1: 1989 | AS1: 1990 | AT1: 1991 | AU1: 1992 | AV1: 1993 | AW1: 1994 | AX1: 1995 | AY1: 1996 | AZ1: 1997 | BA1: 1998 | BB1: 1999 | BC1: 2000 | BD1: 2001 | BE1: 2002 | BF1: 2003 | BG1: 2004 | BH1: 2005 | BI1: 2006 | BJ1: 2007 | BK1: 2008 | BL1: 2009 | BM1: 2010 | BN1: 2011 | BO1: 2012 | BP1: 2013 | BQ1: 2014 | BR1: 2015 | BS1: 2016 | BT1: 2017 | BU1: 2018 | BV1: 2019
A2: Gadus chalcogrammus | B2: Alaska pollock | C2: Medium benthopelagics (30 - 89 cm) | D2: Cod-likes | E2: 95540.788 | F2: 102736.18 | G2: 98903.064 | H2: 99940.529 | I2: 107642.51 | J2: 125501.41 | K2: 144032.52 | L2: 186429.25 | M2: 215265.36 | N2: 229306.27 | O2: 236592.48 | P2: 243098.1 | Q2: 248199.63 | R2: 310040.64 | S2: 320803.28 | T2: 491795.65 | U2: 566878.5 | V2: 662671.66 | W2: 742626.16 | X2: 742954.84 | Y2: 819692 | Z2: 927292.32 | AA2: 882925.44 | AB2: 1387248.5 | AC2: 1474364 | AD2: 1797101.6 | AE2: 1935164.6 | AF2: 1875807.9 | AG2: 1829507.3 | AH2: 1875198.9 | AI2: 1980623.1 | AJ2: 2116768.5 | AK2: 2472298.6 | AL2: 2707742.1 | AM2: 3751466.8 | AN2: 3800889.2 | AO2: 4263695.3 | AP2: 4129739.7 | AQ2: 4152144.2 | AR2: 4684061.6 | AS2: 5277999.9 | AT2: 5097352.8 | AU2: 4846213.3 | AV2: 4097886.2 | AW2: 3484873.1 | AX2: 4381389.3 | AY2: 5302416.1 | AZ2: 4965960.3 | BA2: 4139102.4 | BB2: 3445890.5 | BC2: 2711504.2 | BD2: 2866506.8 | BE2: 1747817.2 | BF2: 2424552.7 | BG2: 1740172.5 | BH2: 1935022.3 | BI2: 2033163.9 | BJ2: 2366424.2 | BK2: 2006253 | BL2: 1988528.9 | BM2: 2327082.3 | BN2: 2396978.7 | BO2: 2418693.7 | BP2: 2310661.4 | BQ2: 2262175.5 | BR2: 2396713.1 | BS2: 2540880.6 | BT2: 2555501.8 | BU2: 2592762.7 | BV2: 2636838.8
A3: Clupea pallasii | B3: Pacific herring | C3: Medium pelagics (30 - 89 cm) | D3: Herring-likes | E3: 131876.38 | F3: 152197.14 | G3: 155153.94 | H3: 140441.2 | I3: 108994.8 | J3: 125373.86 | K3: 139456.11 | L3: 264198.09 | M3: 294103.7 | N3: 202956.94 | O3: 138713.23 | P3: 186784.82 | Q3: 144019.96 | R3: 240507.28 | S3: 297692.17 | T3: 285615.39 | U3: 289777.47 | V3: 311187.59 | W3: 370515.56 | X3: 358806.58 | Y3: 281387.98 | Z3: 247950.48 | AA3: 244556.65 | AB3: 303656.7 | AC3: 273612.16 | AD3: 300616.41 | AE3: 197585.66 | AF3: 240336.07 | AG3: 72655.393 | AH3: 86524.57 | AI3: 97640.275 | AJ3: 105735.23 | AK3: 117550.58 | AL3: 160351.02 | AM3: 187759.45 | AN3: 227493.73 | AO3: 224291.41 | AP3: 267241.04 | AQ3: 238671.35 | AR3: 163505.5 | AS3: 173784.56 | AT3: 182635.22 | AU3: 190685.11 | AV3: 188982.12 | AW3: 144289.94 | AX3: 193467.9 | AY3: 284833.24 | AZ3: 459724.95 | BA3: 554402.1 | BB3: 500867.53 | BC3: 493814.11 | BD3: 394700.92 | BE3: 285854.43 | BF3: 279218.28 | BG3: 273618.11 | BH3: 276397.74 | BI3: 299068.05 | BJ3: 237348.36 | BK3: 245162.34 | BL3: 283681.68 | BM3: 342749 | BN3: 385202.65 | BO3: 439273.53 | BP3: 462396.62 | BQ3: 448038.39 | BR3: 455349.27 | BS3: 472266.2 | BT3: 486162.7 | BU3: 468891.2 | BV3: 473415.59
A4: Marine fishes not identified | B4: Marine fishes nei | C4: Medium demersals (30 - 89 cm) | D4: Other fishes & inverts | E4: 89617.251 | F4: 96136.886 | G4: 98035.888 | H4: 110523.37 | I4: 131572.26 | J4: 150243.33 | K4: 161615.74 | L4: 159031.91 | M4: 97974.501 | N4: 88449.959 | O4: 81176.831 | P4: 91426.649 | Q4: 86844.237 | R4: 119496.49 | S4: 93201.484 | T4: 120892.88 | U4: 80582.825 | V4: 88347.558 | W4: 80485.794 | X4: 102870.54 | Y4: 92185.025 | Z4: 129150.1 | AA4: 106651.57 | AB4: 130269.31 | AC4: 128075.05 | AD4: 126405.65 | AE4: 153136.16 | AF4: 150304.54 | AG4: 100865.51 | AH4: 141341.94 | AI4: 131952.86 | AJ4: 223345.09 | AK4: 224215.64 | AL4: 226670.39 | AM4: 282705.93 | AN4: 304639.97 | AO4: 356533.03 | AP4: 319968.05 | AQ4: 332529.25 | AR4: 242372.34 | AS4: 298963.12 | AT4: 168860.56 | AU4: 305302.24 | AV4: 220879.79 | AW4: 145953.94 | AX4: 160385.19 | AY4: 168665.54 | AZ4: 169716.52 | BA4: 180937.95 | BB4: 185908.67 | BC4: 232702.89 | BD4: 236362.53 | BE4: 161788.91 | BF4: 260772.98 | BG4: 266787.95 | BH4: 278362.34 | BI4: 251538.13 | BJ4: 255510.37 | BK4: 267033.94 | BL4: 305514.43 | BM4: 326471.98 | BN4: 338597.78 | BO4: 347432.59 | BP4: 325439.21 | BQ4: 451820.36 | BR4: 335040.21 | BS4: 390215.87 | BT4: 388214.29 | BU4: 390901.4 | BV4: 375147.65
A5: Oncorhynchus gorbuscha | B5: Pink salmon | C5: Medium demersals (30 - 89 cm) | D5: Salmon, smelts, etc | E5: 72492.227 | F5: 154210.02 | G5: 98691.166 | H5: 158736.66 | I5: 104337.33 | J5: 139140.51 | K5: 134833.14 | L5: 163908 | M5: 31812.707 | N5: 42078.458 | O5: 17892.484 | P5: 24706.424 | Q5: 14792.359 | R5: 36143.732 | S5: 12621.567 | T5: 34771.697 | U5: 16748.572 | V5: 36696.52 | W5: 13569.356 | X5: 46036.968 | Y5: 15430.392 | Z5: 44525.376 | AA5: 17721.533 | AB5: 46973.787 | AC5: 25035.536 | AD5: 62410.889 | AE5: 39413.932 | AF5: 75024.061 | AG5: 39312.366 | AH5: 70019.047 | AI5: 64291.065 | AJ5: 72191.122 | AK5: 52109.261 | AL5: 95978.993 | AM5: 71834.839 | AN5: 102658.56 | AO5: 73758.786 | AP5: 119274.61 | AQ5: 80499.112 | AR5: 169417.67 | AS5: 131881.04 | AT5: 235408.25 | AU5: 139033.77 | AV5: 216872.79 | AW5: 220300.45 | AX5: 263075.67 | AY5: 221564.7 | AZ5: 290079.5 | BA5: 268021.94 | BB5: 287448.7 | BC5: 256812.38 | BD5: 273387 | BE5: 218780.68 | BF5: 258578.43 | BG5: 204110.92 | BH5: 289268.42 | BI5: 271798.04 | BJ5: 317874.02 | BK5: 253875.44 | BL5: 399207.6 | BM5: 288082.12 | BN5: 490084.93 | BO5: 398079.94 | BP5: 371946.61 | BQ5: 277629.28 | BR5: 282087.54 | BS5: 332671.45 | BT5: 279452.44 | BU5: 458957.66 | BV5: 332892.38
A6: Sardinops sagax | B6: South American pilchard | C6: Medium pelagics (30 - 89 cm) | D6: Herring-likes | E6: 7749.186 | F6: 7749.186 | G6: 7749.186 | H6: 10689.726 | I6: 7608.605 | J6: 6527.879 | K6: 6375.646 | L6: 6545.857 | M6: 4189.261 | N6: 3641.546 | O6: 2357.248 | P6: 3866.905 | Q6: 3296.059 | R6: 1649.887 | S6: 443.607 | T6: 211.304 | U6: 361.51 | V6: 465.842 | W6: 691.048 | X6: 597.227 | Y6: 462.982 | Z6: 1689.838 | AA6: 1713.938 | AB6: 8988.539 | AC6: 10593.383 | AD6: 15874.648 | AE6: 32142.549 | AF6: 42874.223 | AG6: 151508 | AH6: 210081.11 | AI6: 220096.82 | AJ6: 293213.86 | AK6: 360974.31 | AL6: 371855.88 | AM6: 487664.17 | AN6: 460654.16 | AO6: 509016.27 | AP6: 492621.96 | AQ6: 515175.45 | AR6: 541802.39 | AS6: 544391.22 | AT6: 430599.22 | AU6: 151415.52 | AV6: 55686.767 | AW6: 38199.969 | AX6: 21924.995 | AY6: 16373.96 | AZ6: 10704.199 | BA6: 6689.694 | BB6: 13607.059 | BC6: 7555.156 | BD6: 7874.29 | BE6: 4315.97 | BF6: 3640.152 | BG6: 4232.418 | BH6: 3728.897 | BI6: 4957.039 | BJ6: 5520.264 | BK6: 4116.045 | BL6: 3967.253 | BM6: 4360.83 | BN6: 8014.15 | BO6: 6528.759 | BP6: 8494.8 | BQ6: 8422.153 | BR6: 11371.39 | BS6: 16527.349 | BT6: 23529.922 | BU6: 41385.312 | BV6: 81121.585
A7: Gadus macrocephalus | B7: Pacific cod | C7: Large demersals (>=90 cm) | D7: Cod-likes | E7: 13175.96 | F7: 15274.842 | G7: 11998.432 | H7: 10838.032 | I7: 15046.711 | J7: 15430.179 | K7: 19461.699 | L7: 23323.235 | M7: 20914.421 | N7: 25834.415 | O7: 41770.5 | P7: 52934.339 | Q7: 43322.908 | R7: 29888.528 | S7: 34981.323 | T7: 30923.832 | U7: 28923.127 | V7: 31704.327 | W7: 36780.474 | X7: 46763.86 | Y7: 37870.421 | Z7: 44905.879 | AA7: 35512.27 | AB7: 44412.553 | AC7: 39900.522 | AD7: 46324.744 | AE7: 34174.555 | AF7: 40135.145 | AG7: 39238.357 | AH7: 39453.82 | AI7: 49601.46 | AJ7: 63464.642 | AK7: 90440.826 | AL7: 100010.24 | AM7: 140906.35 | AN7: 184745.63 | AO7: 173641.12 | AP7: 179749.64 | AQ7: 154572.22 | AR7: 155199.31 | AS7: 146968.54 | AT7: 130654.15 | AU7: 168588.46 | AV7: 120472.71 | AW7: 101121.12 | AX7: 123352.37 | AY7: 125380.81 | AZ7: 111125.09 | BA7: 115844.33 | BB7: 116684.99 | BC7: 84547.012 | BD7: 79117.298 | BE7: 68526.864 | BF7: 65880.17 | BG7: 69508.592 | BH7: 66116.474 | BI7: 61683.726 | BJ7: 67950.822 | BK7: 91591.616 | BL7: 81219.351 | BM7: 109865.04 | BN7: 74110.304 | BO7: 78626.547 | BP7: 79542.699 | BQ7: 77291.252 | BR7: 80347.047 | BS7: 86852.089 | BT7: 94817.969 | BU7: 111365.19 | BV7: 128809.93
A8: Oncorhynchus | B8: Salmons, trouts | C8: Large benthopelagics (>=90 cm) | D8: Salmon, smelts, etc | E8: 89427.704 | F8: 99907.868 | G8: 110388.03 | H8: 119926.34 | I8: 132880.94 | J8: 149948.8 | K8: 159992.56 | L8: 160606.47 | M8: 23565.273 | N8: 22402.247 | O8: 20719.413 | P8: 19987.214 | Q8: 18014.191 | R8: 18786.986 | S8: 16002.944 | T8: 17743.053 | U8: 16355.897 | V8: 17578.055 | W8: 15125.953 | X8: 18562.318 | Y8: 17878.626 | Z8: 19599.049 | AA8: 18397.087 | AB8: 19780.165 | AC8: 19605.002 | AD8: 22486.336 | AE8: 20293.955 | AF8: 20548.387 | AG8: 18702.118 | AH8: 22424.281 | AI8: 23400.203 | AJ8: 25557.472 | AK8: 23190.221 | AL8: 28778.119 | AM8: 27206.221 | AN8: 32699.026 | AO8: 28322.979 | AP8: 32769.45 | AQ8: 24140.399 | AR8: 39181.201 | AS8: 38758.422 | AT8: 68554.79 | AU8: 41775.209 | AV8: 57366.651 | AW8: 61739.211 | AX8: 71342.209 | AY8: 64492.781 | AZ8: 79038.591 | BA8: 74103.033 | BB8: 74954.151 | BC8: 68430.848 | BD8: 75976.774 | BE8: 64622.166 | BF8: 81767.686 | BG8: 65858.488 | BH8: 87369.261 | BI8: 91305.081 | BJ8: 103919.08 | BK8: 86574.501 | BL8: 138828.95 | BM8: 101809.58 | BN8: 35948.525 | BO8: 35200.703 | BP8: 37104.802 | BQ8: 36538.516 | BR8: 35868.014 | BS8: 24539.306 | BT8: 25528.414 | BU8: 27279.916 | BV8: 27045.261
A9: Oncorhynchus keta | B9: Chum salmon | C9: Large benthopelagics (>=90 cm) | D9: Salmon, smelts, etc | E9: 36699.518 | F9: 49719.433 | G9: 26414.38 | H9: 20350.31 | I9: 32035.315 | J9: 40762.784 | K9: 48244.901 | L9: 22830.438 | M9: 18440.105 | N9: 27591.785 | O9: 27529.949 | P9: 23943.48 | Q9: 21408.217 | R9: 26911.592 | S9: 16523.199 | T9: 20418.846 | U9: 18872.954 | V9: 15781.171 | W9: 10154.124 | X9: 5330.941 | Y9: 9164.753 | Z9: 7928.039 | AA9: 4712.584 | AB9: 3599.542 | AC9: 5825.626 | AD9: 4892.526 | AE9: 6329.587 | AF9: 9212.985 | AG9: 10444.133 | AH9: 14477.056 | AI9: 10009.805 | AJ9: 9858.893 | AK9: 9429.933 | AL9: 15404.381 | AM9: 10389.057 | AN9: 18167.067 | AO9: 19637.872 | AP9: 17437.648 | AQ9: 24812.165 | AR9: 23287.499 | AS9: 35602.393 | AT9: 27246.019 | AU9: 33789.34 | AV9: 44857.019 | AW9: 54799.485 | AX9: 58240.115 | AY9: 51580.481 | AZ9: 44765.727 | BA9: 49769.895 | BB9: 48649.478 | BC9: 55358.633 | BD9: 51475.21 | BE9: 58259.37 | BF9: 50717.543 | BG9: 48498.95 | BH9: 51211.197 | BI9: 65666.334 | BJ9: 70970.427 | BK9: 82072.517 | BL9: 113737.09 | BM9: 107979.9 | BN9: 109297.89 | BO9: 135033.32 | BP9: 143573.54 | BQ9: 187513.77 | BR9: 173656.4 | BS9: 137568.04 | BT9: 142339.43 | BU9: 144358.31 | BV9: 143367.68
A10: Pleuronectiformes | B10: Flatfishes | C10: Small to medium flatfishes (<90 cm) | D10: Flatfishes | E10: 17091.826 | F10: 18032.144 | G10: 20979.857 | H10: 27983.752 | I10: 36731.689 | J10: 61009.692 | K10: 66877.411 | L10: 63658.428 | M10: 89936.871 | N10: 77452.243 | O10: 26503.147 | P10: 20379.134 | Q10: 7974.368 | R10: 18655.329 | S10: 9023.133 | T10: 25827.339 | U10: 17149.845 | V10: 638.323 | W10: 7325.015 | X10: 744.099 | Y10: 721.476 | Z10: 23897.261 | AA10: 23229.862 | AB10: 25245.247 | AC10: 3938.526 | AD10: 4958.883 | AE10: 5639.354 | AF10: 18055.041 | AG10: 37198.656 | AH10: 20463.209 | AI10: 24278.01 | AJ10: 25131.635 | AK10: 25985.954 | AL10: 29022.902 | AM10: 33065.6 | AN10: 55700.222 | AO10: 56986.831 | AP10: 55217.151 | AQ10: 60031.683 | AR10: 55539.601 | AS10: 52656.422 | AT10: 62425.975 | AU10: 56003.952 | AV10: 43043.022 | AW10: 25974.59 | AX10: 31888.791 | AY10: 39015.502 | AZ10: 42784.56 | BA10: 52372.013 | BB10: 62724.033 | BC10: 66007.987 | BD10: 61103.868 | BE10: 50972.219 | BF10: 52569.344 | BG10: 43295.197 | BH10: 55559.011 | BI10: 43182.197 | BJ10: 46305.819 | BK10: 39812.369 | BL10: 54809.059 | BM10: 47705.157 | BN10: 25018.187 | BO10: 47299.714 | BP10: 41216.13 | BQ10: 49218.213 | BR10: 50663.101 | BS10: 51879.17 | BT10: 50753.098 | BU10: 51044.276 | BV10: 52221.897
A11: Paralithodes camtschaticus | B11: Red king crab | C11: Lobsters, crabs | D11: Crustaceans | E11: 26842.523 | F11: 40989.491 | G11: 41593.694 | H11: 34538.171 | I11: 44053.879 | J11: 53375.559 | K11: 65761.769 | L11: 61414.715 | M11: 60223.209 | N11: 60281.366 | O11: 55271.025 | P11: 54943.371 | Q11: 60081.668 | R11: 59059.371 | S11: 56703.63 | T11: 66155.541 | U11: 61140.162 | V11: 63604.918 | W11: 60951.018 | X11: 53167.22 | Y11: 44969.747 | Z11: 31254.063 | AA11: 29527.721 | AB11: 24092.573 | AC11: 26199.427 | AD11: 14074.018 | AE11: 16466.728 | AF11: 12469.102 | AG11: 12599.495 | AH11: 12935.077 | AI11: 13385.966 | AJ11: 14654.258 | AK11: 16171.193 | AL11: 17588.084 | AM11: 22003.783 | AN11: 24062.829 | AO11: 28109.354 | AP11: 29840.431 | AQ11: 34114.96 | AR11: 32532.235 | AS11: 32878.99 | AT11: 31883.765 | AU11: 32038.058 | AV11: 28633.96 | AW11: 31289.502 | AX11: 54440.426 | AY11: 40107.139 | AZ11: 28081.95 | BA11: 40456.055 | BB11: 47615.138 | BC11: 42933.154 | BD11: 27745.978 | BE11: 20567.32 | BF11: 20771.767 | BG11: 14364.293 | BH11: 6954.215 | BI11: 7176.999 | BJ11: 16313.345 | BK11: 6124.544 | BL11: 6745.493 | BM11: 3640.972 | BN11: 2907.88 | BO11: 3757.514 | BP11: 12919.144 | BQ11: 12570.409 | BR11: 12335.658 | BS11: 15260.456 | BT11: 17368.025 | BU11: 19245.384 | BV11: 19858.342
A12: Pleurogrammus azonus | B12: Okhotsk atka mackerel | C12: Medium demersals (30 - 89 cm) | D12: Scorpionfishes | E12: 26527.397 | F12: 26527.397 | G12: 26527.397 | H12: 33754.609 | I12: 24905.046 | J12: 24749.763 | K12: 27035.325 | L12: 24514.985 | M12: 13621.745 | N12: 23890.444 | O12: 26712.276 | P12: 39579.517 | Q12: 27954.875 | R12: 33568.322 | S12: 44194.415 | T12: 25835.223 | U12: 24555.595 | V12: 20780.296 | W12: 21672.063 | X12: 24764.517 | Y12: 35150.375 | Z12: 36598.128 | AA12: 43583.369 | AB12: 32185.566 | AC12: 39191.187 | AD12: 34847.08 | AE12: 54613.55 | AF12: 54718.528 | AG12: 33964.194 | AH12: 31186.864 | AI12: 30372.567 | AJ12: 31771.811 | AK12: 28128.05 | AL12: 18147.213 | AM12: 20622.193 | AN12: 21132.902 | AO12: 23503.301 | AP12: 25169.877 | AQ12: 25835.882 | AR12: 27780.972 | AS12: 31261.731 | AT12: 30262.431 | AU12: 23620.417 | AV12: 29575.629 | AW12: 32872.037 | AX12: 37953.105 | AY12: 38690.645 | AZ12: 43830.519 | BA12: 49418.945 | BB12: 36127.326 | BC12: 34916.787 | BD12: 33793.777 | BE12: 32573.443 | BF12: 35113.059 | BG12: 36975.714 | BH12: 30086.598 | BI12: 25190.884 | BJ12: 29990.005 | BK12: 35383.833 | BL12: 25841.591 | BM12: 19213.458 | BN12: 15062.419 | BO12: 16039.492 | BP12: 12921.149 | BQ12: 8286.666 | BR12: 6049.211 | BS12: 5926.269 | BT12: 5792.444 | BU12: 8683.414 | BV12: 8662.835
... A152: Isurus oxyrinchus | B152: Shortfin mako | C152: Large sharks (>=90 cm) | D152: Sharks & rays | E152: 0 | F152: 0 | G152: 0 | H152: 0 | I152: 0 | J152: 0 | K152: 0 | L152: 0 | M152: 0 | N152: 0 | O152: 0 | P152: 0 | Q152: 0 | R152: 0 | S152: 0 | T152: 0 | U152: 0 | V152: 0 | W152: 0 | X152: 0 | Y152: 0 | Z152: 0 | AA152: 0 | AB152: 0 | AC152: 0 | AD152: 0 | AE152: 0 | AF152: 0 | AG152: 0 | AH152: 0 | AI152: 0 | AJ152: 0 | AK152: 0 | AL152: 0 | AM152: 0 | AN152: 0 | AO152: 0 | AP152: 0 | AQ152: 0 | AR152: 0 | AS152: 0 | AT152: 0 | AU152: 0 | AV152: 0 | AW152: 0 | AX152: 0 | AY152: 0 | AZ152: 0 | BA152: 0 | BB152: 0 | BC152: 0 | BD152: 0 | BE152: 0 | BF152: 0 | BG152: 0 | BH152: 0 | BI152: 0 | BJ152: 0 | BK152: 0 | BL152: 0 | BM152: 0 | BN152: 0 | BO152: 0 | BP152: 0 | BQ152: 0 | BR152: 0 | BS152: 0 | BT152: 0 | BU152: 0 | BV152: 0

Sheet Taxon-Group Map
A1: Which Ecopath group each catch taxon belongs to, and on what evidence.
A2: Several groups separated by | means the taxon spans them and its catch is apportioned; the weights used are in the next two columns.
A4: taxon | B4: common_name | C4: SAU functional group | D4: SAU commercial group | E4: Ecopath group | F4: weights | G4: weight basis | H4: confidence | I4: evidence | J4: catch tonnes | K4: % of catch | L4: explanation
A5: Gadus chalcogrammus | B5: Alaska pollock | C5: Medium benthopelagics (30 - 89 cm) | D5: Cod-likes | E5: Walleye pollock | Juv. pollock | F5: 0.539 | 0.461 | G5: model_biomass | H5: medium | I5: composite_split | J5: 1.4613201e+08 | K5: 60.3008 | L5: Walleye pollock and juvenile pollock are the same taxon at different life stages in Table 1. Catch has no age split and model catch is zero throughout; use model biomass.
A6: Clupea pallasii | B6: Pacific herring | C6: Medium pelagics (30 - 89 cm) | D6: Herring-likes | E6: Pacific herring | H6: high | I6: taxonomic_containment | J6: 18753776 | K6: 7.7387 | L6: Chaikina 2020 Table 1 names Pacific herring; the catch taxon Clupea pallasii is within that taxonomic compartment (WoRMS taxonomy checked).
A7: Marine fishes not identified | B7: Marine fishes nei | C7: Medium demersals (30 - 89 cm) | D7: Other fishes & inverts | E7: Other bottom fishes | Other Gadidae | Cottidae | Pleuronectidae | F7: 0.380 | 0.474 | 0.000 | 0.146 | G7: catch_composition | H7: medium | I7: composite_split | J7: 14223073 | K7: 5.8691 | L7: SAU identifies medium demersal fish; these are the model's broad bottom-fish compartments. Named single-species pelagic stocks and mammal/invertebrate groups are excluded.
A8: Oncorhynchus gorbuscha | B8: Pink salmon | C8: Medium demersals (30 - 89 cm) | D8: Salmon, smelts, etc | E8: Salmon | H8: high | I8: taxonomic_containment | J8: 11221365 | K8: 4.6304 | L8: Pacific salmon catch within the Salmon compartment in Chaikina 2020 Table 1; no size/stage split is supplied.
A9: Sardinops sagax | B9: South American pilchard | C9: Medium pelagics (30 - 89 cm) | D9: Herring-likes | E9: Pacific Sardine | H9: medium | I9: analogue | J9: 6361027.5 | K9: 2.6249 | L9: Regional sardine-name crosswalk inferred: the paper labels Pacific Sardine without a binomial; catch uses Sardinops sagax (WoRMS accepted). Source identity cannot be proved as a species synonym from the common name alone.
A10: Gadus macrocephalus | B10: Pacific cod | C10: Large demersals (>=90 cm) | D10: Cod-likes | E10: Other Gadidae | H10: high | I10: taxonomic_containment | J10: 5161513.4 | K10: 2.1299 | L10: Chaikina 2020 Table 1 names Other Gadidae; the catch taxon Gadus macrocephalus is within that taxonomic compartment (WoRMS taxonomy checked).
A11: Oncorhynchus | B11: Salmons, trouts | C11: Large benthopelagics (>=90 cm) | D11: Salmon, smelts, etc | E11: Salmon | H11: high | I11: taxonomic_containment | J11: 3616523.5 | K11: 1.4923 | L11: Pacific salmon catch within the Salmon compartment in Chaikina 2020 Table 1; no size/stage split is supplied.
A12: Oncorhynchus keta | B12: Chum salmon | C12: Large benthopelagics (>=90 cm) | D12: Salmon, smelts, etc | E12: Salmon | H12: high | I12: taxonomic_containment | J12: 3266940.1 | K12: 1.3481 | L12: Pacific salmon catch within the Salmon compartment in Chaikina 2020 Table 1; no size/stage split is supplied.
A13: Pleuronectiformes | B13: Flatfishes | C13: Small to medium flatfishes (<90 cm) | D13: Flatfishes | E13: Pleuronectidae | Other bottom fishes | F13: 0.278 | 0.722 | G13: catch_composition | H13: medium | I13: composite_split | J13: 2647805.6 | K13: 1.0926 | L13: The order includes righteye flounders in the named family and other bottom-dwelling flatfishes in the residual bottom-fish pool; no evidence restricts all order-level catch to Pleuronectidae.
A14: Paralithodes camtschaticus | B14: Red king crab | C14: Lobsters, crabs | D14: Crustaceans | E14: Crabs and shrimps | H14: high | I14: taxonomic_containment | J14: 2194189.2 | K14: 0.9054 | L14: Chaikina 2020 Table 1 names Crabs and shrimps; the catch taxon Paralithodes camtschaticus is within that taxonomic compartment (WoRMS taxonomy checked).
A15: Pleurogrammus azonus | B15: Okhotsk atka mackerel | C15: Medium demersals (30 - 89 cm) | D15: Scorpionfishes | E15: Other bottom fishes | H15: medium | I15: habitat_size_guild | J15: 1970290.6 | K15: 0.813 | L15: Hexagrammidae, a cold-water demersal shelf fish with no dedicated group; placed in the model's residual demersal 'Other bottom fishes' group on habitat and trophic-level grounds. Reviewed against Chaikina 2020 Table 1; species membership is not tabulated.
A16: Scomber | B16: Chub mackerels | C16: Medium pelagics (30 - 89 cm) | D16: Perch-likes | E16: Unresolved | H16: unresolved | I16: none | J16: 1716358.1 | K16: 0.7082 | L16: Scombridae (mackerel genus), an epipelagic small pelagic; the Okhotsk model has no pelagic/mackerel group, only demersal/mesopelagic/benthic residual categories, so no defensible group exists. Reviewed: no documented compatible group for this catch label.
A17: Teuthida | B17: Squids | C17: Cephalopods | D17: Other fishes & inverts | E17: Squids | H17: high | I17: taxonomic_containment | J17: 1601595.2 | K17: 0.6609 | L17: Chaikina 2020 Table 1 names Squids; the catch taxon Teuthida is within that taxonomic compartment (WoRMS taxonomy checked).
A18: Eleginus gracilis | B18: Saffron cod | C18: Medium demersals (30 - 89 cm) | D18: Cod-likes | E18: Other Gadidae | H18: high | I18: taxonomic_containment | J18: 1420067.3 | K18: 0.586 | L18: Chaikina 2020 Table 1 names Other Gadidae; the catch taxon Eleginus gracilis is within that taxonomic compartment (WoRMS taxonomy checked).
A19: Ammodytes personatus | B19: Pacific sandlance | C19: Small demersals (<30 cm) | D19: Perch-likes | E19: Ammodytidae | H19: high | I19: taxonomic_containment | J19: 1413151.6 | K19: 0.5831 | L19: Chaikina 2020 Table 1 names Ammodytidae; the catch taxon Ammodytes personatus is within that taxonomic compartment (WoRMS taxonomy checked).
A20: Todarodes pacificus | B20: Japanese flying squid | C20: Cephalopods | D20: Other fishes & inverts | E20: Squids | H20: high | I20: taxonomic_containment | J20: 1397772.7 | K20: 0.5768 | L20: Chaikina 2020 Table 1 names Squids; the catch taxon Todarodes pacificus is within that taxonomic compartment (WoRMS taxonomy checked).
A21: Mollusca | B21: Clams, seasnails, squids, octopuses | C21: Other demersal invertebrates | D21: Molluscs | E21: 2nd level benthos | Carnivorous invertebrates | Squids | F21: 0.291 | 0.080 | 0.629 | G21: catch_composition | H21: low | I21: composite_split | J21: 1330721.2 | K21: 0.5491 | L21: Molluscs span basal benthic bivalves/grazers, predatory benthic molluscs and the named squid group; model species lists are absent, so this coarse allocation remains provisional.
A22: Cololabis saira | B22: Pacific saury | C22: Medium pelagics (30 - 89 cm) | D22: Other fishes & inverts | E22: Unresolved | H22: unresolved | I22: none | J22: 1247074 | K22: 0.5146 | L22: Scomberesocidae (Pacific saury), a small epipelagic fish; the Okhotsk model has no pelagic-fish group to place it in. Reviewed: no documented compatible group for this catch label.
A23: Pleurogrammus monopterygius | B23: Atka mackerel | C23: Medium demersals (30 - 89 cm) | D23: Scorpionfishes | E23: Other bottom fishes | H23: medium | I23: habitat_size_guild | J23: 1245166.9 | K23: 0.5138 | L23: Hexagrammidae, same family as Pleurogrammus azonus above; placed in the residual demersal 'Other bottom fishes' group on habitat/trophic grounds. Reviewed against Chaikina 2020 Table 1; species membership is not tabulated.
A24: Oncorhynchus nerka | B24: Sockeye salmon | C24: Medium pelagics (30 - 89 cm) | D24: Salmon, smelts, etc | E24: Salmon | H24: high | I24: taxonomic_containment | J24: 1182462.3 | K24: 0.4879 | L24: Pacific salmon catch within the Salmon compartment in Chaikina 2020 Table 1; no size/stage split is supplied.
A25: Pleuronectidae | B25: Righteye flounders | C25: Small to medium flatfishes (<90 cm) | D25: Flatfishes | E25: Pleuronectidae | H25: high | I25: taxonomic_containment | J25: 1084818.7 | K25: 0.4476 | L25: Chaikina 2020 Table 1 names Pleuronectidae; the catch taxon Pleuronectidae is within that taxonomic compartment (WoRMS taxonomy checked).
A26: Mallotus villosus | B26: Capelin | C26: Small pelagics (<30 cm) | D26: Salmon, smelts, etc | E26: Capelin | H26: high | I26: taxonomic_containment | J26: 1077371.3 | K26: 0.4446 | L26: Chaikina 2020 Table 1 names Capelin; the catch taxon Mallotus villosus is within that taxonomic compartment (WoRMS taxonomy checked).
A27: Miscellaneous marine crustaceans | B27: Marine crabs, shrimps, lobsters nei | C27: Shrimps | D27: Crustaceans | E27: Crabs and shrimps | H27: high | I27: taxonomic_containment | J27: 935887.17 | K27: 0.3862 | L27: Chaikina 2020 Table 1 names Crabs and shrimps; the catch taxon Miscellaneous marine crustaceans is within that taxonomic compartment (WoRMS taxonomy checked).
A28: Scomber japonicus | B28: Pacific chub mackerel | C28: Medium pelagics (30 - 89 cm) | D28: Perch-likes | E28: Unresolved | H28: unresolved | I28: none | J28: 883031.14 | K28: 0.3644 | L28: Scombridae (chub mackerel), epipelagic; same limitation as genus Scomber -- no pelagic-fish group in the Okhotsk model. Reviewed: no documented compatible group for this catch label.
A29: Pectinidae | B29: Scallops | C29: Other demersal invertebrates | D29: Molluscs | E29: 2nd level benthos | H29: medium | I29: habitat_size_guild | J29: 730793.02 | K29: 0.3016 | L29: Analyst inference: Pectinidae is a benthic suspension/deposit feeder or grazer, consistent with Chaikina 2020 Table 1 second-level benthos and its basal diet in Table 3; no species member list is supplied.
A30: Moridae | B30: Codlings, moras | C30: Medium benthopelagics (30 - 89 cm) | D30: Cod-likes | E30: Other bottom fishes | H30: medium | I30: habitat_size_guild | J30: 641456.82 | K30: 0.2647 | L30: Morids are demersal cod-like fishes outside Gadidae; use the residual bottom-fish group, not Other Gadidae.
A31: Engraulis japonicus | B31: Japanese anchovy | C31: Small pelagics (<30 cm) | D31: Anchovies | E31: Unresolved | H31: unresolved | I31: none | J31: 546075.04 | K31: 0.2253 | L31: Engraulidae (Japanese anchovy), small epipelagic; no anchovy or generic pelagic-fish group exists in the Okhotsk model. Reviewed: no documented compatible group for this catch label.
A32: Laemonema longipes | B32: Longfin codling | C32: Medium benthopelagics (30 - 89 cm) | D32: Cod-likes | E32: Other bottom fishes | H32: medium | I32: habitat_size_guild | J32: 535524.24 | K32: 0.221 | L32: Laemonema longipes is a demersal morid; the model has a residual bottom-fish group and no separate Moridae.
A33: Chionoecetes | B33: Tanner, snow crabs | C33: Lobsters, crabs | D33: Crustaceans | E33: Crabs and shrimps | H33: high | I33: taxonomic_containment | J33: 513134.3 | K33: 0.2117 | L33: Chaikina 2020 Table 1 names Crabs and shrimps; the catch taxon Chionoecetes is within that taxonomic compartment (WoRMS taxonomy checked).
... A50: Pandalus borealis | B50: Northern prawn | C50: Shrimps | D50: Crustaceans | E50: Crabs and shrimps | H50: high | I50: taxonomic_containment | J50: 178082.58 | K50: 0.0735 | L50: Chaikina 2020 Table 1 names Crabs and shrimps; the catch taxon Pandalus borealis is within that taxonomic compartment (WoRMS taxonomy checked).
A51: Cephalopoda | B51: Squids, cuttlefishes, octopuses | C51: Cephalopods | D51: Other fishes & inverts | E51: Squids | Carnivorous invertebrates | F51: 0.887 | 0.113 | G51: catch_composition | H51: low | I51: composite_split | J51: 165448.29 | K51: 0.0683 | L51: Cephalopods include the named squids and benthic octopods provisionally assigned to the carnivorous-invertebrate pool; source has no octopod list.
A52: Trachurus japonicus | B52: Japanese jack mackerel | C52: Medium demersals (30 - 89 cm) | D52: Perch-likes | E52: Unresolved | H52: unresolved | I52: none | J52: 160436.36 | K52: 0.0662 | L52: Japanese jack mackerel, family Carangidae, epipelagic; no pelagic-fish group in the Okhotsk model. Reviewed: no documented compatible group for this catch label.
A53: Mizuhopecten yessoensis | B53: Yesso scallop | C53: Other demersal invertebrates | D53: Molluscs | E53: 2nd level benthos | H53: medium | I53: habitat_size_guild | J53: 146408.23 | K53: 0.0604 | L53: Analyst inference: Mizuhopecten yessoensis is a benthic suspension/deposit feeder or grazer, consistent with Chaikina 2020 Table 1 second-level benthos and its basal diet in Table 3; no species member list is supplied.
A54: Octopodidae | B54: Octopuses | C54: Cephalopods | D54: Other fishes & inverts | E54: Carnivorous invertebrates | H54: low | I54: analogue | J54: 145261.18 | K54: 0.0599 | L54: Octopods are benthic carnivorous invertebrates; placement is an ecological analogue because the source does not name their species.
A55: Sciaenidae | B55: Drums, croakers | C55: Medium demersals (30 - 89 cm) | D55: Perch-likes | E55: Unresolved | H55: unresolved | I55: none | J55: 115312.67 | K55: 0.0476 | L55: Drums/croakers, a warm-temperate demersal family; no matching group in the Okhotsk model. Reviewed: no documented compatible group for this catch label.
A56: Carangidae | B56: Jacks, pompanos | C56: Medium pelagics (30 - 89 cm) | D56: Perch-likes | E56: Unresolved | H56: unresolved | I56: none | J56: 113522.54 | K56: 0.0468 | L56: Jacks/pompanos, epipelagic; no pelagic-fish group in the Okhotsk model. Reviewed: no documented compatible group for this catch label.
A57: Sebastes | B57: Redfishes | C57: Large reef assoc. fish (>=90 cm) | D57: Scorpionfishes | E57: Other bottom fishes | H57: medium | I57: habitat_size_guild | J57: 97536.089 | K57: 0.0402 | L57: Rockfish genus (Sebastidae); same reasoning as Sebastidae -- placed in residual 'Other bottom fishes'. Reviewed against Chaikina 2020 Table 1; species membership is not tabulated.
A58: Echinoidea | B58: Sea urchins, sea hedgehogs | C58: Other demersal invertebrates | D58: Other fishes & inverts | E58: 2nd level benthos | H58: medium | I58: habitat_size_guild | J58: 94820.673 | K58: 0.0391 | L58: Analyst inference: Echinoidea is a benthic suspension/deposit feeder or grazer, consistent with Chaikina 2020 Table 1 second-level benthos and its basal diet in Table 3; no species member list is supplied.
A59: Seriola lalandi | B59: Yellowtail amberjack | C59: Large benthopelagics (>=90 cm) | D59: Perch-likes | E59: Unresolved | H59: unresolved | I59: none | J59: 87092.753 | K59: 0.0359 | L59: Yellowtail amberjack, Carangidae, warm-water epipelagic; no matching group. Reviewed: no documented compatible group for this catch label.
A60: Mugil cephalus | B60: Flathead grey mullet | C60: Large benthopelagics (>=90 cm) | D60: Perch-likes | E60: Unresolved | H60: unresolved | I60: none | J60: 85819.282 | K60: 0.0354 | L60: Flathead grey mullet, Mugilidae, warm coastal species; no matching group in the Okhotsk model. Reviewed: no documented compatible group for this catch label.
A61: Chondrichthyes | B61: Sharks, rays, chimaeras | C61: Large sharks (>=90 cm) | D61: Sharks & rays | E61: Unresolved | H61: unresolved | I61: none | J61: 84064.859 | K61: 0.0347 | L61: Sharks/rays/chimaeras class-wide; the Okhotsk model has no elasmobranch group. Reviewed: no documented compatible group for this catch label.
A62: Scombridae | B62: Mackerels, tunas, bonitos | C62: Medium pelagics (30 - 89 cm) | D62: Perch-likes | E62: Unresolved | H62: unresolved | I62: none | J62: 81111.298 | K62: 0.0335 | L62: Mackerels/tunas/bonitos family, epipelagic; no pelagic-fish group in the Okhotsk model. Reviewed: no documented compatible group for this catch label.
A63: Sebastes alutus | B63: Pacific ocean perch | C63: Medium demersals (30 - 89 cm) | D63: Scorpionfishes | E63: Other bottom fishes | H63: medium | I63: habitat_size_guild | J63: 78933.788 | K63: 0.0326 | L63: Pacific ocean perch, Sebastidae, a North Pacific benthopelagic rockfish; placed in residual 'Other bottom fishes'. Reviewed against Chaikina 2020 Table 1; species membership is not tabulated.
... A73: Hippoglossoides elassodon | B73: Flathead sole | C73: Small to medium flatfishes (<90 cm) | D73: Flatfishes | E73: Pleuronectidae | H73: high | I73: taxonomic_containment | J73: 38210.958 | K73: 0.0158 | L73: Chaikina 2020 Table 1 names Pleuronectidae; the catch taxon Hippoglossoides elassodon is within that taxonomic compartment (WoRMS taxonomy checked).
A74: Gadidae | B74: Cods, haddocks | C74: Medium demersals (30 - 89 cm) | D74: Cod-likes | E74: Walleye pollock | Juv. pollock | Other Gadidae | F74: 0.505 | 0.433 | 0.062 | G74: model_biomass | H74: medium | I74: composite_split | J74: 37945.049 | K74: 0.0157 | L74: Gadidae includes pollock and the residual gadids. The source splits pollock by stage; model biomass supplies the stage-inclusive allocation because all recorded model catches are zero.
A75: Gastropoda | B75: Sea snails | C75: Other demersal invertebrates | D75: Molluscs | E75: 2nd level benthos | Carnivorous invertebrates | F75: 0.784 | 0.216 | G75: catch_composition | H75: low | I75: composite_split | J75: 36062.372 | K75: 0.0149 | L75: Gastropods include benthic grazers and carnivores; the two benthos guilds span those diets, without a species composition in the catch.
A76: Berryteuthis magister | B76: Schoolmaster gonate squid | C76: Cephalopods | D76: Other fishes & inverts | E76: Squids | H76: high | I76: taxonomic_containment | J76: 32710.65 | K76: 0.0135 | L76: Chaikina 2020 Table 1 names Squids; the catch taxon Berryteuthis magister is within that taxonomic compartment (WoRMS taxonomy checked).
A77: Lutjanidae | B77: Snappers | C77: Medium reef assoc. fish (30 - 89 cm) | D77: Perch-likes | E77: Unresolved | H77: unresolved | I77: none | J77: 29831.411 | K77: 0.0123 | L77: Snappers, a tropical reef-associated family; no matching group in the Okhotsk model. Reviewed: no documented compatible group for this catch label.
A78: Clupeidae | B78: Herrings, sardines, menhadens | C78: Small pelagics (<30 cm) | D78: Herring-likes | E78: Unresolved | H78: unresolved | I78: none | J78: 27777.798 | K78: 0.0115 | L78: Family spans both the model's 'Pacific herring' and 'Pacific Sardine' species-specific groups; an unidentified clupeid cannot be assigned to one without guessing. Reviewed: no documented compatible group for this catch label.
A79: Holothuroidea | B79: Sea cucumbers | C79: Other demersal invertebrates | D79: Other fishes & inverts | E79: 2nd level benthos | H79: medium | I79: habitat_size_guild | J79: 27769.803 | K79: 0.0115 | L79: Analyst inference: Holothuroidea is a benthic suspension/deposit feeder or grazer, consistent with Chaikina 2020 Table 1 second-level benthos and its basal diet in Table 3; no species member list is supplied.
A80: Dendrobranchiata | B80: Shrimps and prawns | C80: Shrimps | D80: Crustaceans | E80: Crabs and shrimps | H80: high | I80: taxonomic_containment | J80: 26930.721 | K80: 0.0111 | L80: Chaikina 2020 Table 1 names Crabs and shrimps; the catch taxon Dendrobranchiata is within that taxonomic compartment (WoRMS taxonomy checked).
A81: Pandalus | B81: Seabed shrimps | C81: Shrimps | D81: Crustaceans | E81: Crabs and shrimps | H81: high | I81: taxonomic_containment | J81: 21986.6 | K81: 0.0091 | L81: Chaikina 2020 Table 1 names Crabs and shrimps; the catch taxon Pandalus is within that taxonomic compartment (WoRMS taxonomy checked).
A82: Tetraodontidae | B82: Puffers, tobies | C82: Large reef assoc. fish (>=90 cm) | D82: Other fishes & inverts | E82: Unresolved | H82: unresolved | I82: none | J82: 21764.075 | K82: 0.009 | L82: Puffers, a warm-water reef-associated family; no matching group. Reviewed: no documented compatible group for this catch label.
A83: Muraenesox cinereus | B83: Daggertooth pike conger | C83: Large demersals (>=90 cm) | D83: Other fishes & inverts | E83: Unresolved | H83: unresolved | I83: none | J83: 21403.087 | K83: 0.0088 | L83: Daggertooth pike conger, Muraenesocidae, warm-temperate/tropical; no matching group. Reviewed: no documented compatible group for this catch label.
A84: Paralichthys olivaceus | B84: Bastard halibut | C84: Large flatfishes (>=90 cm) | D84: Flatfishes | E84: Other bottom fishes | H84: medium | I84: habitat_size_guild | J84: 21142.497 | K84: 0.0087 | L84: Paralichthys is a bottom-dwelling paralichthyid, outside the named Pleuronectidae; residual bottom-fish placement follows taxonomy and habitat.
A85: Salvelinus malma | B85: Dolly varden | C85: Large benthopelagics (>=90 cm) | D85: Salmon, smelts, etc | E85: Unresolved | H85: unresolved | I85: none | J85: 20766.736 | K85: 0.0086 | L85: The source names Salmon but does not document char or whitefish membership; their potentially anadromous/freshwater component cannot be assigned to Pacific salmon without evidence. Reviewed: no documented compatible group for this catch label.
A86: Mactridae | B86: Mactra surf clams | C86: Other demersal invertebrates | D86: Molluscs | E86: 2nd level benthos | H86: medium | I86: habitat_size_guild | J86: 20332.194 | K86: 0.0084 | L86: Analyst inference: Mactridae is a benthic suspension/deposit feeder or grazer, consistent with Chaikina 2020 Table 1 second-level benthos and its basal diet in Table 3; no species member list is supplied.
A87: Cyprinidae | B87: Carps, barbels, other cyprinids | C87: Medium demersals (30 - 89 cm) | D87: Other fishes & inverts | E87: Unresolved | H87: unresolved | I87: none | J87: 19289.495 | K87: 0.008 | L87: Carps are freshwater fish (Cypriniformes); no freshwater-fish group exists in this marine Ecopath model. Reviewed: no documented compatible group for this catch label.
A88: Paralithodes | B88: North Pacific king crabs | C88: Lobsters, crabs | D88: Crustaceans | E88: Crabs and shrimps | H88: high | I88: taxonomic_containment | J88: 17042.087 | K88: 0.007 | L88: Chaikina 2020 Table 1 names Crabs and shrimps; the catch taxon Paralithodes is within that taxonomic compartment (WoRMS taxonomy checked).
A89: Scorpaeniformes | B89: Scorpionfishes, flatheads | C89: Medium demersals (30 - 89 cm) | D89: Scorpionfishes | E89: Cottidae | Other bottom fishes | F89: 0.000 | 1.000 | G89: catch_composition | H89: medium | I89: composite_split | J89: 15485.573 | K89: 0.0064 | L89: This broad order includes the named sculpins and other bottom fishes; exclude pelagic single-species groups.
A90: Pandalus goniurus | B90: Humpy shrimp | C90: Shrimps | D90: Crustaceans | E90: Crabs and shrimps | H90: high | I90: taxonomic_containment | J90: 15375.262 | K90: 0.0063 | L90: Chaikina 2020 Table 1 names Crabs and shrimps; the catch taxon Pandalus goniurus is within that taxonomic compartment (WoRMS taxonomy checked).
A91: Clupeiformes | B91: Herrings, shads, anchovies | C91: Small pelagics (<30 cm) | D91: Other fishes & inverts | E91: Unresolved | H91: unresolved | I91: none | J91: 15329.051 | K91: 0.0063 | L91: Order spans the model's separate 'Pacific herring' and 'Pacific Sardine' groups plus anchovies (no group); cannot be resolved to one group. Reviewed: no documented compatible group for this catch label.
A92: Thunnus orientalis | B92: Pacific bluefin tuna | C92: Large pelagics (>=90 cm) | D92: Tuna & billfishes | E92: Unresolved | H92: unresolved | I92: none | J92: 14163.266 | K92: 0.0058 | L92: Pacific bluefin tuna, oceanic; no tuna/pelagic group in the Okhotsk model. Reviewed: no documented compatible group for this catch label.
A93: Chionoecetes japonicus | B93: Red snow crab | C93: Lobsters, crabs | D93: Crustaceans | E93: Crabs and shrimps | H93: high | I93: taxonomic_containment | J93: 10728.234 | K93: 0.0044 | L93: Chaikina 2020 Table 1 names Crabs and shrimps; the catch taxon Chionoecetes japonicus is within that taxonomic compartment (WoRMS taxonomy checked).
A94: Ommastrephidae | B94: Arrow squids | C94: Cephalopods | D94: Other fishes & inverts | E94: Squids | H94: high | I94: taxonomic_containment | J94: 10608.624 | K94: 0.0044 | L94: Chaikina 2020 Table 1 names Squids; the catch taxon Ommastrephidae is within that taxonomic compartment (WoRMS taxonomy checked).
A95: Sebastolobus alascanus | B95: Shortspine thornyhead | C95: Medium bathydemersals (30 - 89 cm) | D95: Scorpionfishes | E95: Other bottom fishes | H95: medium | I95: habitat_size_guild | J95: 10295.909 | K95: 0.0042 | L95: Shortspine thornyhead, a bathydemersal scorpaenid; placed in the residual 'Other bottom fishes' group on habitat/trophic grounds. Reviewed against Chaikina 2020 Table 1; species membership is not tabulated.
A96: Octopus | B96: Octopuses, pikas | C96: Cephalopods | D96: Other fishes & inverts | E96: Carnivorous invertebrates | H96: low | I96: analogue | J96: 9517.895 | K96: 0.0039 | L96: Octopods are benthic carnivorous invertebrates; placement is an ecological analogue because the source does not name their species.
A97: Pandalus hypsinotus | B97: Coonstriped shrimp | C97: Shrimps | D97: Crustaceans | E97: Crabs and shrimps | H97: high | I97: taxonomic_containment | J97: 9106.644 | K97: 0.0038 | L97: Chaikina 2020 Table 1 names Crabs and shrimps; the catch taxon Pandalus hypsinotus is within that taxonomic compartment (WoRMS taxonomy checked).
A98: Squillidae | B98: Squilla mantis shrimps | C98: Shrimps | D98: Crustaceans | E98: Carnivorous invertebrates | H98: medium | I98: habitat_size_guild | J98: 7636.511 | K98: 0.0032 | L98: Mantis shrimps are predatory stomatopods, distinct from decapod crabs and shrimps; they fit the carnivorous-invertebrate guild.
A99: Elasmobranchii | B99: Sharks, rays, skates | C99: Large sharks (>=90 cm) | D99: Sharks & rays | E99: Unresolved | H99: unresolved | I99: none | J99: 7581.252 | K99: 0.0031 | L99: Sharks and rays; the Okhotsk model has no elasmobranch group. Reviewed: no documented compatible group for this catch label.
A100: Trachurus | B100: Jacks, horse mackerels | C100: Medium pelagics (30 - 89 cm) | D100: Perch-likes | E100: Unresolved | H100: unresolved | I100: none | J100: 7260.354 | K100: 0.003 | L100: Jack/horse mackerel genus, Carangidae, epipelagic; no matching group. Reviewed: no documented compatible group for this catch label.
A101: Haliotidae | B101: Abalones, ear shells | C101: Other demersal invertebrates | D101: Molluscs | E101: 2nd level benthos | H101: medium | I101: habitat_size_guild | J101: 6619.166 | K101: 0.0027 | L101: Analyst inference: Haliotidae is a benthic suspension/deposit feeder or grazer, consistent with Chaikina 2020 Table 1 second-level benthos and its basal diet in Table 3; no species member list is supplied.
A102: Corbicula japonica | B102: Japanese corbicula | C102: Other demersal invertebrates | D102: Molluscs | E102: 2nd level benthos | H102: medium | I102: habitat_size_guild | J102: 5637.236 | K102: 0.0023 | L102: Analyst inference: Corbicula japonica is a benthic suspension/deposit feeder or grazer, consistent with Chaikina 2020 Table 1 second-level benthos and its basal diet in Table 3; no species member list is supplied.
A103: Gadiformes | B103: Cods | C103: Medium benthopelagics (30 - 89 cm) | D103: Cod-likes | E103: Walleye pollock | Juv. pollock | Other Gadidae | Other bottom fishes | F103: 0.457 | 0.391 | 0.057 | 0.095 | G103: model_biomass | H103: low | I103: composite_split | J103: 5635.112 | K103: 0.0023 | L103: Gadiformes includes pollock stages, residual gadids and demersal morids/macrourids in the bottom-fish residual; broad order-level allocation.
A104: Lycodes | B104: Eelpouts | C104: Medium bathydemersals (30 - 89 cm) | D104: Perch-likes | E104: Other bottom fishes | H104: medium | I104: habitat_size_guild | J104: 3135.817 | K104: 0.0013 | L104: Eelpout genus (Zoarcidae), a bathydemersal generalist predator with no dedicated group; placed in residual 'Other bottom fishes'. Reviewed against Chaikina 2020 Table 1; species membership is not tabulated.
A105: Actinopterygii | B105: Ray-finned fishes | C105: Medium demersals (30 - 89 cm) | D105: Other fishes & inverts | E105: Other bottom fishes | Other Gadidae | Cottidae | Pleuronectidae | F105: 0.380 | 0.474 | 0.000 | 0.146 | G105: catch_composition | H105: low | I105: composite_split | J105: 2973.471 | K105: 0.0012 | L105: Very broad ray-finned-fish label centred on the SAU demersal class; use only broad bottom-fish compartments and exclude named single stocks.
A106: Miscellaneous aquatic invertebrates | B106: Aquatic invertebrates | C106: Other demersal invertebrates | D106: Other fishes & inverts | E106: 2nd level benthos | Carnivorous invertebrates | F106: 0.784 | 0.216 | G106: catch_composition | H106: low | I106: composite_split | J106: 2838.35 | K106: 0.0012 | L106: SAU places this unspecified invertebrate catch on the bottom; it may span basal and carnivorous benthos, with no documented composition.
A107: Erimacrus isenbeckii | B107: Hair Crab | C107: Lobsters, crabs | D107: Crustaceans | E107: Crabs and shrimps | H107: high | I107: taxonomic_containment | J107: 2478.101 | K107: 0.001 | L107: Chaikina 2020 Table 1 names Crabs and shrimps; the catch taxon Erimacrus isenbeckii is within that taxonomic compartment (WoRMS taxonomy checked).
A108: Mytilidae | B108: Sea mussels | C108: Other demersal invertebrates | D108: Molluscs | E108: 2nd level benthos | H108: medium | I108: habitat_size_guild | J108: 2356.585 | K108: 0.001 | L108: Analyst inference: Mytilidae is a benthic suspension/deposit feeder or grazer, consistent with Chaikina 2020 Table 1 second-level benthos and its basal diet in Table 3; no species member list is supplied.
A109: Penaeus chinensis | B109: Fleshy prawn | C109: Shrimps | D109: Crustaceans | E109: Crabs and shrimps | H109: high | I109: taxonomic_containment | J109: 2182.088 | K109: 0.0009 | L109: Chaikina 2020 Table 1 names Crabs and shrimps; the catch taxon Penaeus chinensis is within that taxonomic compartment (WoRMS taxonomy checked).
A110: Congridae | B110: Conger, garden eels | C110: Large demersals (>=90 cm) | D110: Other fishes & inverts | E110: Unresolved | H110: unresolved | I110: none | J110: 2037.747 | K110: 0.0008 | L110: Conger/garden eel family, warm-temperate/tropical; no matching group. Reviewed: no documented compatible group for this catch label.
A111: Serranidae | B111: Basses, groupers, hinds | C111: Medium reef assoc. fish (30 - 89 cm) | D111: Perch-likes | E111: Unresolved | H111: unresolved | I111: none | J111: 2017.182 | K111: 0.0008 | L111: Basses/groupers, a warm-water reef-associated family; no matching group. Reviewed: no documented compatible group for this catch label.
A112: Synodontidae | B112: Lizardfishes, sauries | C112: Medium demersals (30 - 89 cm) | D112: Other fishes & inverts | E112: Unresolved | H112: unresolved | I112: none | J112: 1936.137 | K112: 0.0008 | L112: Lizardfishes, a warm-water demersal family; no matching group. Reviewed: no documented compatible group for this catch label.
A113: Perciformes | B113: Perch-likes | C113: Medium demersals (30 - 89 cm) | D113: Perch-likes | E113: Unresolved | H113: unresolved | I113: none | J113: 1596.923 | K113: 0.0007 | L113: Perch-likes order-wide is far too broad, spanning dozens of families across multiple model groups and non-model groups; cannot be resolved to one. Reviewed: no documented compatible group for this catch label.
A114: Ommastrephes bartramii | B114: Neon flying squid | C114: Cephalopods | D114: Other fishes & inverts | E114: Squids | H114: high | I114: taxonomic_containment | J114: 1468.252 | K114: 0.0006 | L114: Chaikina 2020 Table 1 names Squids; the catch taxon Ommastrephes bartramii is within that taxonomic compartment (WoRMS taxonomy checked).
A115: Sclerocrangon | B115: Sculptured shrimps | C115: Shrimps | D115: Crustaceans | E115: Crabs and shrimps | H115: high | I115: taxonomic_containment | J115: 1370.09 | K115: 0.0006 | L115: Chaikina 2020 Table 1 names Crabs and shrimps; the catch taxon Sclerocrangon is within that taxonomic compartment (WoRMS taxonomy checked).
A116: Mugilidae | B116: Mullets, grey mullets | C116: Medium reef assoc. fish (30 - 89 cm) | D116: Perch-likes | E116: Unresolved | H116: unresolved | I116: none | J116: 1185.585 | K116: 0.0005 | L116: Mullet family, warm coastal; no matching group. Reviewed: no documented compatible group for this catch label.
A117: Hexagrammos otakii | B117: Fat grrenling | C117: Small pelagics (<30 cm) | D117: Scorpionfishes | E117: Other bottom fishes | H117: medium | I117: habitat_size_guild | J117: 1141.535 | K117: 0.0005 | L117: Fat greenling, Hexagrammidae; same demersal-shelf-fish reasoning as the other greenlings, placed in residual 'Other bottom fishes'. Reviewed against Chaikina 2020 Table 1; species membership is not tabulated.
A118: Hexagrammidae | B118: Greenlings | C118: Medium demersals (30 - 89 cm) | D118: Scorpionfishes | E118: Other bottom fishes | H118: medium | I118: habitat_size_guild | J118: 964.047 | K118: 0.0004 | L118: Greenling family, cold-water demersal shelf fish with no dedicated group; placed in residual 'Other bottom fishes'. Reviewed against Chaikina 2020 Table 1; species membership is not tabulated.
... A155: Isurus oxyrinchus | B155: Shortfin mako | C155: Large sharks (>=90 cm) | D155: Sharks & rays | E155: Unresolved | H155: unresolved | I155: none | J155: 0 | K155: 0 | L155: Shortfin mako; the Okhotsk model has no elasmobranch group. Reviewed: no documented compatible group for this catch label.

Sheet Final mappings
A1: Final taxon-to-group mappings, identified separately for each Ecopath model
A2: One row per taxon/group assignment; numeric weights are the exact values used to calculate SPPR.
A3: Unresolved taxa retain a row with a blank weight. Catch tonnes repeat across a taxon's assignments; do not sum these rows.
A4: unit_id | B4: model_id | C4: taxon | D4: common_name | E4: SAU functional group | F4: SAU commercial group | G4: group | H4: weight | I4: weight_basis | J4: confidence | K4: evidence | L4: explanation | M4: catch_tonnes
A5: LME_052 | B5: 52_1_Sea_of_Okhotsk_NE_(1980) | C5: Gadus chalcogrammus | D5: Alaska pollock | E5: Medium benthopelagics (30 - 89 cm) | F5: Cod-likes | G5: Walleye pollock | H5: 0.53874619 | I5: model_biomass | J5: medium | K5: composite_split | L5: Walleye pollock and juvenile pollock are the same taxon at different life stages in Table 1. Catch has no age split and model catch is zero throughout; use model biomass. | M5: 1.4613201e+08
A6: LME_052 | B6: 52_1_Sea_of_Okhotsk_NE_(1980) | C6: Gadus chalcogrammus | D6: Alaska pollock | E6: Medium benthopelagics (30 - 89 cm) | F6: Cod-likes | G6: Juv. pollock | H6: 0.46125381 | I6: model_biomass | J6: medium | K6: composite_split | L6: Walleye pollock and juvenile pollock are the same taxon at different life stages in Table 1. Catch has no age split and model catch is zero throughout; use model biomass. | M6: 1.4613201e+08
A7: LME_052 | B7: 52_1_Sea_of_Okhotsk_NE_(1980) | C7: Clupea pallasii | D7: Pacific herring | E7: Medium pelagics (30 - 89 cm) | F7: Herring-likes | G7: Pacific herring | H7: 1 | I7: single | J7: high | K7: taxonomic_containment | L7: Chaikina 2020 Table 1 names Pacific herring; the catch taxon Clupea pallasii is within that taxonomic compartment (WoRMS taxonomy checked). | M7: 18753776
A8: LME_052 | B8: 52_1_Sea_of_Okhotsk_NE_(1980) | C8: Marine fishes not identified | D8: Marine fishes nei | E8: Medium demersals (30 - 89 cm) | F8: Other fishes & inverts | G8: Other bottom fishes | H8: 0.37968164 | I8: catch_composition | J8: medium | K8: composite_split | L8: SAU identifies medium demersal fish; these are the model's broad bottom-fish compartments. Named single-species pelagic stocks and mammal/invertebrate groups are excluded. | M8: 14223073
A9: LME_052 | B9: 52_1_Sea_of_Okhotsk_NE_(1980) | C9: Marine fishes not identified | D9: Marine fishes nei | E9: Medium demersals (30 - 89 cm) | F9: Other fishes & inverts | G9: Other Gadidae | H9: 0.47417246 | I9: catch_composition | J9: medium | K9: composite_split | L9: SAU identifies medium demersal fish; these are the model's broad bottom-fish compartments. Named single-species pelagic stocks and mammal/invertebrate groups are excluded. | M9: 14223073
A10: LME_052 | B10: 52_1_Sea_of_Okhotsk_NE_(1980) | C10: Marine fishes not identified | D10: Marine fishes nei | E10: Medium demersals (30 - 89 cm) | F10: Other fishes & inverts | G10: Cottidae | H10: 0 | I10: catch_composition | J10: medium | K10: composite_split | L10: SAU identifies medium demersal fish; these are the model's broad bottom-fish compartments. Named single-species pelagic stocks and mammal/invertebrate groups are excluded. | M10: 14223073
A11: LME_052 | B11: 52_1_Sea_of_Okhotsk_NE_(1980) | C11: Marine fishes not identified | D11: Marine fishes nei | E11: Medium demersals (30 - 89 cm) | F11: Other fishes & inverts | G11: Pleuronectidae | H11: 0.1461459 | I11: catch_composition | J11: medium | K11: composite_split | L11: SAU identifies medium demersal fish; these are the model's broad bottom-fish compartments. Named single-species pelagic stocks and mammal/invertebrate groups are excluded. | M11: 14223073
A12: LME_052 | B12: 52_1_Sea_of_Okhotsk_NE_(1980) | C12: Oncorhynchus gorbuscha | D12: Pink salmon | E12: Medium demersals (30 - 89 cm) | F12: Salmon, smelts, etc | G12: Salmon | H12: 1 | I12: single | J12: high | K12: taxonomic_containment | L12: Pacific salmon catch within the Salmon compartment in Chaikina 2020 Table 1; no size/stage split is supplied. | M12: 11221365
A13: LME_052 | B13: 52_1_Sea_of_Okhotsk_NE_(1980) | C13: Sardinops sagax | D13: South American pilchard | E13: Medium pelagics (30 - 89 cm) | F13: Herring-likes | G13: Pacific Sardine | H13: 1 | I13: single | J13: medium | K13: analogue | L13: Regional sardine-name crosswalk inferred: the paper labels Pacific Sardine without a binomial; catch uses Sardinops sagax (WoRMS accepted). Source identity cannot be proved as a species synonym from the common name alone. | M13: 6361027.5
A14: LME_052 | B14: 52_1_Sea_of_Okhotsk_NE_(1980) | C14: Gadus macrocephalus | D14: Pacific cod | E14: Large demersals (>=90 cm) | F14: Cod-likes | G14: Other Gadidae | H14: 1 | I14: single | J14: high | K14: taxonomic_containment | L14: Chaikina 2020 Table 1 names Other Gadidae; the catch taxon Gadus macrocephalus is within that taxonomic compartment (WoRMS taxonomy checked). | M14: 5161513.4
A15: LME_052 | B15: 52_1_Sea_of_Okhotsk_NE_(1980) | C15: Oncorhynchus | D15: Salmons, trouts | E15: Large benthopelagics (>=90 cm) | F15: Salmon, smelts, etc | G15: Salmon | H15: 1 | I15: single | J15: high | K15: taxonomic_containment | L15: Pacific salmon catch within the Salmon compartment in Chaikina 2020 Table 1; no size/stage split is supplied. | M15: 3616523.5
A16: LME_052 | B16: 52_1_Sea_of_Okhotsk_NE_(1980) | C16: Oncorhynchus keta | D16: Chum salmon | E16: Large benthopelagics (>=90 cm) | F16: Salmon, smelts, etc | G16: Salmon | H16: 1 | I16: single | J16: high | K16: taxonomic_containment | L16: Pacific salmon catch within the Salmon compartment in Chaikina 2020 Table 1; no size/stage split is supplied. | M16: 3266940.1
... A20: LME_052 | B20: 52_1_Sea_of_Okhotsk_NE_(1980) | C20: Pleurogrammus azonus | D20: Okhotsk atka mackerel | E20: Medium demersals (30 - 89 cm) | F20: Scorpionfishes | G20: Other bottom fishes | H20: 1 | I20: single | J20: medium | K20: habitat_size_guild | L20: Hexagrammidae, a cold-water demersal shelf fish with no dedicated group; placed in the model's residual demersal 'Other bottom fishes' group on habitat and trophic-level grounds. Reviewed against Chaikina 2020 Table 1; species membership is not tabulated. | M20: 1970290.6
A21: LME_052 | B21: 52_1_Sea_of_Okhotsk_NE_(1980) | C21: Scomber | D21: Chub mackerels | E21: Medium pelagics (30 - 89 cm) | F21: Perch-likes | G21: Unresolved | J21: unresolved | K21: none | L21: Scombridae (mackerel genus), an epipelagic small pelagic; the Okhotsk model has no pelagic/mackerel group, only demersal/mesopelagic/benthic residual categories, so no defensible group exists. Reviewed: no documented compatible group for this catch label. | M21: 1716358.1
A22: LME_052 | B22: 52_1_Sea_of_Okhotsk_NE_(1980) | C22: Teuthida | D22: Squids | E22: Cephalopods | F22: Other fishes & inverts | G22: Squids | H22: 1 | I22: single | J22: high | K22: taxonomic_containment | L22: Chaikina 2020 Table 1 names Squids; the catch taxon Teuthida is within that taxonomic compartment (WoRMS taxonomy checked). | M22: 1601595.2
A23: LME_052 | B23: 52_1_Sea_of_Okhotsk_NE_(1980) | C23: Eleginus gracilis | D23: Saffron cod | E23: Medium demersals (30 - 89 cm) | F23: Cod-likes | G23: Other Gadidae | H23: 1 | I23: single | J23: high | K23: taxonomic_containment | L23: Chaikina 2020 Table 1 names Other Gadidae; the catch taxon Eleginus gracilis is within that taxonomic compartment (WoRMS taxonomy checked). | M23: 1420067.3
A24: LME_052 | B24: 52_1_Sea_of_Okhotsk_NE_(1980) | C24: Ammodytes personatus | D24: Pacific sandlance | E24: Small demersals (<30 cm) | F24: Perch-likes | G24: Ammodytidae | H24: 1 | I24: single | J24: high | K24: taxonomic_containment | L24: Chaikina 2020 Table 1 names Ammodytidae; the catch taxon Ammodytes personatus is within that taxonomic compartment (WoRMS taxonomy checked). | M24: 1413151.6
A25: LME_052 | B25: 52_1_Sea_of_Okhotsk_NE_(1980) | C25: Todarodes pacificus | D25: Japanese flying squid | E25: Cephalopods | F25: Other fishes & inverts | G25: Squids | H25: 1 | I25: single | J25: high | K25: taxonomic_containment | L25: Chaikina 2020 Table 1 names Squids; the catch taxon Todarodes pacificus is within that taxonomic compartment (WoRMS taxonomy checked). | M25: 1397772.7
A26: LME_052 | B26: 52_1_Sea_of_Okhotsk_NE_(1980) | C26: Mollusca | D26: Clams, seasnails, squids, octopuses | E26: Other demersal invertebrates | F26: Molluscs | G26: 2nd level benthos | H26: 0.29075018 | I26: catch_composition | J26: low | K26: composite_split | L26: Molluscs span basal benthic bivalves/grazers, predatory benthic molluscs and the named squid group; model species lists are absent, so this coarse allocation remains provisional. | M26: 1330721.2
A27: LME_052 | B27: 52_1_Sea_of_Okhotsk_NE_(1980) | C27: Mollusca | D27: Clams, seasnails, squids, octopuses | E27: Other demersal invertebrates | F27: Molluscs | G27: Carnivorous invertebrates | H27: 0.080174035 | I27: catch_composition | J27: low | K27: composite_split | L27: Molluscs span basal benthic bivalves/grazers, predatory benthic molluscs and the named squid group; model species lists are absent, so this coarse allocation remains provisional. | M27: 1330721.2
A28: LME_052 | B28: 52_1_Sea_of_Okhotsk_NE_(1980) | C28: Mollusca | D28: Clams, seasnails, squids, octopuses | E28: Other demersal invertebrates | F28: Molluscs | G28: Squids | H28: 0.62907578 | I28: catch_composition | J28: low | K28: composite_split | L28: Molluscs span basal benthic bivalves/grazers, predatory benthic molluscs and the named squid group; model species lists are absent, so this coarse allocation remains provisional. | M28: 1330721.2
A29: LME_052 | B29: 52_1_Sea_of_Okhotsk_NE_(1980) | C29: Cololabis saira | D29: Pacific saury | E29: Medium pelagics (30 - 89 cm) | F29: Other fishes & inverts | G29: Unresolved | J29: unresolved | K29: none | L29: Scomberesocidae (Pacific saury), a small epipelagic fish; the Okhotsk model has no pelagic-fish group to place it in. Reviewed: no documented compatible group for this catch label. | M29: 1247074
A30: LME_052 | B30: 52_1_Sea_of_Okhotsk_NE_(1980) | C30: Pleurogrammus monopterygius | D30: Atka mackerel | E30: Medium demersals (30 - 89 cm) | F30: Scorpionfishes | G30: Other bottom fishes | H30: 1 | I30: single | J30: medium | K30: habitat_size_guild | L30: Hexagrammidae, same family as Pleurogrammus azonus above; placed in the residual demersal 'Other bottom fishes' group on habitat/trophic grounds. Reviewed against Chaikina 2020 Table 1; species membership is not tabulated. | M30: 1245166.9
A31: LME_052 | B31: 52_1_Sea_of_Okhotsk_NE_(1980) | C31: Oncorhynchus nerka | D31: Sockeye salmon | E31: Medium pelagics (30 - 89 cm) | F31: Salmon, smelts, etc | G31: Salmon | H31: 1 | I31: single | J31: high | K31: taxonomic_containment | L31: Pacific salmon catch within the Salmon compartment in Chaikina 2020 Table 1; no size/stage split is supplied. | M31: 1182462.3
A32: LME_052 | B32: 52_1_Sea_of_Okhotsk_NE_(1980) | C32: Pleuronectidae | D32: Righteye flounders | E32: Small to medium flatfishes (<90 cm) | F32: Flatfishes | G32: Pleuronectidae | H32: 1 | I32: single | J32: high | K32: taxonomic_containment | L32: Chaikina 2020 Table 1 names Pleuronectidae; the catch taxon Pleuronectidae is within that taxonomic compartment (WoRMS taxonomy checked). | M32: 1084818.7
A33: LME_052 | B33: 52_1_Sea_of_Okhotsk_NE_(1980) | C33: Mallotus villosus | D33: Capelin | E33: Small pelagics (<30 cm) | F33: Salmon, smelts, etc | G33: Capelin | H33: 1 | I33: single | J33: high | K33: taxonomic_containment | L33: Chaikina 2020 Table 1 names Capelin; the catch taxon Mallotus villosus is within that taxonomic compartment (WoRMS taxonomy checked). | M33: 1077371.3
A34: LME_052 | B34: 52_1_Sea_of_Okhotsk_NE_(1980) | C34: Miscellaneous marine crustaceans | D34: Marine crabs, shrimps, lobsters nei | E34: Shrimps | F34: Crustaceans | G34: Crabs and shrimps | H34: 1 | I34: single | J34: high | K34: taxonomic_containment | L34: Chaikina 2020 Table 1 names Crabs and shrimps; the catch taxon Miscellaneous marine crustaceans is within that taxonomic compartment (WoRMS taxonomy checked). | M34: 935887.17
A35: LME_052 | B35: 52_1_Sea_of_Okhotsk_NE_(1980) | C35: Scomber japonicus | D35: Pacific chub mackerel | E35: Medium pelagics (30 - 89 cm) | F35: Perch-likes | G35: Unresolved | J35: unresolved | K35: none | L35: Scombridae (chub mackerel), epipelagic; same limitation as genus Scomber -- no pelagic-fish group in the Okhotsk model. Reviewed: no documented compatible group for this catch label. | M35: 883031.14
A36: LME_052 | B36: 52_1_Sea_of_Okhotsk_NE_(1980) | C36: Pectinidae | D36: Scallops | E36: Other demersal invertebrates | F36: Molluscs | G36: 2nd level benthos | H36: 1 | I36: single | J36: medium | K36: habitat_size_guild | L36: Analyst inference: Pectinidae is a benthic suspension/deposit feeder or grazer, consistent with Chaikina 2020 Table 1 second-level benthos and its basal diet in Table 3; no species member list is supplied. | M36: 730793.02
A37: LME_052 | B37: 52_1_Sea_of_Okhotsk_NE_(1980) | C37: Moridae | D37: Codlings, moras | E37: Medium benthopelagics (30 - 89 cm) | F37: Cod-likes | G37: Other bottom fishes | H37: 1 | I37: single | J37: medium | K37: habitat_size_guild | L37: Morids are demersal cod-like fishes outside Gadidae; use the residual bottom-fish group, not Other Gadidae. | M37: 641456.82
A38: LME_052 | B38: 52_1_Sea_of_Okhotsk_NE_(1980) | C38: Engraulis japonicus | D38: Japanese anchovy | E38: Small pelagics (<30 cm) | F38: Anchovies | G38: Unresolved | J38: unresolved | K38: none | L38: Engraulidae (Japanese anchovy), small epipelagic; no anchovy or generic pelagic-fish group exists in the Okhotsk model. Reviewed: no documented compatible group for this catch label. | M38: 546075.04
A39: LME_052 | B39: 52_1_Sea_of_Okhotsk_NE_(1980) | C39: Laemonema longipes | D39: Longfin codling | E39: Medium benthopelagics (30 - 89 cm) | F39: Cod-likes | G39: Other bottom fishes | H39: 1 | I39: single | J39: medium | K39: habitat_size_guild | L39: Laemonema longipes is a demersal morid; the model has a residual bottom-fish group and no separate Moridae. | M39: 535524.24
A40: LME_052 | B40: 52_1_Sea_of_Okhotsk_NE_(1980) | C40: Chionoecetes | D40: Tanner, snow crabs | E40: Lobsters, crabs | F40: Crustaceans | G40: Crabs and shrimps | H40: 1 | I40: single | J40: high | K40: taxonomic_containment | L40: Chaikina 2020 Table 1 names Crabs and shrimps; the catch taxon Chionoecetes is within that taxonomic compartment (WoRMS taxonomy checked). | M40: 513134.3
A41: LME_052 | B41: 52_1_Sea_of_Okhotsk_NE_(1980) | C41: Oncorhynchus kisutch | D41: Coho salmon | E41: Large demersals (>=90 cm) | F41: Salmon, smelts, etc | G41: Salmon | H41: 1 | I41: single | J41: high | K41: taxonomic_containment | L41: Pacific salmon catch within the Salmon compartment in Chaikina 2020 Table 1; no size/stage split is supplied. | M41: 418738.45
A42: LME_052 | B42: 52_1_Sea_of_Okhotsk_NE_(1980) | C42: Chionoecetes opilio | D42: Snow crab | E42: Lobsters, crabs | F42: Crustaceans | G42: Crabs and shrimps | H42: 1 | I42: single | J42: high | K42: taxonomic_containment | L42: Chaikina 2020 Table 1 names Crabs and shrimps; the catch taxon Chionoecetes opilio is within that taxonomic compartment (WoRMS taxonomy checked). | M42: 409348.48
A43: LME_052 | B43: 52_1_Sea_of_Okhotsk_NE_(1980) | C43: Bivalvia | D43: Clams | E43: Other demersal invertebrates | F43: Molluscs | G43: 2nd level benthos | H43: 1 | I43: single | J43: medium | K43: habitat_size_guild | L43: Analyst inference: Bivalvia is a benthic suspension/deposit feeder or grazer, consistent with Chaikina 2020 Table 1 second-level benthos and its basal diet in Table 3; no species member list is supplied. | M43: 391148.83
A44: LME_052 | B44: 52_1_Sea_of_Okhotsk_NE_(1980) | C44: Atheresthes evermanni | D44: Kamchatka flounder | E44: Large flatfishes (>=90 cm) | F44: Flatfishes | G44: Pleuronectidae | H44: 1 | I44: single | J44: high | K44: taxonomic_containment | L44: Chaikina 2020 Table 1 names Pleuronectidae; the catch taxon Atheresthes evermanni is within that taxonomic compartment (WoRMS taxonomy checked). | M44: 383636.5
A45: LME_052 | B45: 52_1_Sea_of_Okhotsk_NE_(1980) | C45: Batoidea | D45: Batoids, skates, rays, sawfishes | E45: Large rays (>=90 cm) | F45: Sharks & rays | G45: Unresolved | J45: unresolved | K45: none | L45: Skates/rays; the Okhotsk model contains no elasmobranch (shark/ray) group at all, only marine mammals, seabirds, fish and invertebrates. Reviewed: no documented compatible group for this catch label. | M45: 375866.58
A46: LME_052 | B46: 52_1_Sea_of_Okhotsk_NE_(1980) | C46: Osmeridae | D46: Smelts | E46: Small pelagics (<30 cm) | F46: Salmon, smelts, etc | G46: Unresolved | J46: unresolved | K46: none | L46: Family Osmeridae (true smelts) includes several genera besides capelin (e.g. Hypomesus, Osmerus); the model's only Osmeridae-linked group, 'Capelin', is species-specific, so an unidentified smelt cannot be safely assigned to it. Reviewed: no documented compatible group for this catch label. | M46: 340195.15
A47: LME_052 | B47: 52_1_Sea_of_Okhotsk_NE_(1980) | C47: Hippoglossus stenolepis | D47: Pacific halibut | E47: Large flatfishes (>=90 cm) | F47: Flatfishes | G47: Pleuronectidae | H47: 1 | I47: single | J47: high | K47: taxonomic_containment | L47: Chaikina 2020 Table 1 names Pleuronectidae; the catch taxon Hippoglossus stenolepis is within that taxonomic compartment (WoRMS taxonomy checked). | M47: 238734.62
A48: LME_052 | B48: 52_1_Sea_of_Okhotsk_NE_(1980) | C48: Sebastidae | D48: Rockfishes, rockcods, thornyheads | E48: Medium demersals (30 - 89 cm) | F48: Scorpionfishes | G48: Other bottom fishes | H48: 1 | I48: single | J48: medium | K48: habitat_size_guild | L48: Rockfishes (Sebastidae) are benthopelagic/demersal predators with no dedicated group; placed in the residual 'Other bottom fishes' group on habitat and trophic-level grounds. Reviewed against Chaikina 2020 Table 1; species membership is not tabulated. | M48: 237687.74
A49: LME_052 | B49: 52_1_Sea_of_Okhotsk_NE_(1980) | C49: Decapoda | D49: Crabs, lobsters, shrimps | E49: Lobsters, crabs | F49: Crustaceans | G49: Crabs and shrimps | H49: 1 | I49: single | J49: high | K49: taxonomic_containment | L49: Chaikina 2020 Table 1 names Crabs and shrimps; the catch taxon Decapoda is within that taxonomic compartment (WoRMS taxonomy checked). | M49: 232812.55
A50: LME_052 | B50: 52_1_Sea_of_Okhotsk_NE_(1980) | C50: Octopoda | D50: Octopuses, argonauts | E50: Cephalopods | F50: Other fishes & inverts | G50: Carnivorous invertebrates | H50: 1 | I50: single | J50: low | K50: analogue | L50: Octopods are benthic carnivorous invertebrates; placement is an ecological analogue because the source does not name their species. | M50: 231062.9
A51: LME_052 | B51: 52_1_Sea_of_Okhotsk_NE_(1980) | C51: Anoplopoma fimbria | D51: Sablefish | E51: Large bathydemersals (>=90 cm) | F51: Scorpionfishes | G51: Other bottom fishes | H51: 1 | I51: single | J51: medium | K51: habitat_size_guild | L51: Sablefish is a bathydemersal predator with no dedicated group; placed in the residual 'Other bottom fishes' group (TL ~3.86) on habitat/trophic grounds. Reviewed against Chaikina 2020 Table 1; species membership is not tabulated. | M51: 222419.04
A52: LME_052 | B52: 52_1_Sea_of_Okhotsk_NE_(1980) | C52: Reinhardtius hippoglossoides | D52: Greenland halibut | E52: Small to medium flatfishes (<90 cm) | F52: Flatfishes | G52: Pleuronectidae | H52: 1 | I52: single | J52: high | K52: taxonomic_containment | L52: Chaikina 2020 Table 1 names Pleuronectidae; the catch taxon Reinhardtius hippoglossoides is within that taxonomic compartment (WoRMS taxonomy checked). | M52: 222110.86
A53: LME_052 | B53: 52_1_Sea_of_Okhotsk_NE_(1980) | C53: Salmonidae | D53: Salmonids | E53: Large benthopelagics (>=90 cm) | F53: Salmon, smelts, etc | G53: Salmon | H53: 1 | I53: single | J53: high | K53: taxonomic_containment | L53: Pacific salmon catch within the Salmon compartment in Chaikina 2020 Table 1; no size/stage split is supplied. | M53: 217485.93
A54: LME_052 | B54: 52_1_Sea_of_Okhotsk_NE_(1980) | C54: Arctoscopus japonicus | D54: Japanese sandfish | E54: Small bathydemersals (<30 cm) | F54: Perch-likes | G54: Other bottom fishes | H54: 1 | I54: single | J54: medium | K54: habitat_size_guild | L54: Japanese sandfish (Trichodontidae) is a small bathydemersal, sand-dwelling fish with no dedicated group (it is not Ammodytidae); placed in the residual 'Other bottom fishes' group. Reviewed against Chaikina 2020 Table 1; species membership is not tabulated. | M54: 204057.39
A55: LME_052 | B55: 52_1_Sea_of_Okhotsk_NE_(1980) | C55: Trichiurus lepturus | D55: Largehead hairtail | E55: Large benthopelagics (>=90 cm) | F55: Perch-likes | G55: Unresolved | J55: unresolved | K55: none | L55: Largehead hairtail (Trichiuridae) is a warm-temperate/tropical benthopelagic predator; no matching group in the Okhotsk model. Reviewed: no documented compatible group for this catch label. | M55: 195817.05
A56: LME_052 | B56: 52_1_Sea_of_Okhotsk_NE_(1980) | C56: Brachyura | D56: Marine crabs | E56: Lobsters, crabs | F56: Crustaceans | G56: Crabs and shrimps | H56: 1 | I56: single | J56: high | K56: taxonomic_containment | L56: Chaikina 2020 Table 1 names Crabs and shrimps; the catch taxon Brachyura is within that taxonomic compartment (WoRMS taxonomy checked). | M56: 191958.18
A57: LME_052 | B57: 52_1_Sea_of_Okhotsk_NE_(1980) | C57: Pandalus borealis | D57: Northern prawn | E57: Shrimps | F57: Crustaceans | G57: Crabs and shrimps | H57: 1 | I57: single | J57: high | K57: taxonomic_containment | L57: Chaikina 2020 Table 1 names Crabs and shrimps; the catch taxon Pandalus borealis is within that taxonomic compartment (WoRMS taxonomy checked). | M57: 178082.58
A58: LME_052 | B58: 52_1_Sea_of_Okhotsk_NE_(1980) | C58: Cephalopoda | D58: Squids, cuttlefishes, octopuses | E58: Cephalopods | F58: Other fishes & inverts | G58: Squids | H58: 0.88695939 | I58: catch_composition | J58: low | K58: composite_split | L58: Cephalopods include the named squids and benthic octopods provisionally assigned to the carnivorous-invertebrate pool; source has no octopod list. | M58: 165448.29
A59: LME_052 | B59: 52_1_Sea_of_Okhotsk_NE_(1980) | C59: Cephalopoda | D59: Squids, cuttlefishes, octopuses | E59: Cephalopods | F59: Other fishes & inverts | G59: Carnivorous invertebrates | H59: 0.11304061 | I59: catch_composition | J59: low | K59: composite_split | L59: Cephalopods include the named squids and benthic octopods provisionally assigned to the carnivorous-invertebrate pool; source has no octopod list. | M59: 165448.29
A60: LME_052 | B60: 52_1_Sea_of_Okhotsk_NE_(1980) | C60: Trachurus japonicus | D60: Japanese jack mackerel | E60: Medium demersals (30 - 89 cm) | F60: Perch-likes | G60: Unresolved | J60: unresolved | K60: none | L60: Japanese jack mackerel, family Carangidae, epipelagic; no pelagic-fish group in the Okhotsk model. Reviewed: no documented compatible group for this catch label. | M60: 160436.36
A61: LME_052 | B61: 52_1_Sea_of_Okhotsk_NE_(1980) | C61: Mizuhopecten yessoensis | D61: Yesso scallop | E61: Other demersal invertebrates | F61: Molluscs | G61: 2nd level benthos | H61: 1 | I61: single | J61: medium | K61: habitat_size_guild | L61: Analyst inference: Mizuhopecten yessoensis is a benthic suspension/deposit feeder or grazer, consistent with Chaikina 2020 Table 1 second-level benthos and its basal diet in Table 3; no species member list is supplied. | M61: 146408.23
A62: LME_052 | B62: 52_1_Sea_of_Okhotsk_NE_(1980) | C62: Octopodidae | D62: Octopuses | E62: Cephalopods | F62: Other fishes & inverts | G62: Carnivorous invertebrates | H62: 1 | I62: single | J62: low | K62: analogue | L62: Octopods are benthic carnivorous invertebrates; placement is an ecological analogue because the source does not name their species. | M62: 145261.18
A63: LME_052 | B63: 52_1_Sea_of_Okhotsk_NE_(1980) | C63: Sciaenidae | D63: Drums, croakers | E63: Medium demersals (30 - 89 cm) | F63: Perch-likes | G63: Unresolved | J63: unresolved | K63: none | L63: Drums/croakers, a warm-temperate demersal family; no matching group in the Okhotsk model. Reviewed: no documented compatible group for this catch label. | M63: 115312.67
A64: LME_052 | B64: 52_1_Sea_of_Okhotsk_NE_(1980) | C64: Carangidae | D64: Jacks, pompanos | E64: Medium pelagics (30 - 89 cm) | F64: Perch-likes | G64: Unresolved | J64: unresolved | K64: none | L64: Jacks/pompanos, epipelagic; no pelagic-fish group in the Okhotsk model. Reviewed: no documented compatible group for this catch label. | M64: 113522.54
A65: LME_052 | B65: 52_1_Sea_of_Okhotsk_NE_(1980) | C65: Sebastes | D65: Redfishes | E65: Large reef assoc. fish (>=90 cm) | F65: Scorpionfishes | G65: Other bottom fishes | H65: 1 | I65: single | J65: medium | K65: habitat_size_guild | L65: Rockfish genus (Sebastidae); same reasoning as Sebastidae -- placed in residual 'Other bottom fishes'. Reviewed against Chaikina 2020 Table 1; species membership is not tabulated. | M65: 97536.089
A66: LME_052 | B66: 52_1_Sea_of_Okhotsk_NE_(1980) | C66: Echinoidea | D66: Sea urchins, sea hedgehogs | E66: Other demersal invertebrates | F66: Other fishes & inverts | G66: 2nd level benthos | H66: 1 | I66: single | J66: medium | K66: habitat_size_guild | L66: Analyst inference: Echinoidea is a benthic suspension/deposit feeder or grazer, consistent with Chaikina 2020 Table 1 second-level benthos and its basal diet in Table 3; no species member list is supplied. | M66: 94820.673
A67: LME_052 | B67: 52_1_Sea_of_Okhotsk_NE_(1980) | C67: Seriola lalandi | D67: Yellowtail amberjack | E67: Large benthopelagics (>=90 cm) | F67: Perch-likes | G67: Unresolved | J67: unresolved | K67: none | L67: Yellowtail amberjack, Carangidae, warm-water epipelagic; no matching group. Reviewed: no documented compatible group for this catch label. | M67: 87092.753
A68: LME_052 | B68: 52_1_Sea_of_Okhotsk_NE_(1980) | C68: Mugil cephalus | D68: Flathead grey mullet | E68: Large benthopelagics (>=90 cm) | F68: Perch-likes | G68: Unresolved | J68: unresolved | K68: none | L68: Flathead grey mullet, Mugilidae, warm coastal species; no matching group in the Okhotsk model. Reviewed: no documented compatible group for this catch label. | M68: 85819.282
A69: LME_052 | B69: 52_1_Sea_of_Okhotsk_NE_(1980) | C69: Chondrichthyes | D69: Sharks, rays, chimaeras | E69: Large sharks (>=90 cm) | F69: Sharks & rays | G69: Unresolved | J69: unresolved | K69: none | L69: Sharks/rays/chimaeras class-wide; the Okhotsk model has no elasmobranch group. Reviewed: no documented compatible group for this catch label. | M69: 84064.859
A70: LME_052 | B70: 52_1_Sea_of_Okhotsk_NE_(1980) | C70: Scombridae | D70: Mackerels, tunas, bonitos | E70: Medium pelagics (30 - 89 cm) | F70: Perch-likes | G70: Unresolved | J70: unresolved | K70: none | L70: Mackerels/tunas/bonitos family, epipelagic; no pelagic-fish group in the Okhotsk model. Reviewed: no documented compatible group for this catch label. | M70: 81111.298
A71: LME_052 | B71: 52_1_Sea_of_Okhotsk_NE_(1980) | C71: Sebastes alutus | D71: Pacific ocean perch | E71: Medium demersals (30 - 89 cm) | F71: Scorpionfishes | G71: Other bottom fishes | H71: 1 | I71: single | J71: medium | K71: habitat_size_guild | L71: Pacific ocean perch, Sebastidae, a North Pacific benthopelagic rockfish; placed in residual 'Other bottom fishes'. Reviewed against Chaikina 2020 Table 1; species membership is not tabulated. | M71: 78933.788
A72: LME_052 | B72: 52_1_Sea_of_Okhotsk_NE_(1980) | C72: Oncorhynchus tshawytscha | D72: Chinook salmon | E72: Large benthopelagics (>=90 cm) | F72: Salmon, smelts, etc | G72: Salmon | H72: 1 | I72: single | J72: high | K72: taxonomic_containment | L72: Pacific salmon catch within the Salmon compartment in Chaikina 2020 Table 1; no size/stage split is supplied. | M72: 73299.914
A73: LME_052 | B73: 52_1_Sea_of_Okhotsk_NE_(1980) | C73: Salvelinus | D73: Chars | E73: Large benthopelagics (>=90 cm) | F73: Salmon, smelts, etc | G73: Unresolved | J73: unresolved | K73: none | L73: The source names Salmon but does not document char or whitefish membership; their potentially anadromous/freshwater component cannot be assigned to Pacific salmon without evidence. Reviewed: no documented compatible group for this catch label. | M73: 70112.436
A74: LME_052 | B74: 52_1_Sea_of_Okhotsk_NE_(1980) | C74: Paralithodes platypus | D74: Blue king crab | E74: Lobsters, crabs | F74: Crustaceans | G74: Crabs and shrimps | H74: 1 | I74: single | J74: high | K74: taxonomic_containment | L74: Chaikina 2020 Table 1 names Crabs and shrimps; the catch taxon Paralithodes platypus is within that taxonomic compartment (WoRMS taxonomy checked). | M74: 68504.949
A75: LME_052 | B75: 52_1_Sea_of_Okhotsk_NE_(1980) | C75: Pentaceros wheeleri | D75: Slender armorhead | E75: Medium pelagics (30 - 89 cm) | F75: Perch-likes | G75: Unresolved | J75: unresolved | K75: none | L75: Slender armorhead (Pentacerotidae) is a seamount/offshore pelagic species; no matching group in the Okhotsk model. Reviewed: no documented compatible group for this catch label. | M75: 67590.722
A76: LME_052 | B76: 52_1_Sea_of_Okhotsk_NE_(1980) | C76: Limanda aspera | D76: Yellowfin sole | E76: Small to medium flatfishes (<90 cm) | F76: Flatfishes | G76: Pleuronectidae | H76: 1 | I76: single | J76: high | K76: taxonomic_containment | L76: Chaikina 2020 Table 1 names Pleuronectidae; the catch taxon Limanda aspera is within that taxonomic compartment (WoRMS taxonomy checked). | M76: 61014.086
A77: LME_052 | B77: 52_1_Sea_of_Okhotsk_NE_(1980) | C77: Bathylagidae | D77: Deepsea smelts | E77: Small bathypelagics (<30 cm) | F77: Salmon, smelts, etc | G77: Bathylagidae | H77: 1 | I77: single | J77: high | K77: taxonomic_containment | L77: Chaikina 2020 Table 1 names Bathylagidae; the catch taxon Bathylagidae is within that taxonomic compartment (WoRMS taxonomy checked). | M77: 54063.278
A78: LME_052 | B78: 52_1_Sea_of_Okhotsk_NE_(1980) | C78: Seriola | D78: Amberjacks | E78: Large benthopelagics (>=90 cm) | F78: Perch-likes | G78: Unresolved | J78: unresolved | K78: none | L78: Amberjack genus, Carangidae, warm-water epipelagic; no matching group. Reviewed: no documented compatible group for this catch label. | M78: 51867.348
A79: LME_052 | B79: 52_1_Sea_of_Okhotsk_NE_(1980) | C79: Thunnus alalunga | D79: Albacore | E79: Large pelagics (>=90 cm) | F79: Tuna & billfishes | G79: Unresolved | J79: unresolved | K79: none | L79: Albacore, an oceanic tuna; no tuna/pelagic group in the Okhotsk model. Reviewed: no documented compatible group for this catch label. | M79: 44138.992
A80: LME_052 | B80: 52_1_Sea_of_Okhotsk_NE_(1980) | C80: Loliginidae | D80: Common pencil squids | E80: Cephalopods | F80: Other fishes & inverts | G80: Squids | H80: 1 | I80: single | J80: high | K80: taxonomic_containment | L80: Chaikina 2020 Table 1 names Squids; the catch taxon Loliginidae is within that taxonomic compartment (WoRMS taxonomy checked). | M80: 43261.709
A81: LME_052 | B81: 52_1_Sea_of_Okhotsk_NE_(1980) | C81: Hippoglossoides elassodon | D81: Flathead sole | E81: Small to medium flatfishes (<90 cm) | F81: Flatfishes | G81: Pleuronectidae | H81: 1 | I81: single | J81: high | K81: taxonomic_containment | L81: Chaikina 2020 Table 1 names Pleuronectidae; the catch taxon Hippoglossoides elassodon is within that taxonomic compartment (WoRMS taxonomy checked). | M81: 38210.958
A82: LME_052 | B82: 52_1_Sea_of_Okhotsk_NE_(1980) | C82: Gadidae | D82: Cods, haddocks | E82: Medium demersals (30 - 89 cm) | F82: Cod-likes | G82: Walleye pollock | H82: 0.50510204 | I82: model_biomass | J82: medium | K82: composite_split | L82: Gadidae includes pollock and the residual gadids. The source splits pollock by stage; model biomass supplies the stage-inclusive allocation because all recorded model catches are zero. | M82: 37945.049
A83: LME_052 | B83: 52_1_Sea_of_Okhotsk_NE_(1980) | C83: Gadidae | D83: Cods, haddocks | E83: Medium demersals (30 - 89 cm) | F83: Cod-likes | G83: Juv. pollock | H83: 0.43244898 | I83: model_biomass | J83: medium | K83: composite_split | L83: Gadidae includes pollock and the residual gadids. The source splits pollock by stage; model biomass supplies the stage-inclusive allocation because all recorded model catches are zero. | M83: 37945.049
A84: LME_052 | B84: 52_1_Sea_of_Okhotsk_NE_(1980) | C84: Gadidae | D84: Cods, haddocks | E84: Medium demersals (30 - 89 cm) | F84: Cod-likes | G84: Other Gadidae | H84: 0.06244898 | I84: model_biomass | J84: medium | K84: composite_split | L84: Gadidae includes pollock and the residual gadids. The source splits pollock by stage; model biomass supplies the stage-inclusive allocation because all recorded model catches are zero. | M84: 37945.049
A85: LME_052 | B85: 52_1_Sea_of_Okhotsk_NE_(1980) | C85: Gastropoda | D85: Sea snails | E85: Other demersal invertebrates | F85: Molluscs | G85: 2nd level benthos | H85: 0.78385333 | I85: catch_composition | J85: low | K85: composite_split | L85: Gastropods include benthic grazers and carnivores; the two benthos guilds span those diets, without a species composition in the catch. | M85: 36062.372
A86: LME_052 | B86: 52_1_Sea_of_Okhotsk_NE_(1980) | C86: Gastropoda | D86: Sea snails | E86: Other demersal invertebrates | F86: Molluscs | G86: Carnivorous invertebrates | H86: 0.21614667 | I86: catch_composition | J86: low | K86: composite_split | L86: Gastropods include benthic grazers and carnivores; the two benthos guilds span those diets, without a species composition in the catch. | M86: 36062.372
A87: LME_052 | B87: 52_1_Sea_of_Okhotsk_NE_(1980) | C87: Berryteuthis magister | D87: Schoolmaster gonate squid | E87: Cephalopods | F87: Other fishes & inverts | G87: Squids | H87: 1 | I87: single | J87: high | K87: taxonomic_containment | L87: Chaikina 2020 Table 1 names Squids; the catch taxon Berryteuthis magister is within that taxonomic compartment (WoRMS taxonomy checked). | M87: 32710.65
A88: LME_052 | B88: 52_1_Sea_of_Okhotsk_NE_(1980) | C88: Lutjanidae | D88: Snappers | E88: Medium reef assoc. fish (30 - 89 cm) | F88: Perch-likes | G88: Unresolved | J88: unresolved | K88: none | L88: Snappers, a tropical reef-associated family; no matching group in the Okhotsk model. Reviewed: no documented compatible group for this catch label. | M88: 29831.411
A89: LME_052 | B89: 52_1_Sea_of_Okhotsk_NE_(1980) | C89: Clupeidae | D89: Herrings, sardines, menhadens | E89: Small pelagics (<30 cm) | F89: Herring-likes | G89: Unresolved | J89: unresolved | K89: none | L89: Family spans both the model's 'Pacific herring' and 'Pacific Sardine' species-specific groups; an unidentified clupeid cannot be assigned to one without guessing. Reviewed: no documented compatible group for this catch label. | M89: 27777.798
A90: LME_052 | B90: 52_1_Sea_of_Okhotsk_NE_(1980) | C90: Holothuroidea | D90: Sea cucumbers | E90: Other demersal invertebrates | F90: Other fishes & inverts | G90: 2nd level benthos | H90: 1 | I90: single | J90: medium | K90: habitat_size_guild | L90: Analyst inference: Holothuroidea is a benthic suspension/deposit feeder or grazer, consistent with Chaikina 2020 Table 1 second-level benthos and its basal diet in Table 3; no species member list is supplied. | M90: 27769.803
A91: LME_052 | B91: 52_1_Sea_of_Okhotsk_NE_(1980) | C91: Dendrobranchiata | D91: Shrimps and prawns | E91: Shrimps | F91: Crustaceans | G91: Crabs and shrimps | H91: 1 | I91: single | J91: high | K91: taxonomic_containment | L91: Chaikina 2020 Table 1 names Crabs and shrimps; the catch taxon Dendrobranchiata is within that taxonomic compartment (WoRMS taxonomy checked). | M91: 26930.721
A92: LME_052 | B92: 52_1_Sea_of_Okhotsk_NE_(1980) | C92: Pandalus | D92: Seabed shrimps | E92: Shrimps | F92: Crustaceans | G92: Crabs and shrimps | H92: 1 | I92: single | J92: high | K92: taxonomic_containment | L92: Chaikina 2020 Table 1 names Crabs and shrimps; the catch taxon Pandalus is within that taxonomic compartment (WoRMS taxonomy checked). | M92: 21986.6
A93: LME_052 | B93: 52_1_Sea_of_Okhotsk_NE_(1980) | C93: Tetraodontidae | D93: Puffers, tobies | E93: Large reef assoc. fish (>=90 cm) | F93: Other fishes & inverts | G93: Unresolved | J93: unresolved | K93: none | L93: Puffers, a warm-water reef-associated family; no matching group. Reviewed: no documented compatible group for this catch label. | M93: 21764.075
A94: LME_052 | B94: 52_1_Sea_of_Okhotsk_NE_(1980) | C94: Muraenesox cinereus | D94: Daggertooth pike conger | E94: Large demersals (>=90 cm) | F94: Other fishes & inverts | G94: Unresolved | J94: unresolved | K94: none | L94: Daggertooth pike conger, Muraenesocidae, warm-temperate/tropical; no matching group. Reviewed: no documented compatible group for this catch label. | M94: 21403.087
A95: LME_052 | B95: 52_1_Sea_of_Okhotsk_NE_(1980) | C95: Paralichthys olivaceus | D95: Bastard halibut | E95: Large flatfishes (>=90 cm) | F95: Flatfishes | G95: Other bottom fishes | H95: 1 | I95: single | J95: medium | K95: habitat_size_guild | L95: Paralichthys is a bottom-dwelling paralichthyid, outside the named Pleuronectidae; residual bottom-fish placement follows taxonomy and habitat. | M95: 21142.497
A96: LME_052 | B96: 52_1_Sea_of_Okhotsk_NE_(1980) | C96: Salvelinus malma | D96: Dolly varden | E96: Large benthopelagics (>=90 cm) | F96: Salmon, smelts, etc | G96: Unresolved | J96: unresolved | K96: none | L96: The source names Salmon but does not document char or whitefish membership; their potentially anadromous/freshwater component cannot be assigned to Pacific salmon without evidence. Reviewed: no documented compatible group for this catch label. | M96: 20766.736
A97: LME_052 | B97: 52_1_Sea_of_Okhotsk_NE_(1980) | C97: Mactridae | D97: Mactra surf clams | E97: Other demersal invertebrates | F97: Molluscs | G97: 2nd level benthos | H97: 1 | I97: single | J97: medium | K97: habitat_size_guild | L97: Analyst inference: Mactridae is a benthic suspension/deposit feeder or grazer, consistent with Chaikina 2020 Table 1 second-level benthos and its basal diet in Table 3; no species member list is supplied. | M97: 20332.194
A98: LME_052 | B98: 52_1_Sea_of_Okhotsk_NE_(1980) | C98: Cyprinidae | D98: Carps, barbels, other cyprinids | E98: Medium demersals (30 - 89 cm) | F98: Other fishes & inverts | G98: Unresolved | J98: unresolved | K98: none | L98: Carps are freshwater fish (Cypriniformes); no freshwater-fish group exists in this marine Ecopath model. Reviewed: no documented compatible group for this catch label. | M98: 19289.495
A99: LME_052 | B99: 52_1_Sea_of_Okhotsk_NE_(1980) | C99: Paralithodes | D99: North Pacific king crabs | E99: Lobsters, crabs | F99: Crustaceans | G99: Crabs and shrimps | H99: 1 | I99: single | J99: high | K99: taxonomic_containment | L99: Chaikina 2020 Table 1 names Crabs and shrimps; the catch taxon Paralithodes is within that taxonomic compartment (WoRMS taxonomy checked). | M99: 17042.087
A100: LME_052 | B100: 52_1_Sea_of_Okhotsk_NE_(1980) | C100: Scorpaeniformes | D100: Scorpionfishes, flatheads | E100: Medium demersals (30 - 89 cm) | F100: Scorpionfishes | G100: Cottidae | H100: 0 | I100: catch_composition | J100: medium | K100: composite_split | L100: This broad order includes the named sculpins and other bottom fishes; exclude pelagic single-species groups. | M100: 15485.573
A101: LME_052 | B101: 52_1_Sea_of_Okhotsk_NE_(1980) | C101: Scorpaeniformes | D101: Scorpionfishes, flatheads | E101: Medium demersals (30 - 89 cm) | F101: Scorpionfishes | G101: Other bottom fishes | H101: 1 | I101: catch_composition | J101: medium | K101: composite_split | L101: This broad order includes the named sculpins and other bottom fishes; exclude pelagic single-species groups. | M101: 15485.573
A102: LME_052 | B102: 52_1_Sea_of_Okhotsk_NE_(1980) | C102: Pandalus goniurus | D102: Humpy shrimp | E102: Shrimps | F102: Crustaceans | G102: Crabs and shrimps | H102: 1 | I102: single | J102: high | K102: taxonomic_containment | L102: Chaikina 2020 Table 1 names Crabs and shrimps; the catch taxon Pandalus goniurus is within that taxonomic compartment (WoRMS taxonomy checked). | M102: 15375.262
A103: LME_052 | B103: 52_1_Sea_of_Okhotsk_NE_(1980) | C103: Clupeiformes | D103: Herrings, shads, anchovies | E103: Small pelagics (<30 cm) | F103: Other fishes & inverts | G103: Unresolved | J103: unresolved | K103: none | L103: Order spans the model's separate 'Pacific herring' and 'Pacific Sardine' groups plus anchovies (no group); cannot be resolved to one group. Reviewed: no documented compatible group for this catch label. | M103: 15329.051
...

Sheet SPPR
A1: Specific PPR per taxon — LME_052, model 52_1_Sea_of_Okhotsk_NE_(1980)
A2: sppr_simple is the trophic-chain estimate (1/TE)^(TL-1) at TE=0.1, applied to the taxon's own trophic level and needing no model.
A3: All basal sources, including imports. Blank means unavailable, not zero. sppr_simple is an unpartitioned reference.
A4: taxon | B4: trophic_level | C4: sppr_simple | D4: Ecopath group | E4: SPPR_1986 | F4: SPPR_1995_TE0.1 | G4: SPPR_1995_TEmean | H4: Ulanowicz_globalTEmean | I4: Ulanowicz_TE | J4: EwE_TE_noEE | K4: EwE_TE_EE | L4: SPPR_2015 | M4: new_TE_noEEfix | N4: new_TE_EEfix | O4: new_GE | P4: new_WithEgestion | Q4: sym_TE_asPP | R4: sym_TE_asDC | S4: sym_GE_asPP | T4: sym_GE_asDC | U4: sym_WithEgestion_asPP | V4: sym_WithEgestion_asDC | W4: MC_new_GE | X4: MC_new_TE_EEfix
A5: Gadus chalcogrammus | B5: 3.57 | C5: 371.53523 | D5: Walleye pollock | Juv. pollock | E5: 0 | F5: 456.53204 | G5: 83.5192 | H5: 140.25751 | I5: 874.70191 | J5: 877.26275 | K5: 875.94423 | L5: 2360.7769 | M5: 2360.7769 | N5: 2398.3729 | O5: 1280.3485 | P5: 394.59866 | Q5: 2398.3729 | R5: 2360.7769 | S5: 1280.3485 | T5: 1280.3485 | U5: 394.59866 | V5: 394.59866 | W5: 1718.5175 | X5: 2542.6197
A6: Clupea pallasii | B6: 3.16 | C6: 144.54398 | D6: Pacific herring | E6: 0 | F6: 614.06139 | G6: 103.48137 | H6: 102.76213 | I6: 206.63307 | J6: 206.63307 | K6: 166.75288 | L6: 674.69506 | M6: 674.69506 | N6: 685.23715 | O6: 543.54058 | P6: 184.06733 | Q6: 685.23715 | R6: 674.69506 | S6: 543.54058 | T6: 543.54058 | U6: 184.06733 | V6: 184.06733 | W6: 701.57933 | X6: 748.50266
A7: Marine fishes not identified | B7: 3.28 | C7: 190.54607 | D7: Other bottom fishes | Other Gadidae | Cottidae | Pleuronectidae | E7: 0 | F7: 543.74153 | G7: 93.693872 | H7: 233.02492 | I7: 3717.0376 | J7: 4576.9557 | K7: 1766.4783 | L7: -220473.71 | M7: -220473.71 | N7: -224113.07 | O7: 9426.4298 | P7: 1064.6545 | Q7: -224113.07 | R7: -220473.71 | S7: 9426.4298 | T7: 9426.4298 | U7: 1064.6545 | V7: 1064.6545 | W7: 33749.646 | X7: 782832.19
A8: Oncorhynchus gorbuscha | B8: 4.49 | C8: 3090.2954 | D8: Salmon | E8: 0 | F8: 537.79367 | G8: 94.024526 | H8: 104.59847 | I8: 157.17606 | J8: 157.62073 | K8: 47.759081 | L8: 685.40699 | M8: 685.40699 | N8: 696.7193 | O8: 75.247908 | P8: 24.548027 | Q8: 696.7193 | R8: 685.40699 | S8: 75.247908 | T8: 75.247908 | U8: 24.548027 | V8: 24.548027 | W8: 98.758639 | X8: 768.31503
A9: Sardinops sagax | B9: 2.84 | C9: 69.183097 | D9: Pacific Sardine | E9: 0 | F9: 14.256076 | G9: 6.82216 | H9: 9.974089 | I9: 16.077349 | J9: 16.077349 | K9: 13.054808 | L9: 22.182506 | M9: 22.182506 | N9: 22.399947 | O9: 18.034849 | P9: 10.353095 | Q9: 22.399947 | R9: 22.182506 | S9: 18.034849 | T9: 18.034849 | U9: 10.353095 | V9: 10.353095 | W9: 20.670316 | X9: 23.720116
A10: Gadus macrocephalus | B10: 4.16 | C10: 1445.4398 | D10: Other Gadidae | E10: 0 | F10: 707.65637 | G10: 114.65268 | H10: 277.54291 | I10: 7317.5268 | J10: 9118.6472 | K10: 3191.5265 | L10: -469569.2 | M10: -469569.2 | N10: -477319.41 | O10: 17690.132 | P10: 1835.9744 | Q10: -477319.41 | R10: -469569.2 | S10: 17690.132 | T10: 17690.132 | U10: 1835.9744 | V10: 1835.9744 | W10: 68000.609 | X10: 1645094.3
A11: Oncorhynchus | B11: 3.95 | C11: 891.25094 | D11: Salmon | E11: 0 | F11: 537.79367 | G11: 94.024526 | H11: 104.59847 | I11: 157.17606 | J11: 157.62073 | K11: 47.759081 | L11: 685.40699 | M11: 685.40699 | N11: 696.7193 | O11: 75.247908 | P11: 24.548027 | Q11: 696.7193 | R11: 685.40699 | S11: 75.247908 | T11: 75.247908 | U11: 24.548027 | V11: 24.548027 | W11: 98.758639 | X11: 768.31503
A12: Oncorhynchus keta | B12: 3.74 | C12: 549.54087 | D12: Salmon | E12: 0 | F12: 537.79367 | G12: 94.024526 | H12: 104.59847 | I12: 157.17606 | J12: 157.62073 | K12: 47.759081 | L12: 685.40699 | M12: 685.40699 | N12: 696.7193 | O12: 75.247908 | P12: 24.548027 | Q12: 696.7193 | R12: 685.40699 | S12: 75.247908 | T12: 75.247908 | U12: 24.548027 | V12: 24.548027 | W12: 98.758639 | X12: 768.31503
A13: Pleuronectiformes | B13: 3.57 | C13: 371.53523 | D13: Pleuronectidae | Other bottom fishes | E13: 0 | F13: 395.929 | G13: 74.793967 | H13: 192.88018 | I13: 470.24514 | J13: 481.42075 | K13: 481.42075 | L13: 4151.7018 | M13: 4151.7018 | N13: 4219.3591 | O13: 1974.5187 | P13: 369.10587 | Q13: 4219.3591 | R13: 4151.7018 | S13: 1974.5187 | T13: 1974.5187 | U13: 369.10587 | V13: 369.10587 | W13: 2863.352 | X13: 5275.0222
A14: Paralithodes camtschaticus | B14: 3.7 | C14: 501.18723 | D14: Crabs and shrimps | E14: 0 | F14: 95.896642 | G14: 27.047208 | H14: 56.071592 | I14: 87.690287 | J14: 88.352076 | K14: 88.352076 | L14: 181.73531 | M14: 181.73531 | N14: 185.1516 | O14: 112.94091 | P14: 44.389715 | Q14: 185.1516 | R14: 181.73531 | S14: 112.94091 | T14: 112.94091 | U14: 44.389715 | V14: 44.389715 | W14: 155.52695 | X14: 203.43301
A15: Pleurogrammus azonus | B15: 3.6 | C15: 398.10717 | D15: Other bottom fishes | E15: 0 | F15: 458.54947 | G15: 83.794097 | H15: 218.42356 | I15: 526.49216 | J15: 541.53312 | K15: 541.53312 | L15: 4898.3287 | M15: 4898.3287 | N15: 4977.9813 | O15: 2326.1304 | P15: 441.45148 | Q15: 4977.9813 | R15: 4898.3287 | S15: 2326.1304 | T15: 2326.1304 | U15: 441.45148 | V15: 441.45148 | W15: 3363.7874 | X15: 6233.0353
A16: Scomber | B16: 3.65 | C16: 446.68359 | D16: Unresolved
A17: Teuthida | B17: 4.13 | C17: 1348.9629 | D17: Squids | E17: 0 | F17: 957.31008 | G17: 142.63165 | H17: 119.67903 | I17: 66.859093 | J17: 71.95407 | K17: 34.034275 | L17: 245.67107 | M17: 245.67107 | N17: 249.51887 | O17: 112.24683 | P17: 37.014939 | Q17: 249.51887 | R17: 245.67107 | S17: 112.24683 | T17: 112.24683 | U17: 37.014939 | V17: 37.014939 | W17: 147.58128 | X17: 273.21898
A18: Eleginus gracilis | B18: 4.1 | C18: 1258.9254 | D18: Other Gadidae | E18: 0 | F18: 707.65637 | G18: 114.65268 | H18: 277.54291 | I18: 7317.5268 | J18: 9118.6472 | K18: 3191.5265 | L18: -469569.2 | M18: -469569.2 | N18: -477319.41 | O18: 17690.132 | P18: 1835.9744 | Q18: -477319.41 | R18: -469569.2 | S18: 17690.132 | T18: 17690.132 | U18: 1835.9744 | V18: 1835.9744 | W18: 68000.609 | X18: 1645094.3
A19: Ammodytes personatus | B19: 3 | C19: 100 | D19: Ammodytidae | E19: 0 | F19: 100.46158 | G19: 27.971595 | H19: 31.859625 | I19: 94.463189 | J19: 94.463189 | K19: 47.9873 | L19: 92.596847 | M19: 92.596847 | N19: 94.628894 | O19: 29.973178 | P19: 17.402106 | Q19: 94.628894 | R19: 92.596847 | S19: 29.973178 | T19: 29.973178 | U19: 17.402106 | V19: 17.402106 | W19: 36.807626 | X19: 94.424628
A20: Todarodes pacificus | B20: 4.28 | C20: 1905.4607 | D20: Squids | E20: 0 | F20: 957.31008 | G20: 142.63165 | H20: 119.67903 | I20: 66.859093 | J20: 71.95407 | K20: 34.034275 | L20: 245.67107 | M20: 245.67107 | N20: 249.51887 | O20: 112.24683 | P20: 37.014939 | Q20: 249.51887 | R20: 245.67107 | S20: 112.24683 | T20: 112.24683 | U20: 37.014939 | V20: 37.014939 | W20: 147.58128 | X20: 273.21898
A21: Mollusca | B21: 2.1 | C21: 12.589254 | D21: 2nd level benthos | Carnivorous invertebrates | Squids | E21: 0 | F21: 613.14549 | G21: 93.496428 | H21: 79.05749 | I21: 46.128964 | J21: 49.33409 | K21: 24.34442 | L21: 158.38368 | M21: 158.38368 | N21: 160.88952 | O21: 72.751657 | P21: 24.743479 | Q21: 160.88952 | R21: 158.38368 | S21: 72.751657 | T21: 72.751657 | U21: 24.743479 | V21: 24.743479 | W21: 95.4643 | X21: 175.92399
A22: Cololabis saira | B22: 3.71 | C22: 512.86138 | D22: Unresolved
A23: Pleurogrammus monopterygius | B23: 3.38 | C23: 239.88329 | D23: Other bottom fishes | E23: 0 | F23: 458.54947 | G23: 83.794097 | H23: 218.42356 | I23: 526.49216 | J23: 541.53312 | K23: 541.53312 | L23: 4898.3287 | M23: 4898.3287 | N23: 4977.9813 | O23: 2326.1304 | P23: 441.45148 | Q23: 4977.9813 | R23: 4898.3287 | S23: 2326.1304 | T23: 2326.1304 | U23: 441.45148 | V23: 441.45148 | W23: 3363.7874 | X23: 6233.0353
A24: Oncorhynchus nerka | B24: 3.54 | C24: 346.73685 | D24: Salmon | E24: 0 | F24: 537.79367 | G24: 94.024526 | H24: 104.59847 | I24: 157.17606 | J24: 157.62073 | K24: 47.759081 | L24: 685.40699 | M24: 685.40699 | N24: 696.7193 | O24: 75.247908 | P24: 24.548027 | Q24: 696.7193 | R24: 685.40699 | S24: 75.247908 | T24: 75.247908 | U24: 24.548027 | V24: 24.548027 | W24: 98.758639 | X24: 768.31503
A25: Pleuronectidae | B25: 3.49 | C25: 309.02954 | D25: Pleuronectidae | E25: 0 | F25: 233.24334 | G25: 51.41196 | H25: 126.51942 | I25: 324.11748 | J25: 325.25104 | K25: 325.25104 | L25: 2211.9929 | M25: 2211.9929 | N25: 2248.4867 | O25: 1061.0447 | P25: 181.15464 | Q25: 2248.4867 | R25: 2211.9929 | S25: 1061.0447 | T25: 1061.0447 | U25: 181.15464 | V25: 181.15464 | W25: 1563.2393 | X25: 2786.1398
A26: Mallotus villosus | B26: 3.15 | C26: 141.25375 | D26: Capelin | E26: 0 | F26: 260.61536 | G26: 55.704276 | H26: 66.983902 | I26: 104.24605 | J26: 104.24605 | K26: 83.501085 | L26: 284.82933 | M26: 284.82933 | N26: 289.28334 | O26: 227.72965 | P26: 82.514502 | Q26: 289.28334 | R26: 284.82933 | S26: 227.72965 | T26: 227.72965 | U26: 82.514502 | V26: 82.514502 | W26: 299.60564 | X26: 310.17827
A27: Miscellaneous marine crustaceans | B27: 2.7 | C27: 50.118723 | D27: Crabs and shrimps | E27: 0 | F27: 95.896642 | G27: 27.047208 | H27: 56.071592 | I27: 87.690287 | J27: 88.352076 | K27: 88.352076 | L27: 181.73531 | M27: 181.73531 | N27: 185.1516 | O27: 112.94091 | P27: 44.389715 | Q27: 185.1516 | R27: 181.73531 | S27: 112.94091 | T27: 112.94091 | U27: 44.389715 | V27: 44.389715 | W27: 155.52695 | X27: 203.43301
A28: Scomber japonicus | B28: 3.38 | C28: 239.88329 | D28: Unresolved
A29: Pectinidae | B29: 2 | C29: 10 | D29: 2nd level benthos | E29: 0 | F29: 10 | G29: 5.280025 | H29: 5.280025 | I29: 4.25396 | J29: 4.25396 | K29: 2.190789 | L29: 4.011903 | M29: 4.011903 | N29: 4.101044 | O29: 2.575732 | P29: 2.017588 | Q29: 4.101044 | R29: 4.011903 | S29: 2.575732 | T29: 2.575732 | U29: 2.017588 | V29: 2.017588 | W29: 3.13337 | X29: 4.076903
A30: Moridae | B30: 3.87 | C30: 741.31024 | D30: Other bottom fishes | E30: 0 | F30: 458.54947 | G30: 83.794097 | H30: 218.42356 | I30: 526.49216 | J30: 541.53312 | K30: 541.53312 | L30: 4898.3287 | M30: 4898.3287 | N30: 4977.9813 | O30: 2326.1304 | P30: 441.45148 | Q30: 4977.9813 | R30: 4898.3287 | S30: 2326.1304 | T30: 2326.1304 | U30: 441.45148 | V30: 441.45148 | W30: 3363.7874 | X30: 6233.0353
A31: Engraulis japonicus | B31: 3.14 | C31: 138.03843 | D31: Unresolved
A32: Laemonema longipes | B32: 3.24 | C32: 173.78008 | D32: Other bottom fishes | E32: 0 | F32: 458.54947 | G32: 83.794097 | H32: 218.42356 | I32: 526.49216 | J32: 541.53312 | K32: 541.53312 | L32: 4898.3287 | M32: 4898.3287 | N32: 4977.9813 | O32: 2326.1304 | P32: 441.45148 | Q32: 4977.9813 | R32: 4898.3287 | S32: 2326.1304 | T32: 2326.1304 | U32: 441.45148 | V32: 441.45148 | W32: 3363.7874 | X32: 6233.0353
A33: Chionoecetes | B33: 2.3 | C33: 19.952623 | D33: Crabs and shrimps | E33: 0 | F33: 95.896642 | G33: 27.047208 | H33: 56.071592 | I33: 87.690287 | J33: 88.352076 | K33: 88.352076 | L33: 181.73531 | M33: 181.73531 | N33: 185.1516 | O33: 112.94091 | P33: 44.389715 | Q33: 185.1516 | R33: 181.73531 | S33: 112.94091 | T33: 112.94091 | U33: 44.389715 | V33: 44.389715 | W33: 155.52695 | X33: 203.43301
A34: Oncorhynchus kisutch | B34: 4.22 | C34: 1659.5869 | D34: Salmon | E34: 0 | F34: 537.79367 | G34: 94.024526 | H34: 104.59847 | I34: 157.17606 | J34: 157.62073 | K34: 47.759081 | L34: 685.40699 | M34: 685.40699 | N34: 696.7193 | O34: 75.247908 | P34: 24.548027 | Q34: 696.7193 | R34: 685.40699 | S34: 75.247908 | T34: 75.247908 | U34: 24.548027 | V34: 24.548027 | W34: 98.758639 | X34: 768.31503
A35: Chionoecetes opilio | B35: 3.54 | C35: 346.73685 | D35: Crabs and shrimps | E35: 0 | F35: 95.896642 | G35: 27.047208 | H35: 56.071592 | I35: 87.690287 | J35: 88.352076 | K35: 88.352076 | L35: 181.73531 | M35: 181.73531 | N35: 185.1516 | O35: 112.94091 | P35: 44.389715 | Q35: 185.1516 | R35: 181.73531 | S35: 112.94091 | T35: 112.94091 | U35: 44.389715 | V35: 44.389715 | W35: 155.52695 | X35: 203.43301
A36: Bivalvia | B36: 2.23 | C36: 16.982437 | D36: 2nd level benthos | E36: 0 | F36: 10 | G36: 5.280025 | H36: 5.280025 | I36: 4.25396 | J36: 4.25396 | K36: 2.190789 | L36: 4.011903 | M36: 4.011903 | N36: 4.101044 | O36: 2.575732 | P36: 2.017588 | Q36: 4.101044 | R36: 4.011903 | S36: 2.575732 | T36: 2.575732 | U36: 2.017588 | V36: 2.017588 | W36: 3.13337 | X36: 4.076903
A37: Atheresthes evermanni | B37: 4.3 | C37: 1995.2623 | D37: Pleuronectidae | E37: 0 | F37: 233.24334 | G37: 51.41196 | H37: 126.51942 | I37: 324.11748 | J37: 325.25104 | K37: 325.25104 | L37: 2211.9929 | M37: 2211.9929 | N37: 2248.4867 | O37: 1061.0447 | P37: 181.15464 | Q37: 2248.4867 | R37: 2211.9929 | S37: 1061.0447 | T37: 1061.0447 | U37: 181.15464 | V37: 181.15464 | W37: 1563.2393 | X37: 2786.1398
A38: Batoidea | B38: 3.72 | C38: 524.80746 | D38: Unresolved
A39: Osmeridae | B39: 3.46 | C39: 288.40315 | D39: Unresolved
A40: Hippoglossus stenolepis | B40: 4.14 | C40: 1380.3843 | D40: Pleuronectidae | E40: 0 | F40: 233.24334 | G40: 51.41196 | H40: 126.51942 | I40: 324.11748 | J40: 325.25104 | K40: 325.25104 | L40: 2211.9929 | M40: 2211.9929 | N40: 2248.4867 | O40: 1061.0447 | P40: 181.15464 | Q40: 2248.4867 | R40: 2211.9929 | S40: 1061.0447 | T40: 1061.0447 | U40: 181.15464 | V40: 181.15464 | W40: 1563.2393 | X40: 2786.1398
A41: Sebastidae | B41: 3.74 | C41: 549.54087 | D41: Other bottom fishes | E41: 0 | F41: 458.54947 | G41: 83.794097 | H41: 218.42356 | I41: 526.49216 | J41: 541.53312 | K41: 541.53312 | L41: 4898.3287 | M41: 4898.3287 | N41: 4977.9813 | O41: 2326.1304 | P41: 441.45148 | Q41: 4977.9813 | R41: 4898.3287 | S41: 2326.1304 | T41: 2326.1304 | U41: 441.45148 | V41: 441.45148 | W41: 3363.7874 | X41: 6233.0353
A42: Decapoda | B42: 3.43 | C42: 269.15348 | D42: Crabs and shrimps | E42: 0 | F42: 95.896642 | G42: 27.047208 | H42: 56.071592 | I42: 87.690287 | J42: 88.352076 | K42: 88.352076 | L42: 181.73531 | M42: 181.73531 | N42: 185.1516 | O42: 112.94091 | P42: 44.389715 | Q42: 185.1516 | R42: 181.73531 | S42: 112.94091 | T42: 112.94091 | U42: 44.389715 | V42: 44.389715 | W42: 155.52695 | X42: 203.43301
A43: Octopoda | B43: 3.58 | C43: 380.1894 | D43: Carnivorous invertebrates | E43: 0 | F43: 100 | G43: 27.878664 | H43: 27.878664 | I43: 35.33173 | J43: 35.33173 | K43: 28.654033 | L43: 33.321302 | M43: 33.321302 | N43: 34.061672 | O43: 17.349743 | P43: 10.872137 | Q43: 34.061672 | R43: 33.321302 | S43: 17.349743 | T43: 17.349743 | U43: 10.872137 | V43: 10.872137 | W43: 21.371774 | X43: 35.712118
A44: Anoplopoma fimbria | B44: 3.84 | C44: 691.83097 | D44: Other bottom fishes | E44: 0 | F44: 458.54947 | G44: 83.794097 | H44: 218.42356 | I44: 526.49216 | J44: 541.53312 | K44: 541.53312 | L44: 4898.3287 | M44: 4898.3287 | N44: 4977.9813 | O44: 2326.1304 | P44: 441.45148 | Q44: 4977.9813 | R44: 4898.3287 | S44: 2326.1304 | T44: 2326.1304 | U44: 441.45148 | V44: 441.45148 | W44: 3363.7874 | X44: 6233.0353
A45: Reinhardtius hippoglossoides | B45: 4.38 | C45: 2398.8329 | D45: Pleuronectidae | E45: 0 | F45: 233.24334 | G45: 51.41196 | H45: 126.51942 | I45: 324.11748 | J45: 325.25104 | K45: 325.25104 | L45: 2211.9929 | M45: 2211.9929 | N45: 2248.4867 | O45: 1061.0447 | P45: 181.15464 | Q45: 2248.4867 | R45: 2211.9929 | S45: 1061.0447 | T45: 1061.0447 | U45: 181.15464 | V45: 181.15464 | W45: 1563.2393 | X45: 2786.1398
A46: Salmonidae | B46: 3.3 | C46: 199.52623 | D46: Salmon | E46: 0 | F46: 537.79367 | G46: 94.024526 | H46: 104.59847 | I46: 157.17606 | J46: 157.62073 | K46: 47.759081 | L46: 685.40699 | M46: 685.40699 | N46: 696.7193 | O46: 75.247908 | P46: 24.548027 | Q46: 696.7193 | R46: 685.40699 | S46: 75.247908 | T46: 75.247908 | U46: 24.548027 | V46: 24.548027 | W46: 98.758639 | X46: 768.31503
A47: Arctoscopus japonicus | B47: 3.51 | C47: 323.59366 | D47: Other bottom fishes | E47: 0 | F47: 458.54947 | G47: 83.794097 | H47: 218.42356 | I47: 526.49216 | J47: 541.53312 | K47: 541.53312 | L47: 4898.3287 | M47: 4898.3287 | N47: 4977.9813 | O47: 2326.1304 | P47: 441.45148 | Q47: 4977.9813 | R47: 4898.3287 | S47: 2326.1304 | T47: 2326.1304 | U47: 441.45148 | V47: 441.45148 | W47: 3363.7874 | X47: 6233.0353
A48: Trichiurus lepturus | B48: 4.42 | C48: 2630.268 | D48: Unresolved
A49: Brachyura | B49: 2.6 | C49: 39.810717 | D49: Crabs and shrimps | E49: 0 | F49: 95.896642 | G49: 27.047208 | H49: 56.071592 | I49: 87.690287 | J49: 88.352076 | K49: 88.352076 | L49: 181.73531 | M49: 181.73531 | N49: 185.1516 | O49: 112.94091 | P49: 44.389715 | Q49: 185.1516 | R49: 181.73531 | S49: 112.94091 | T49: 112.94091 | U49: 44.389715 | V49: 44.389715 | W49: 155.52695 | X49: 203.43301
A50: Pandalus borealis | B50: 3.07 | C50: 117.48976 | D50: Crabs and shrimps | E50: 0 | F50: 95.896642 | G50: 27.047208 | H50: 56.071592 | I50: 87.690287 | J50: 88.352076 | K50: 88.352076 | L50: 181.73531 | M50: 181.73531 | N50: 185.1516 | O50: 112.94091 | P50: 44.389715 | Q50: 185.1516 | R50: 181.73531 | S50: 112.94091 | T50: 112.94091 | U50: 44.389715 | V50: 44.389715 | W50: 155.52695 | X50: 203.43301
A51: Cephalopoda | B51: 3.81 | C51: 645.65423 | D51: Squids | Carnivorous invertebrates | E51: 0 | F51: 860.39922 | G51: 129.6599 | H51: 109.30186 | I51: 63.295221 | J51: 67.814258 | K51: 33.426089 | L51: 221.66692 | M51: 221.66692 | N51: 225.16346 | O51: 101.51961 | P51: 34.059741 | Q51: 225.16346 | R51: 221.66692 | S51: 101.51961 | T51: 101.51961 | U51: 34.059741 | V51: 34.059741 | W51: 133.31448 | X51: 246.37106
A52: Trachurus japonicus | B52: 3.4 | C52: 251.18864 | D52: Unresolved
A53: Mizuhopecten yessoensis | B53: 2.1 | C53: 12.589254 | D53: 2nd level benthos | E53: 0 | F53: 10 | G53: 5.280025 | H53: 5.280025 | I53: 4.25396 | J53: 4.25396 | K53: 2.190789 | L53: 4.011903 | M53: 4.011903 | N53: 4.101044 | O53: 2.575732 | P53: 2.017588 | Q53: 4.101044 | R53: 4.011903 | S53: 2.575732 | T53: 2.575732 | U53: 2.017588 | V53: 2.017588 | W53: 3.13337 | X53: 4.076903
A54: Octopodidae | B54: 3.59 | C54: 389.04514 | D54: Carnivorous invertebrates | E54: 0 | F54: 100 | G54: 27.878664 | H54: 27.878664 | I54: 35.33173 | J54: 35.33173 | K54: 28.654033 | L54: 33.321302 | M54: 33.321302 | N54: 34.061672 | O54: 17.349743 | P54: 10.872137 | Q54: 34.061672 | R54: 33.321302 | S54: 17.349743 | T54: 17.349743 | U54: 10.872137 | V54: 10.872137 | W54: 21.371774 | X54: 35.712118
A55: Sciaenidae | B55: 3.76 | C55: 575.43994 | D55: Unresolved
A56: Carangidae | B56: 4.05 | C56: 1122.0185 | D56: Unresolved
A57: Sebastes | B57: 3.79 | C57: 616.595 | D57: Other bottom fishes | E57: 0 | F57: 458.54947 | G57: 83.794097 | H57: 218.42356 | I57: 526.49216 | J57: 541.53312 | K57: 541.53312 | L57: 4898.3287 | M57: 4898.3287 | N57: 4977.9813 | O57: 2326.1304 | P57: 441.45148 | Q57: 4977.9813 | R57: 4898.3287 | S57: 2326.1304 | T57: 2326.1304 | U57: 441.45148 | V57: 441.45148 | W57: 3363.7874 | X57: 6233.0353
A58: Echinoidea | B58: 2.51 | C58: 32.359366 | D58: 2nd level benthos | E58: 0 | F58: 10 | G58: 5.280025 | H58: 5.280025 | I58: 4.25396 | J58: 4.25396 | K58: 2.190789 | L58: 4.011903 | M58: 4.011903 | N58: 4.101044 | O58: 2.575732 | P58: 2.017588 | Q58: 4.101044 | R58: 4.011903 | S58: 2.575732 | T58: 2.575732 | U58: 2.017588 | V58: 2.017588 | W58: 3.13337 | X58: 4.076903
A59: Seriola lalandi | D59: Unresolved
A60: Mugil cephalus | B60: 2.14 | C60: 13.803843 | D60: Unresolved
A61: Chondrichthyes | B61: 4 | C61: 1000 | D61: Unresolved
A62: Scombridae | B62: 4.26 | C62: 1819.7009 | D62: Unresolved
A63: Sebastes alutus | B63: 3.48 | C63: 301.99517 | D63: Other bottom fishes | E63: 0 | F63: 458.54947 | G63: 83.794097 | H63: 218.42356 | I63: 526.49216 | J63: 541.53312 | K63: 541.53312 | L63: 4898.3287 | M63: 4898.3287 | N63: 4977.9813 | O63: 2326.1304 | P63: 441.45148 | Q63: 4977.9813 | R63: 4898.3287 | S63: 2326.1304 | T63: 2326.1304 | U63: 441.45148 | V63: 441.45148 | W63: 3363.7874 | X63: 6233.0353
A64: Oncorhynchus tshawytscha | B64: 4.4 | C64: 2511.8864 | D64: Salmon | E64: 0 | F64: 537.79367 | G64: 94.024526 | H64: 104.59847 | I64: 157.17606 | J64: 157.62073 | K64: 47.759081 | L64: 685.40699 | M64: 685.40699 | N64: 696.7193 | O64: 75.247908 | P64: 24.548027 | Q64: 696.7193 | R64: 685.40699 | S64: 75.247908 | T64: 75.247908 | U64: 24.548027 | V64: 24.548027 | W64: 98.758639 | X64: 768.31503
A65: Salvelinus | B65: 4.1 | C65: 1258.9254 | D65: Unresolved
A66: Paralithodes platypus | B66: 3.79 | C66: 616.595 | D66: Crabs and shrimps | E66: 0 | F66: 95.896642 | G66: 27.047208 | H66: 56.071592 | I66: 87.690287 | J66: 88.352076 | K66: 88.352076 | L66: 181.73531 | M66: 181.73531 | N66: 185.1516 | O66: 112.94091 | P66: 44.389715 | Q66: 185.1516 | R66: 181.73531 | S66: 112.94091 | T66: 112.94091 | U66: 44.389715 | V66: 44.389715 | W66: 155.52695 | X66: 203.43301
A67: Pentaceros wheeleri | D67: Unresolved
A68: Limanda aspera | D68: Pleuronectidae | E68: 0 | F68: 233.24334 | G68: 51.41196 | H68: 126.51942 | I68: 324.11748 | J68: 325.25104 | K68: 325.25104 | L68: 2211.9929 | M68: 2211.9929 | N68: 2248.4867 | O68: 1061.0447 | P68: 181.15464 | Q68: 2248.4867 | R68: 2211.9929 | S68: 1061.0447 | T68: 1061.0447 | U68: 181.15464 | V68: 181.15464 | W68: 1563.2393 | X68: 2786.1398
A69: Bathylagidae | B69: 3.1 | C69: 125.89254 | D69: Bathylagidae | E69: 0 | F69: 433.07266 | G69: 80.403265 | H69: 90.834756 | I69: 595.98081 | J69: 596.6601 | K69: 82.339094 | L69: 1635.3502 | M69: 1635.3502 | N69: 1661.4418 | O69: 216.5207 | P69: 75.945399 | Q69: 1661.4418 | R69: 1635.3502 | S69: 216.5207 | T69: 216.5207 | U69: 75.945399 | V69: 75.945399 | W69: 288.59031 | X69: 1722.3438
A70: Seriola | B70: 4.39 | C70: 2454.7089 | D70: Unresolved
A71: Thunnus alalunga | B71: 4.3 | C71: 1995.2623 | D71: Unresolved
A72: Loliginidae | B72: 3.9 | C72: 794.32823 | D72: Squids | E72: 0 | F72: 957.31008 | G72: 142.63165 | H72: 119.67903 | I72: 66.859093 | J72: 71.95407 | K72: 34.034275 | L72: 245.67107 | M72: 245.67107 | N72: 249.51887 | O72: 112.24683 | P72: 37.014939 | Q72: 249.51887 | R72: 245.67107 | S72: 112.24683 | T72: 112.24683 | U72: 37.014939 | V72: 37.014939 | W72: 147.58128 | X72: 273.21898
A73: Hippoglossoides elassodon | D73: Pleuronectidae | E73: 0 | F73: 233.24334 | G73: 51.41196 | H73: 126.51942 | I73: 324.11748 | J73: 325.25104 | K73: 325.25104 | L73: 2211.9929 | M73: 2211.9929 | N73: 2248.4867 | O73: 1061.0447 | P73: 181.15464 | Q73: 2248.4867 | R73: 2211.9929 | S73: 1061.0447 | T73: 1061.0447 | U73: 181.15464 | V73: 181.15464 | W73: 1563.2393 | X73: 2786.1398
A74: Gadidae | B74: 3.84 | C74: 691.83097 | D74: Walleye pollock | Juv. pollock | Other Gadidae | E74: 0 | F74: 472.2145 | G74: 85.463455 | H74: 148.83084 | I74: 1277.0498 | J74: 1391.9288 | K74: 1020.55 | L74: -27110.769 | M74: -27110.769 | N74: -27559.513 | O74: 2305.1227 | P74: 484.6111 | Q74: -27559.513 | R74: -27110.769 | S74: 2305.1227 | T74: 2305.1227 | U74: 484.6111 | V74: 484.6111 | W74: 5857.7665 | X74: 105118.3
A75: Gastropoda | B75: 3.06 | C75: 114.81536 | D75: 2nd level benthos | Carnivorous invertebrates | E75: 0 | F75: 29.4532 | G75: 10.164646 | H75: 10.164646 | I75: 10.971317 | J75: 10.971317 | K75: 7.910732 | L75: 10.347032 | M75: 10.347032 | N75: 10.576934 | O75: 5.769085 | P75: 3.93147 | Q75: 10.576934 | R75: 10.347032 | S75: 5.769085 | T75: 5.769085 | U75: 3.93147 | V75: 3.93147 | W75: 7.07554 | X75: 10.91475
A76: Berryteuthis magister | D76: Squids | E76: 0 | F76: 957.31008 | G76: 142.63165 | H76: 119.67903 | I76: 66.859093 | J76: 71.95407 | K76: 34.034275 | L76: 245.67107 | M76: 245.67107 | N76: 249.51887 | O76: 112.24683 | P76: 37.014939 | Q76: 249.51887 | R76: 245.67107 | S76: 112.24683 | T76: 112.24683 | U76: 37.014939 | V76: 37.014939 | W76: 147.58128 | X76: 273.21898
A77: Lutjanidae | B77: 4.02 | C77: 1047.1285 | D77: Unresolved
A78: Clupeidae | B78: 3.16 | C78: 144.54398 | D78: Unresolved
A79: Holothuroidea | B79: 2 | C79: 10 | D79: 2nd level benthos | E79: 0 | F79: 10 | G79: 5.280025 | H79: 5.280025 | I79: 4.25396 | J79: 4.25396 | K79: 2.190789 | L79: 4.011903 | M79: 4.011903 | N79: 4.101044 | O79: 2.575732 | P79: 2.017588 | Q79: 4.101044 | R79: 4.011903 | S79: 2.575732 | T79: 2.575732 | U79: 2.017588 | V79: 2.017588 | W79: 3.13337 | X79: 4.076903
A80: Dendrobranchiata | B80: 3.24 | C80: 173.78008 | D80: Crabs and shrimps | E80: 0 | F80: 95.896642 | G80: 27.047208 | H80: 56.071592 | I80: 87.690287 | J80: 88.352076 | K80: 88.352076 | L80: 181.73531 | M80: 181.73531 | N80: 185.1516 | O80: 112.94091 | P80: 44.389715 | Q80: 185.1516 | R80: 181.73531 | S80: 112.94091 | T80: 112.94091 | U80: 44.389715 | V80: 44.389715 | W80: 155.52695 | X80: 203.43301
A81: Pandalus | D81: Crabs and shrimps | E81: 0 | F81: 95.896642 | G81: 27.047208 | H81: 56.071592 | I81: 87.690287 | J81: 88.352076 | K81: 88.352076 | L81: 181.73531 | M81: 181.73531 | N81: 185.1516 | O81: 112.94091 | P81: 44.389715 | Q81: 185.1516 | R81: 181.73531 | S81: 112.94091 | T81: 112.94091 | U81: 44.389715 | V81: 44.389715 | W81: 155.52695 | X81: 203.43301
A82: Tetraodontidae | B82: 3.5 | C82: 316.22777 | D82: Unresolved
A83: Muraenesox cinereus | B83: 4.38 | C83: 2398.8329 | D83: Unresolved
A84: Paralichthys olivaceus | B84: 4.25 | C84: 1778.2794 | D84: Other bottom fishes | E84: 0 | F84: 458.54947 | G84: 83.794097 | H84: 218.42356 | I84: 526.49216 | J84: 541.53312 | K84: 541.53312 | L84: 4898.3287 | M84: 4898.3287 | N84: 4977.9813 | O84: 2326.1304 | P84: 441.45148 | Q84: 4977.9813 | R84: 4898.3287 | S84: 2326.1304 | T84: 2326.1304 | U84: 441.45148 | V84: 441.45148 | W84: 3363.7874 | X84: 6233.0353
A85: Salvelinus malma | B85: 4.4 | C85: 2511.8864 | D85: Unresolved
A86: Mactridae | B86: 2 | C86: 10 | D86: 2nd level benthos | E86: 0 | F86: 10 | G86: 5.280025 | H86: 5.280025 | I86: 4.25396 | J86: 4.25396 | K86: 2.190789 | L86: 4.011903 | M86: 4.011903 | N86: 4.101044 | O86: 2.575732 | P86: 2.017588 | Q86: 4.101044 | R86: 4.011903 | S86: 2.575732 | T86: 2.575732 | U86: 2.017588 | V86: 2.017588 | W86: 3.13337 | X86: 4.076903
A87: Cyprinidae | B87: 2.8 | C87: 63.095734 | D87: Unresolved
A88: Paralithodes | D88: Crabs and shrimps | E88: 0 | F88: 95.896642 | G88: 27.047208 | H88: 56.071592 | I88: 87.690287 | J88: 88.352076 | K88: 88.352076 | L88: 181.73531 | M88: 181.73531 | N88: 185.1516 | O88: 112.94091 | P88: 44.389715 | Q88: 185.1516 | R88: 181.73531 | S88: 112.94091 | T88: 112.94091 | U88: 44.389715 | V88: 44.389715 | W88: 155.52695 | X88: 203.43301
A89: Scorpaeniformes | B89: 3.78 | C89: 602.55959 | D89: Cottidae | Other bottom fishes | E89: 0 | F89: 458.54947 | G89: 83.794097 | H89: 218.42356 | I89: 526.49216 | J89: 541.53312 | K89: 541.53312 | L89: 4898.3287 | M89: 4898.3287 | N89: 4977.9813 | O89: 2326.1304 | P89: 441.45148 | Q89: 4977.9813 | R89: 4898.3287 | S89: 2326.1304 | T89: 2326.1304 | U89: 441.45148 | V89: 441.45148 | W89: 3363.7874 | X89: 6233.0353
A90: Pandalus goniurus | B90: 2.6 | C90: 39.810717 | D90: Crabs and shrimps | E90: 0 | F90: 95.896642 | G90: 27.047208 | H90: 56.071592 | I90: 87.690287 | J90: 88.352076 | K90: 88.352076 | L90: 181.73531 | M90: 181.73531 | N90: 185.1516 | O90: 112.94091 | P90: 44.389715 | Q90: 185.1516 | R90: 181.73531 | S90: 112.94091 | T90: 112.94091 | U90: 44.389715 | V90: 44.389715 | W90: 155.52695 | X90: 203.43301
A91: Clupeiformes | B91: 3.24 | C91: 173.78008 | D91: Unresolved
A92: Thunnus orientalis | B92: 4.05 | C92: 1122.0185 | D92: Unresolved
A93: Chionoecetes japonicus | B93: 3.74 | C93: 549.54087 | D93: Crabs and shrimps | E93: 0 | F93: 95.896642 | G93: 27.047208 | H93: 56.071592 | I93: 87.690287 | J93: 88.352076 | K93: 88.352076 | L93: 181.73531 | M93: 181.73531 | N93: 185.1516 | O93: 112.94091 | P93: 44.389715 | Q93: 185.1516 | R93: 181.73531 | S93: 112.94091 | T93: 112.94091 | U93: 44.389715 | V93: 44.389715 | W93: 155.52695 | X93: 203.43301
A94: Ommastrephidae | B94: 4.09 | C94: 1230.2688 | D94: Squids | E94: 0 | F94: 957.31008 | G94: 142.63165 | H94: 119.67903 | I94: 66.859093 | J94: 71.95407 | K94: 34.034275 | L94: 245.67107 | M94: 245.67107 | N94: 249.51887 | O94: 112.24683 | P94: 37.014939 | Q94: 249.51887 | R94: 245.67107 | S94: 112.24683 | T94: 112.24683 | U94: 37.014939 | V94: 37.014939 | W94: 147.58128 | X94: 273.21898
A95: Sebastolobus alascanus | B95: 3.62 | C95: 416.86938 | D95: Other bottom fishes | E95: 0 | F95: 458.54947 | G95: 83.794097 | H95: 218.42356 | I95: 526.49216 | J95: 541.53312 | K95: 541.53312 | L95: 4898.3287 | M95: 4898.3287 | N95: 4977.9813 | O95: 2326.1304 | P95: 441.45148 | Q95: 4977.9813 | R95: 4898.3287 | S95: 2326.1304 | T95: 2326.1304 | U95: 441.45148 | V95: 441.45148 | W95: 3363.7874 | X95: 6233.0353
A96: Octopus | B96: 3.8 | C96: 630.95734 | D96: Carnivorous invertebrates | E96: 0 | F96: 100 | G96: 27.878664 | H96: 27.878664 | I96: 35.33173 | J96: 35.33173 | K96: 28.654033 | L96: 33.321302 | M96: 33.321302 | N96: 34.061672 | O96: 17.349743 | P96: 10.872137 | Q96: 34.061672 | R96: 33.321302 | S96: 17.349743 | T96: 17.349743 | U96: 10.872137 | V96: 10.872137 | W96: 21.371774 | X96: 35.712118
A97: Pandalus hypsinotus | B97: 2.6 | C97: 39.810717 | D97: Crabs and shrimps | E97: 0 | F97: 95.896642 | G97: 27.047208 | H97: 56.071592 | I97: 87.690287 | J97: 88.352076 | K97: 88.352076 | L97: 181.73531 | M97: 181.73531 | N97: 185.1516 | O97: 112.94091 | P97: 44.389715 | Q97: 185.1516 | R97: 181.73531 | S97: 112.94091 | T97: 112.94091 | U97: 44.389715 | V97: 44.389715 | W97: 155.52695 | X97: 203.43301
A98: Squillidae | B98: 3.5 | C98: 316.22777 | D98: Carnivorous invertebrates | E98: 0 | F98: 100 | G98: 27.878664 | H98: 27.878664 | I98: 35.33173 | J98: 35.33173 | K98: 28.654033 | L98: 33.321302 | M98: 33.321302 | N98: 34.061672 | O98: 17.349743 | P98: 10.872137 | Q98: 34.061672 | R98: 33.321302 | S98: 17.349743 | T98: 17.349743 | U98: 10.872137 | V98: 10.872137 | W98: 21.371774 | X98: 35.712118
A99: Elasmobranchii | B99: 4.05 | C99: 1122.0185 | D99: Unresolved
A100: Trachurus | B100: 3.69 | C100: 489.77882 | D100: Unresolved
...

Sheet PPR by method
A1: Total PPR by method and year — every taxon summed, tonnes wet weight equivalent of primary production.
A2: All basal sources, including imports. The simple chain rows are unpartitioned references; model rows use this scope.
A3: Methods are not alternatives to be averaged. They rest on different assumptions and the spread between them is the result.
A4: The two grey rows aggregate the catch to a group before exponentiating, which understates the total: SPPR is convex in trophic level, so they measure the Jensen effect rather than the PPR.
A5: method | B5: status | C5: 1950 | D5: 1951 | E5: 1952 | F5: 1953 | G5: 1954 | H5: 1955 | I5: 1956 | J5: 1957 | K5: 1958 | L5: 1959 | M5: 1960 | N5: 1961 | O5: 1962 | P5: 1963 | Q5: 1964 | R5: 1965 | S5: 1966 | T5: 1967 | U5: 1968 | V5: 1969 | W5: 1970 | X5: 1971 | Y5: 1972 | Z5: 1973 | AA5: 1974 | AB5: 1975 | AC5: 1976 | AD5: 1977 | AE5: 1978 | AF5: 1979 | AG5: 1980 | AH5: 1981 | AI5: 1982 | AJ5: 1983 | AK5: 1984 | AL5: 1985 | AM5: 1986 | AN5: 1987 | AO5: 1988 | AP5: 1989 | AQ5: 1990 | AR5: 1991 | AS5: 1992 | AT5: 1993 | AU5: 1994 | AV5: 1995 | AW5: 1996 | AX5: 1997 | AY5: 1998 | AZ5: 1999 | BA5: 2000 | BB5: 2001 | BC5: 2002 | BD5: 2003 | BE5: 2004 | BF5: 2005 | BG5: 2006 | BH5: 2007 | BI5: 2008 | BJ5: 2009 | BK5: 2010 | BL5: 2011 | BM5: 2012 | BN5: 2013 | BO5: 2014 | BP5: 2015 | BQ5: 2016 | BR5: 2017 | BS5: 2018 | BT5: 2019
A6: simple trophic chain, per taxon | B6: ok | C6: 5.3844723e+08 | D6: 8.2486898e+08 | E6: 6.486404e+08 | F6: 8.5493846e+08 | G6: 7.2652593e+08 | H6: 8.8697267e+08 | I6: 9.0960922e+08 | J6: 1.0340751e+09 | K6: 4.9879411e+08 | L6: 5.4931683e+08 | M6: 4.6600869e+08 | N6: 5.1706994e+08 | O6: 4.8726832e+08 | P6: 5.8480026e+08 | Q6: 4.9654734e+08 | R6: 6.5976157e+08 | S6: 6.0290692e+08 | T6: 7.3304041e+08 | U6: 7.305581e+08 | V6: 8.2934828e+08 | W6: 6.8175396e+08 | X6: 8.3138294e+08 | Y6: 7.2696205e+08 | Z6: 1.0566309e+09 | AA6: 9.9982216e+08 | AB6: 1.2624933e+09 | AC6: 1.2043476e+09 | AD6: 1.3633678e+09 | AE6: 1.1852599e+09 | AF6: 1.3269913e+09 | AG6: 1.3590576e+09 | AH6: 1.4519305e+09 | AI6: 1.5571867e+09 | AJ6: 1.7896669e+09 | AK6: 2.222465e+09 | AL6: 2.4321149e+09 | AM6: 2.532339e+09 | AN6: 2.5958681e+09 | AO6: 2.4332065e+09 | AP6: 2.9323075e+09 | AQ6: 3.0554563e+09 | AR6: 3.2521905e+09 | AS6: 2.9163797e+09 | AT6: 2.7688921e+09 | AU6: 2.4860699e+09 | AV6: 3.040276e+09 | AW6: 3.2953072e+09 | AX6: 3.3865026e+09 | AY6: 3.0258874e+09 | AZ6: 2.8691295e+09 | BA6: 2.5058168e+09 | BB6: 2.545972e+09 | BC6: 1.9159734e+09 | BD6: 2.3074682e+09 | BE6: 1.8784148e+09 | BF6: 2.2340697e+09 | BG6: 2.2156421e+09 | BH6: 2.5135903e+09 | BI6: 2.1967392e+09 | BJ6: 2.6889613e+09 | BK6: 2.4986029e+09 | BL6: 3.0615492e+09 | BM6: 2.8095384e+09 | BN6: 2.7250169e+09 | BO6: 2.5047368e+09 | BP6: 2.5089698e+09 | BQ6: 2.6832294e+09 | BR6: 2.5553577e+09 | BS6: 3.1569109e+09 | BT6: 2.7995434e+09
A7: simple, aggregated to SAU functional group | B7: Jensen comparison, not a PPR estimate | C7: 3.8599653e+08 | D7: 5.6743149e+08 | E7: 4.5723248e+08 | F7: 5.8237748e+08 | G7: 5.0765137e+08 | H7: 6.0936422e+08 | I7: 6.3541655e+08 | J7: 7.1904609e+08 | K7: 4.0396176e+08 | L7: 4.3742968e+08 | M7: 3.9979661e+08 | N7: 4.3500987e+08 | O7: 4.2120413e+08 | P7: 4.7570518e+08 | Q7: 4.2488437e+08 | R7: 5.3867933e+08 | S7: 5.2482065e+08 | T7: 6.1240541e+08 | U7: 6.5584195e+08 | V7: 6.8998556e+08 | W7: 6.1245957e+08 | X7: 7.043755e+08 | Y7: 6.5042372e+08 | Z7: 9.0613363e+08 | AA7: 8.9854351e+08 | AB7: 1.0837054e+09 | AC7: 1.0704395e+09 | AD7: 1.1642091e+09 | AE7: 1.0515198e+09 | AF7: 1.1336478e+09 | AG7: 1.1798427e+09 | AH7: 1.2509143e+09 | AI7: 1.3960066e+09 | AJ7: 1.549372e+09 | AK7: 2.0143757e+09 | AL7: 2.1662043e+09 | AM7: 2.317008e+09 | AN7: 2.2996081e+09 | AO7: 2.2140935e+09 | AP7: 2.5650989e+09 | AQ7: 2.7413e+09 | AR7: 2.8301725e+09 | AS7: 2.5858084e+09 | AT7: 2.3434884e+09 | AU7: 2.0983795e+09 | AV7: 2.589215e+09 | AW7: 2.8739341e+09 | AX7: 2.88749e+09 | AY7: 2.5435671e+09 | AZ7: 2.3572315e+09 | BA7: 1.9998811e+09 | BB7: 2.0229152e+09 | BC7: 1.4983076e+09 | BD7: 1.7888332e+09 | BE7: 1.4354684e+09 | BF7: 1.6720796e+09 | BG7: 1.6864916e+09 | BH7: 1.9201077e+09 | BI7: 1.6825043e+09 | BJ7: 1.9636274e+09 | BK7: 1.9033944e+09 | BL7: 2.208535e+09 | BM7: 2.060223e+09 | BN7: 2.0195404e+09 | BO7: 1.8841017e+09 | BP7: 1.9204022e+09 | BQ7: 2.0073653e+09 | BR7: 1.957347e+09 | BS7: 2.3231001e+09 | BT7: 2.1311586e+09
A8: simple, aggregated to SAU commercial group | B8: Jensen comparison, not a PPR estimate | C8: 4.0756887e+08 | D8: 6.3025722e+08 | E8: 4.9879349e+08 | F8: 6.6922641e+08 | G8: 5.6333901e+08 | H8: 6.8676545e+08 | I8: 7.0614134e+08 | J8: 8.1039818e+08 | K8: 3.889067e+08 | L8: 4.1959077e+08 | M8: 3.6039274e+08 | N8: 4.0033563e+08 | O8: 3.7640085e+08 | P8: 4.4969022e+08 | Q8: 4.0114003e+08 | R8: 5.2138875e+08 | S8: 4.9611481e+08 | T8: 5.909954e+08 | U8: 6.0597526e+08 | V8: 6.7161429e+08 | W8: 5.8179391e+08 | X8: 6.9322488e+08 | Y8: 6.1649507e+08 | Z8: 8.9256625e+08 | AA8: 8.6587297e+08 | AB8: 1.0836052e+09 | AC8: 1.0593532e+09 | AD8: 1.1698185e+09 | AE8: 1.0371021e+09 | AF8: 1.1353459e+09 | AG8: 1.1635808e+09 | AH8: 1.2432949e+09 | AI8: 1.3542181e+09 | AJ8: 1.5471582e+09 | AK8: 1.9263419e+09 | AL8: 2.0719152e+09 | AM8: 2.2089234e+09 | AN8: 2.2366949e+09 | AO8: 2.1499181e+09 | AP8: 2.563523e+09 | AQ8: 2.7012459e+09 | AR8: 2.8643267e+09 | AS8: 2.5742789e+09 | AT8: 2.4277996e+09 | AU8: 2.1654408e+09 | AV8: 2.6568739e+09 | AW8: 2.909233e+09 | AX8: 2.9845811e+09 | AY8: 2.6303685e+09 | AZ8: 2.4409604e+09 | BA8: 2.0844307e+09 | BB8: 2.141949e+09 | BC8: 1.5385462e+09 | BD8: 1.9228925e+09 | BE8: 1.5229748e+09 | BF8: 1.8228949e+09 | BG8: 1.8063456e+09 | BH8: 2.0642615e+09 | BI8: 1.7806614e+09 | BJ8: 2.1850986e+09 | BK8: 2.0310747e+09 | BL8: 2.5059988e+09 | BM8: 2.2625053e+09 | BN8: 2.1762751e+09 | BO8: 1.9978078e+09 | BP8: 2.0125643e+09 | BQ8: 2.1484684e+09 | BR8: 2.0546362e+09 | BS8: 2.5368093e+09 | BT8: 2.2427842e+09
A9: SPPR_1986 | B9: returned zero for every mapped group - check the method upstream | C9: 0 | D9: 0 | E9: 0 | F9: 0 | G9: 0 | H9: 0 | I9: 0 | J9: 0 | K9: 0 | L9: 0 | M9: 0 | N9: 0 | O9: 0 | P9: 0 | Q9: 0 | R9: 0 | S9: 0 | T9: 0 | U9: 0 | V9: 0 | W9: 0 | X9: 0 | Y9: 0 | Z9: 0 | AA9: 0 | AB9: 0 | AC9: 0 | AD9: 0 | AE9: 0 | AF9: 0 | AG9: 0 | AH9: 0 | AI9: 0 | AJ9: 0 | AK9: 0 | AL9: 0 | AM9: 0 | AN9: 0 | AO9: 0 | AP9: 0 | AQ9: 0 | AR9: 0 | AS9: 0 | AT9: 0 | AU9: 0 | AV9: 0 | AW9: 0 | AX9: 0 | AY9: 0 | AZ9: 0 | BA9: 0 | BB9: 0 | BC9: 0 | BD9: 0 | BE9: 0 | BF9: 0 | BG9: 0 | BH9: 0 | BI9: 0 | BJ9: 0 | BK9: 0 | BL9: 0 | BM9: 0 | BN9: 0 | BO9: 0 | BP9: 0 | BQ9: 0 | BR9: 0 | BS9: 0 | BT9: 0
A10: SPPR_1995_TE0.1 | B10: ok | C10: 3.5348047e+08 | D10: 4.3215025e+08 | E10: 3.9699165e+08 | F10: 4.3911876e+08 | G10: 4.2443478e+08 | H10: 4.9849111e+08 | I10: 5.3013283e+08 | J10: 6.3612273e+08 | K10: 4.8649911e+08 | L10: 4.5581055e+08 | M10: 3.9466858e+08 | N10: 4.5176383e+08 | O10: 4.0744422e+08 | P10: 5.2601964e+08 | Q10: 5.3442186e+08 | R10: 6.3955398e+08 | S10: 6.3243312e+08 | T10: 7.0709747e+08 | U10: 7.8014587e+08 | V10: 7.986552e+08 | W10: 7.5194668e+08 | X10: 8.2986051e+08 | Y10: 7.7822806e+08 | Z10: 1.0760973e+09 | AA10: 1.0898515e+09 | AB10: 1.290518e+09 | AC10: 1.2744325e+09 | AD10: 1.3189102e+09 | AE10: 1.1335379e+09 | AF10: 1.217218e+09 | AG10: 1.2667344e+09 | AH10: 1.3886725e+09 | AI10: 1.5656357e+09 | AJ10: 1.7227285e+09 | AK10: 2.2913054e+09 | AL10: 2.424131e+09 | AM10: 2.6520882e+09 | AN10: 2.6144602e+09 | AO10: 2.5717952e+09 | AP10: 2.8006984e+09 | AQ10: 3.0944119e+09 | AR10: 2.9881827e+09 | AS10: 2.9132421e+09 | AT10: 2.535493e+09 | AU10: 2.1598709e+09 | AV10: 2.678828e+09 | AW10: 3.1381105e+09 | AX10: 3.1339495e+09 | AY10: 2.8216403e+09 | AZ10: 2.522746e+09 | BA10: 2.1860035e+09 | BB10: 2.1684608e+09 | BC10: 1.5208948e+09 | BD10: 1.8886552e+09 | BE10: 1.5363346e+09 | BF10: 1.6969468e+09 | BG10: 1.7323497e+09 | BH10: 1.8949875e+09 | BI10: 1.7129876e+09 | BJ10: 1.8685013e+09 | BK10: 2.0134947e+09 | BL10: 2.1248884e+09 | BM10: 2.1485083e+09 | BN10: 2.0997561e+09 | BO10: 2.1139603e+09 | BP10: 2.0851125e+09 | BQ10: 2.1906252e+09 | BR10: 2.1863136e+09 | BS10: 2.3081187e+09 | BT10: 2.2639834e+09
A11: SPPR_1995_TEmean | B11: ok | C11: 61557349 | D11: 75390787 | E11: 69265616 | F11: 76542487 | G11: 74123349 | H11: 87307678 | I11: 93425924 | J11: 1.1153383e+08 | K11: 85616767 | L11: 80398484 | M11: 69620774 | N11: 79597471 | O11: 71717676 | P11: 92245982 | Q11: 94006100 | R11: 1.1299074e+08 | S11: 1.1217551e+08 | T11: 1.2538001e+08 | U11: 1.3850892e+08 | V11: 1.4157044e+08 | W11: 1.340565e+08 | X11: 1.4816954e+08 | Y11: 1.3899081e+08 | Z11: 1.9291157e+08 | AA11: 1.956838e+08 | AB11: 2.3155153e+08 | AC11: 2.2982603e+08 | AD11: 2.3703296e+08 | AE11: 2.0577392e+08 | AF11: 2.202977e+08 | AG11: 2.2912265e+08 | AH11: 2.5118995e+08 | AI11: 2.8326069e+08 | AJ11: 3.1165924e+08 | AK11: 4.1518349e+08 | AL11: 4.3759767e+08 | AM11: 4.7972502e+08 | AN11: 4.7208963e+08 | AO11: 4.6487003e+08 | AP11: 5.0690307e+08 | AQ11: 5.6012231e+08 | AR11: 5.4108211e+08 | AS11: 5.2478199e+08 | AT11: 4.5664063e+08 | AU11: 3.8921407e+08 | AV11: 4.8273897e+08 | AW11: 5.6626007e+08 | AX11: 5.629924e+08 | AY11: 505352382 | AZ11: 4.5044998e+08 | BA11: 3.8902743e+08 | BB11: 3.8730634e+08 | BC11: 2.7006733e+08 | BD11: 3.3741403e+08 | BE11: 2.7287131e+08 | BF11: 3.0145105e+08 | BG11: 3.0795399e+08 | BH11: 3.3787404e+08 | BI11: 3.0442795e+08 | BJ11: 3.3144972e+08 | BK11: 3.576335e+08 | BL11: 3.7759934e+08 | BM11: 3.8145563e+08 | BN11: 3.7234971e+08 | BO11: 3.7501079e+08 | BP11: 3.7106792e+08 | BQ11: 3.8969792e+08 | BR11: 3.8897095e+08 | BS11: 4.1031653e+08 | BT11: 4.0281825e+08
A12: Ulanowicz_globalTEmean | B12: ok | C12: 92412533 | D12: 1.0950168e+08 | E12: 1.0266653e+08 | F12: 1.1361496e+08 | G12: 1.1617229e+08 | H12: 1.3732923e+08 | I12: 1.4925739e+08 | J12: 1.7049482e+08 | K12: 1.3555748e+08 | L12: 1.3132952e+08 | M12: 1.1734107e+08 | N12: 1.3455245e+08 | O12: 1.2118421e+08 | P12: 1.4908802e+08 | Q12: 1.5051851e+08 | R12: 1.8079596e+08 | S12: 1.7685225e+08 | T12: 1.958621e+08 | U12: 2.1730224e+08 | V12: 2.2404775e+08 | W12: 2.1690794e+08 | X12: 2.4632023e+08 | Y12: 2.3175614e+08 | Z12: 3.1986245e+08 | AA12: 3.2672553e+08 | AB12: 3.8424318e+08 | AC12: 3.913764e+08 | AD12: 4.0106522e+08 | AE12: 3.5813959e+08 | AF12: 3.8007665e+08 | AG12: 3.9283286e+08 | AH12: 4.3722877e+08 | AI12: 4.9262837e+08 | AJ12: 5.3516348e+08 | AK12: 7.1479366e+08 | AL12: 7.5217212e+08 | AM12: 8.3050992e+08 | AN12: 8.0833329e+08 | AO12: 8.0068498e+08 | AP12: 8.6038976e+08 | AQ12: 9.5376913e+08 | AR12: 9.0519865e+08 | AS12: 8.9497119e+08 | AT12: 7.648592e+08 | AU12: 6.448282e+08 | AV12: 7.9791831e+08 | AW12: 9.354575e+08 | AX12: 9.1261925e+08 | AY12: 8.1565852e+08 | AZ12: 7.2487551e+08 | BA12: 6.2427971e+08 | BB12: 6.287187e+08 | BC12: 4.3348623e+08 | BD12: 5.5311228e+08 | BE12: 4.4712175e+08 | BF12: 4.8819451e+08 | BG12: 4.94681e+08 | BH12: 5.4735395e+08 | BI12: 497899662 | BJ12: 5.3196057e+08 | BK12: 5.8217396e+08 | BL12: 6.0053443e+08 | BM12: 6.0865565e+08 | BN12: 5.8782315e+08 | BO12: 6.0705115e+08 | BP12: 5.9454494e+08 | BQ12: 6.2824154e+08 | BR12: 6.2953254e+08 | BS12: 6.582293e+08 | BT12: 6.523638e+08
A13: Ulanowicz_TE | B13: ok | C13: 6.450285e+08 | D13: 7.0899973e+08 | E13: 6.8473353e+08 | F13: 7.348127e+08 | G13: 8.8945751e+08 | H13: 1.0210798e+09 | I13: 1.107504e+09 | J13: 1.191874e+09 | K13: 9.3476713e+08 | L13: 9.484696e+08 | M13: 1.0139656e+09 | N13: 1.1715037e+09 | O13: 1.0832583e+09 | P13: 1.2072283e+09 | Q13: 1.1694156e+09 | R13: 1.344276e+09 | S13: 1.1822539e+09 | T13: 1.3369631e+09 | U13: 1.4735156e+09 | V13: 1.6246703e+09 | W13: 1.5678756e+09 | X13: 1.8364189e+09 | Y13: 1.6720896e+09 | Z13: 2.2945464e+09 | AA13: 2.3437521e+09 | AB13: 2.7007805e+09 | AC13: 2.7942794e+09 | AD13: 2.8518098e+09 | AE13: 2.5653174e+09 | AF13: 2.7638555e+09 | AG13: 2.8827364e+09 | AH13: 3.4543512e+09 | AI13: 3.9498247e+09 | AJ13: 4.2153558e+09 | AK13: 5.6988843e+09 | AL13: 6.1101725e+09 | AM13: 6.6605673e+09 | AN13: 6.4629808e+09 | AO13: 6.3380584e+09 | AP13: 6.4857304e+09 | AQ13: 7.186976e+09 | AR13: 6.4439619e+09 | AS13: 7.044898e+09 | AT13: 5.7024012e+09 | AU13: 4.5890198e+09 | AV13: 5.6755245e+09 | AW13: 6.5211626e+09 | AX13: 6.2104862e+09 | AY13: 5.6551516e+09 | AZ13: 5.1081115e+09 | BA13: 4.3557532e+09 | BB13: 4.4250771e+09 | BC13: 3.0504588e+09 | BD13: 3.9712853e+09 | BE13: 3.3693665e+09 | BF13: 3.5526824e+09 | BG13: 3.537082e+09 | BH13: 3.9014498e+09 | BI13: 3.7816027e+09 | BJ13: 3.957661e+09 | BK13: 4.4927969e+09 | BL13: 4.3482575e+09 | BM13: 4.4530001e+09 | BN13: 4.2623011e+09 | BO13: 4.6758558e+09 | BP13: 4.4207639e+09 | BQ13: 4.781459e+09 | BR13: 4.872813e+09 | BS13: 5.0859296e+09 | BT13: 5.1679706e+09
A14: EwE_TE_noEE | B14: ok | C14: 7.5582558e+08 | D14: 8.2814892e+08 | E14: 8.0066848e+08 | F14: 8.5903215e+08 | G14: 1.051716e+09 | H14: 1.2048562e+09 | I14: 1.304455e+09 | J14: 1.3935428e+09 | K14: 1.0782187e+09 | L14: 1.0963868e+09 | M14: 1.1855915e+09 | N14: 1.3744228e+09 | O14: 1.2697319e+09 | P14: 1.4026156e+09 | Q14: 1.3513808e+09 | R14: 1.530947e+09 | S14: 1.3158842e+09 | T14: 1.4873447e+09 | U14: 1.6359529e+09 | V14: 1.823721e+09 | W14: 1.7431601e+09 | X14: 2.0503877e+09 | Y14: 1.8567423e+09 | Z14: 2.5192168e+09 | AA14: 2.5643572e+09 | AB14: 2.9360899e+09 | AC14: 3.0285082e+09 | AD14: 3.105801e+09 | AE14: 2.7728132e+09 | AF14: 3.0066785e+09 | AG14: 3.1342003e+09 | AH14: 3.8124695e+09 | AI14: 4.3551023e+09 | AJ14: 4.6324555e+09 | AK14: 6.2530209e+09 | AL14: 6.7474671e+09 | AM14: 7.3296502e+09 | AN14: 7.1133826e+09 | AO14: 6.9549506e+09 | AP14: 7.0311908e+09 | AQ14: 7.77637e+09 | AR14: 6.8913352e+09 | AS14: 7.6947172e+09 | AT14: 6.1823063e+09 | AU14: 4.9323325e+09 | AV14: 6.0886888e+09 | AW14: 6.9421165e+09 | AX14: 6.6140959e+09 | AY14: 6.0902273e+09 | AZ14: 5.5553831e+09 | BA14: 4.7702164e+09 | BB14: 4.8303367e+09 | BC14: 3.3682503e+09 | BD14: 4.3636956e+09 | BE14: 3.7641639e+09 | BF14: 3.9459329e+09 | BG14: 3.9076397e+09 | BH14: 4.2901214e+09 | BI14: 4.21951e+09 | BJ14: 4.429903e+09 | BK14: 5.0260333e+09 | BL14: 4.8246122e+09 | BM14: 4.9487635e+09 | BN14: 4.7358512e+09 | BO14: 5.2553767e+09 | BP14: 4.9171683e+09 | BQ14: 5.3336148e+09 | BR14: 5.4456579e+09 | BS14: 5.6972209e+09 | BT14: 5.7955876e+09
A15: EwE_TE_EE | B15: ok | C15: 3.6674399e+08 | D15: 3.997199e+08 | E15: 3.9000458e+08 | F15: 4.1565551e+08 | G15: 4.8802676e+08 | H15: 5.6430493e+08 | I15: 6.1946872e+08 | J15: 6.877706e+08 | K15: 5.9215188e+08 | L15: 5.9695653e+08 | M15: 6.1198516e+08 | N15: 6.9653364e+08 | O15: 6.4844103e+08 | P15: 7.4643826e+08 | Q15: 7.4174011e+08 | R15: 9.0359985e+08 | S15: 8.6535212e+08 | T15: 9.7858038e+08 | U15: 1.0899464e+09 | V15: 1.1545821e+09 | W15: 1.1580876e+09 | X15: 1.3381782e+09 | Y15: 1.2456195e+09 | Z15: 1.7742983e+09 | AA15: 1.8365e+09 | AB15: 2.1576485e+09 | AC15: 2.262105e+09 | AD15: 2.2692819e+09 | AE15: 2.098061e+09 | AF15: 2.2112762e+09 | AG15: 2.3106418e+09 | AH15: 2.6387708e+09 | AI15: 3.0304026e+09 | AJ15: 3.2624551e+09 | AK15: 4.4410326e+09 | AL15: 4.6575985e+09 | AM15: 5.1443071e+09 | AN15: 4.980392e+09 | AO15: 4.9392307e+09 | AP15: 5.2434128e+09 | AQ15: 5.8513294e+09 | AR15: 5.4164644e+09 | AS15: 5.5652783e+09 | AT15: 4.5927166e+09 | AU15: 3.7868179e+09 | AV15: 4.7116015e+09 | AW15: 5.5481613e+09 | AX15: 5.260719e+09 | AY15: 4.628178e+09 | AZ15: 4.0475059e+09 | BA15: 3.370333e+09 | BB15: 3.4627581e+09 | BC15: 2.2886972e+09 | BD15: 3.0396329e+09 | BE15: 2.4353217e+09 | BF15: 2.6107292e+09 | BG15: 2.6458282e+09 | BH15: 2.9662551e+09 | BI15: 2.7391762e+09 | BJ15: 2.8114123e+09 | BK15: 3.2218427e+09 | BL15: 3.1892175e+09 | BM15: 3.2550909e+09 | BN15: 3.1117332e+09 | BO15: 3.2914931e+09 | BP15: 3.22539e+09 | BQ15: 3.4615236e+09 | BR15: 3.5098718e+09 | BS15: 3.6158865e+09 | BT15: 3.6736978e+09
A16: SPPR_2015 | B16: DIVERGED - negative SPPR in a source-model group | C16: -2.7496976e+10 | D16: -2.951391e+10 | E16: -2.8709762e+10 | F16: -3.0660104e+10 | G16: -4.0541964e+10 | H16: -4.578844e+10 | I16: -4.9008556e+10 | J16: -4.9981419e+10 | K16: -3.5080783e+10 | L16: -3.6257033e+10 | M16: -4.2831242e+10 | N16: -5.0694536e+10 | O16: -4.666613e+10 | P16: -4.8494484e+10 | Q16: -4.4963053e+10 | R16: -4.5591868e+10 | S16: -3.1705978e+10 | T16: -3.5838869e+10 | U16: -3.8556236e+10 | V16: -4.8087263e+10 | W16: -4.1777001e+10 | X16: -5.1187646e+10 | Y16: -4.368898e+10 | Z16: -5.2478057e+10 | AA16: -5.1157381e+10 | AB16: -5.3817924e+10 | AC16: -5.31452e+10 | AD16: -5.8162024e+10 | AE16: -4.6656425e+10 | AF16: -5.5566728e+10 | AG16: -5.7655372e+10 | AH16: -8.4792901e+10 | AI16: -9.6068782e+10 | AJ16: -9.8456186e+10 | AK16: -1.307386e+11 | AL16: -1.5189134e+11 | AM16: -1.5836579e+11 | AN16: -1.5417075e+11 | AO16: -1.4530363e+11 | AP16: -1.2543233e+11 | AQ16: -1.3489224e+11 | AR16: -9.8800007e+10 | AS16: -1.5217342e+11 | AT16: -1.1042838e+11 | AU16: -7.7041638e+10 | AV16: -9.2340205e+10 | AW16: -9.147179e+10 | AX16: -8.7653793e+10 | AY16: -9.8061307e+10 | AZ16: -1.03204e+11 | BA16: -9.6547148e+10 | BB16: -9.3900905e+10 | BC16: -7.4931017e+10 | BD16: -9.1901023e+10 | BE16: -9.4762672e+10 | BF16: -9.3618188e+10 | BG16: -8.7616348e+10 | BH16: -9.1239719e+10 | BI16: -1.0517366e+11 | BJ16: -1.1382844e+11 | BK16: -1.2872751e+11 | BL16: -1.1372228e+11 | BM16: -1.1855922e+11 | BN16: -1.1330693e+11 | BO16: -1.405682e+11 | BP16: -1.1909183e+11 | BQ16: -1.3305681e+11 | BR16: -1.3846252e+11 | BS16: -1.4824733e+11 | BT16: -1.5253773e+11
... A28: MC_new_TE_EEfix | B28: IMPLAUSIBLE - up to 357x the trophic-chain estimate; the solve is near-singular for this model | C28: 1.0071163e+11 | D28: 1.0836306e+11 | E28: 1.0538442e+11 | F28: 1.1281718e+11 | G28: 1.4750843e+11 | H28: 1.6702723e+11 | I28: 1.7905323e+11 | J28: 1.8341967e+11 | K28: 1.3031266e+11 | L28: 1.3432111e+11 | M28: 1.5620312e+11 | N28: 1.846554e+11 | O28: 1.6972847e+11 | P28: 1.7773344e+11 | Q28: 1.65553e+11 | R28: 1.6983121e+11 | S28: 1.2153346e+11 | T28: 1.3694226e+11 | U28: 1.4785797e+11 | V28: 1.8135173e+11 | W28: 1.5954874e+11 | X28: 1.9465863e+11 | Y28: 1.6782002e+11 | Z28: 2.0458991e+11 | AA28: 2.0076184e+11 | AB28: 2.1416534e+11 | AC28: 2.1309516e+11 | AD28: 2.3098173e+11 | AE28: 1.8864312e+11 | AF28: 2.2080218e+11 | AG28: 2.2883052e+11 | AH28: 3.2617706e+11 | AI28: 3.6934708e+11 | AJ28: 3.8036387e+11 | AK28: 5.0555036e+11 | AL28: 5.8125534e+11 | AM28: 6.1004348e+11 | AN28: 5.9321763e+11 | AO28: 5.6247353e+11 | AP28: 4.9751141e+11 | AQ28: 5.3760163e+11 | AR28: 4.0825477e+11 | AS28: 5.9289042e+11 | AT28: 4.3786063e+11 | AU28: 3.1319652e+11 | AV28: 3.7711424e+11 | AW28: 3.8441047e+11 | AX28: 3.6851978e+11 | AY28: 3.9697818e+11 | AZ28: 4.0776244e+11 | BA28: 3.7736203e+11 | BB28: 3.6914459e+11 | BC28: 2.8910723e+11 | BD28: 3.57177e+11 | BE28: 3.592267e+11 | BF28: 3.5785294e+11 | BG28: 3.3733627e+11 | BH28: 3.5387556e+11 | BI28: 3.9872645e+11 | BJ28: 4.3010166e+11 | BK28: 4.8584796e+11 | BL28: 4.3422622e+11 | BM28: 4.5175638e+11 | BN28: 4.3163766e+11 | BO28: 5.2799459e+11 | BP28: 4.5265119e+11 | BQ28: 5.0349675e+11 | BR28: 5.2242091e+11 | BS28: 5.5760471e+11 | BT28: 5.7254088e+11
A30: Catch tonnage on a named group: 235,876,743 of 242,338,606 (97.3 %). Unresolved taxa contribute nothing to the model rows and everything to the simple row, so the two are not directly comparable until coverage is 100 %.
A31: 7 of 20 methods are flagged above. A flagged row is a property of this model under that method, not of the mapping; see model_health in the SPPR workbook.
A32: Coverage by year, %:
A33: catch on a named group, % | C33: 93.87 | D33: 94.84 | E33: 94.55 | F33: 94.75 | G33: 93.43 | H33: 93.51 | I33: 94.66 | J33: 95 | K33: 93.17 | L33: 93.24 | M33: 92.93 | N33: 92.98 | O33: 91.71 | P33: 93.05 | Q33: 94.67 | R33: 94.6 | S33: 94.75 | T33: 94.98 | U33: 94.81 | V33: 94.6 | W33: 93.81 | X33: 94.42 | Y33: 92.93 | Z33: 93.63 | AA33: 93.87 | AB33: 95.26 | AC33: 95.78 | AD33: 95.56 | AE33: 94.11 | AF33: 95.37 | AG33: 95.54 | AH33: 96.3 | AI33: 96.87 | AJ33: 97.77 | AK33: 97.55 | AL33: 97.65 | AM33: 97.75 | AN33: 98.5 | AO33: 98.81 | AP33: 98.94 | AQ33: 99.05 | AR33: 98.94 | AS33: 98.76 | AT33: 98.37 | AU33: 98.25 | AV33: 98.52 | AW33: 98.29 | AX33: 98.54 | AY33: 98.66 | AZ33: 98.47 | BA33: 98.21 | BB33: 98.12 | BC33: 97.4 | BD33: 97.78 | BE33: 97.09 | BF33: 97.17 | BG33: 97.25 | BH33: 97.38 | BI33: 97.1 | BJ33: 97.88 | BK33: 98.06 | BL33: 97.91 | BM33: 97.97 | BN33: 98.02 | BO33: 97.58 | BP33: 98.08 | BQ33: 98.22 | BR33: 98.13 | BS33: 98.04 | BT33: 98.05

Sheet sppr_inner
A1: Specific PPR per taxon — LME_052, model 52_1_Sea_of_Okhotsk_NE_(1980)
A2: sppr_simple is the trophic-chain estimate (1/TE)^(TL-1) at TE=0.1, applied to the taxon's own trophic level and needing no model.
A3: Internal sources: primary producers and detritus; excludes imports. Blank means unavailable, not zero. sppr_simple is an unpartitioned reference.
A4: taxon | B4: trophic_level | C4: sppr_simple | D4: Ecopath group | E4: SPPR_1986 | F4: SPPR_1995_TE0.1 | G4: SPPR_1995_TEmean | H4: Ulanowicz_globalTEmean | I4: Ulanowicz_TE | J4: EwE_TE_noEE | K4: EwE_TE_EE | L4: SPPR_2015 | M4: new_TE_noEEfix | N4: new_TE_EEfix | O4: new_GE | P4: new_WithEgestion | Q4: sym_TE_asPP | R4: sym_TE_asDC | S4: sym_GE_asPP | T4: sym_GE_asDC | U4: sym_WithEgestion_asPP | V4: sym_WithEgestion_asDC | W4: MC_new_GE | X4: MC_new_TE_EEfix
A5: Gadus chalcogrammus | B5: 3.57 | C5: 371.53523 | D5: Walleye pollock | Juv. pollock | E5: 0 | F5: 456.53204 | G5: 83.5192 | H5: 140.25751 | I5: 874.70191 | J5: 877.26275 | K5: 875.94423 | L5: 2360.7769 | M5: 2360.7769 | N5: 2398.3729 | O5: 1280.3485 | P5: 394.59866 | Q5: 2398.3729 | R5: 2360.7769 | S5: 1280.3485 | T5: 1280.3485 | U5: 394.59866 | V5: 394.59866 | W5: 1718.5175 | X5: 2542.6197
A6: Clupea pallasii | B6: 3.16 | C6: 144.54398 | D6: Pacific herring | E6: 0 | F6: 614.06139 | G6: 103.48137 | H6: 102.76213 | I6: 206.63307 | J6: 206.63307 | K6: 166.75288 | L6: 674.69506 | M6: 674.69506 | N6: 685.23715 | O6: 543.54058 | P6: 184.06733 | Q6: 685.23715 | R6: 674.69506 | S6: 543.54058 | T6: 543.54058 | U6: 184.06733 | V6: 184.06733 | W6: 701.57933 | X6: 748.50266
A7: Marine fishes not identified | B7: 3.28 | C7: 190.54607 | D7: Other bottom fishes | Other Gadidae | Cottidae | Pleuronectidae | E7: 0 | F7: 543.74153 | G7: 93.693872 | H7: 233.02492 | I7: 3717.0376 | J7: 4576.9557 | K7: 1766.4783 | L7: -220473.71 | M7: -220473.71 | N7: -224113.07 | O7: 9426.4298 | P7: 1064.6545 | Q7: -224113.07 | R7: -220473.71 | S7: 9426.4298 | T7: 9426.4298 | U7: 1064.6545 | V7: 1064.6545 | W7: 33749.646 | X7: 782832.19
A8: Oncorhynchus gorbuscha | B8: 4.49 | C8: 3090.2954 | D8: Salmon | E8: 0 | F8: 537.79367 | G8: 94.024526 | H8: 104.59847 | I8: 157.17606 | J8: 157.62073 | K8: 47.759081 | L8: 685.40699 | M8: 685.40699 | N8: 696.7193 | O8: 75.247908 | P8: 24.548027 | Q8: 696.7193 | R8: 685.40699 | S8: 75.247908 | T8: 75.247908 | U8: 24.548027 | V8: 24.548027 | W8: 98.758639 | X8: 768.31503
A9: Sardinops sagax | B9: 2.84 | C9: 69.183097 | D9: Pacific Sardine | E9: 0 | F9: 14.256076 | G9: 6.82216 | H9: 9.974089 | I9: 16.077349 | J9: 16.077349 | K9: 13.054808 | L9: 22.182506 | M9: 22.182506 | N9: 22.399947 | O9: 18.034849 | P9: 10.353095 | Q9: 22.399947 | R9: 22.182506 | S9: 18.034849 | T9: 18.034849 | U9: 10.353095 | V9: 10.353095 | W9: 20.670316 | X9: 23.720116
A10: Gadus macrocephalus | B10: 4.16 | C10: 1445.4398 | D10: Other Gadidae | E10: 0 | F10: 707.65637 | G10: 114.65268 | H10: 277.54291 | I10: 7317.5268 | J10: 9118.6472 | K10: 3191.5265 | L10: -469569.2 | M10: -469569.2 | N10: -477319.41 | O10: 17690.132 | P10: 1835.9744 | Q10: -477319.41 | R10: -469569.2 | S10: 17690.132 | T10: 17690.132 | U10: 1835.9744 | V10: 1835.9744 | W10: 68000.609 | X10: 1645094.3
A11: Oncorhynchus | B11: 3.95 | C11: 891.25094 | D11: Salmon | E11: 0 | F11: 537.79367 | G11: 94.024526 | H11: 104.59847 | I11: 157.17606 | J11: 157.62073 | K11: 47.759081 | L11: 685.40699 | M11: 685.40699 | N11: 696.7193 | O11: 75.247908 | P11: 24.548027 | Q11: 696.7193 | R11: 685.40699 | S11: 75.247908 | T11: 75.247908 | U11: 24.548027 | V11: 24.548027 | W11: 98.758639 | X11: 768.31503
A12: Oncorhynchus keta | B12: 3.74 | C12: 549.54087 | D12: Salmon | E12: 0 | F12: 537.79367 | G12: 94.024526 | H12: 104.59847 | I12: 157.17606 | J12: 157.62073 | K12: 47.759081 | L12: 685.40699 | M12: 685.40699 | N12: 696.7193 | O12: 75.247908 | P12: 24.548027 | Q12: 696.7193 | R12: 685.40699 | S12: 75.247908 | T12: 75.247908 | U12: 24.548027 | V12: 24.548027 | W12: 98.758639 | X12: 768.31503
A13: Pleuronectiformes | B13: 3.57 | C13: 371.53523 | D13: Pleuronectidae | Other bottom fishes | E13: 0 | F13: 395.929 | G13: 74.793967 | H13: 192.88018 | I13: 470.24514 | J13: 481.42075 | K13: 481.42075 | L13: 4151.7018 | M13: 4151.7018 | N13: 4219.3591 | O13: 1974.5187 | P13: 369.10587 | Q13: 4219.3591 | R13: 4151.7018 | S13: 1974.5187 | T13: 1974.5187 | U13: 369.10587 | V13: 369.10587 | W13: 2863.352 | X13: 5275.0222
A14: Paralithodes camtschaticus | B14: 3.7 | C14: 501.18723 | D14: Crabs and shrimps | E14: 0 | F14: 95.896642 | G14: 27.047208 | H14: 56.071592 | I14: 87.690287 | J14: 88.352076 | K14: 88.352076 | L14: 181.73531 | M14: 181.73531 | N14: 185.1516 | O14: 112.94091 | P14: 44.389715 | Q14: 185.1516 | R14: 181.73531 | S14: 112.94091 | T14: 112.94091 | U14: 44.389715 | V14: 44.389715 | W14: 155.52695 | X14: 203.43301
A15: Pleurogrammus azonus | B15: 3.6 | C15: 398.10717 | D15: Other bottom fishes | E15: 0 | F15: 458.54947 | G15: 83.794097 | H15: 218.42356 | I15: 526.49216 | J15: 541.53312 | K15: 541.53312 | L15: 4898.3287 | M15: 4898.3287 | N15: 4977.9813 | O15: 2326.1304 | P15: 441.45148 | Q15: 4977.9813 | R15: 4898.3287 | S15: 2326.1304 | T15: 2326.1304 | U15: 441.45148 | V15: 441.45148 | W15: 3363.7874 | X15: 6233.0353
A16: Scomber | B16: 3.65 | C16: 446.68359 | D16: Unresolved
A17: Teuthida | B17: 4.13 | C17: 1348.9629 | D17: Squids | E17: 0 | F17: 957.31008 | G17: 142.63165 | H17: 119.67903 | I17: 66.859093 | J17: 71.95407 | K17: 34.034275 | L17: 245.67107 | M17: 245.67107 | N17: 249.51887 | O17: 112.24683 | P17: 37.014939 | Q17: 249.51887 | R17: 245.67107 | S17: 112.24683 | T17: 112.24683 | U17: 37.014939 | V17: 37.014939 | W17: 147.58128 | X17: 273.21898
A18: Eleginus gracilis | B18: 4.1 | C18: 1258.9254 | D18: Other Gadidae | E18: 0 | F18: 707.65637 | G18: 114.65268 | H18: 277.54291 | I18: 7317.5268 | J18: 9118.6472 | K18: 3191.5265 | L18: -469569.2 | M18: -469569.2 | N18: -477319.41 | O18: 17690.132 | P18: 1835.9744 | Q18: -477319.41 | R18: -469569.2 | S18: 17690.132 | T18: 17690.132 | U18: 1835.9744 | V18: 1835.9744 | W18: 68000.609 | X18: 1645094.3
A19: Ammodytes personatus | B19: 3 | C19: 100 | D19: Ammodytidae | E19: 0 | F19: 100.46158 | G19: 27.971595 | H19: 31.859625 | I19: 94.463189 | J19: 94.463189 | K19: 47.9873 | L19: 92.596847 | M19: 92.596847 | N19: 94.628894 | O19: 29.973178 | P19: 17.402106 | Q19: 94.628894 | R19: 92.596847 | S19: 29.973178 | T19: 29.973178 | U19: 17.402106 | V19: 17.402106 | W19: 36.807626 | X19: 94.424628
A20: Todarodes pacificus | B20: 4.28 | C20: 1905.4607 | D20: Squids | E20: 0 | F20: 957.31008 | G20: 142.63165 | H20: 119.67903 | I20: 66.859093 | J20: 71.95407 | K20: 34.034275 | L20: 245.67107 | M20: 245.67107 | N20: 249.51887 | O20: 112.24683 | P20: 37.014939 | Q20: 249.51887 | R20: 245.67107 | S20: 112.24683 | T20: 112.24683 | U20: 37.014939 | V20: 37.014939 | W20: 147.58128 | X20: 273.21898
A21: Mollusca | B21: 2.1 | C21: 12.589254 | D21: 2nd level benthos | Carnivorous invertebrates | Squids | E21: 0 | F21: 613.14549 | G21: 93.496428 | H21: 79.05749 | I21: 46.128964 | J21: 49.33409 | K21: 24.34442 | L21: 158.38368 | M21: 158.38368 | N21: 160.88952 | O21: 72.751657 | P21: 24.743479 | Q21: 160.88952 | R21: 158.38368 | S21: 72.751657 | T21: 72.751657 | U21: 24.743479 | V21: 24.743479 | W21: 95.4643 | X21: 175.92399
A22: Cololabis saira | B22: 3.71 | C22: 512.86138 | D22: Unresolved
A23: Pleurogrammus monopterygius | B23: 3.38 | C23: 239.88329 | D23: Other bottom fishes | E23: 0 | F23: 458.54947 | G23: 83.794097 | H23: 218.42356 | I23: 526.49216 | J23: 541.53312 | K23: 541.53312 | L23: 4898.3287 | M23: 4898.3287 | N23: 4977.9813 | O23: 2326.1304 | P23: 441.45148 | Q23: 4977.9813 | R23: 4898.3287 | S23: 2326.1304 | T23: 2326.1304 | U23: 441.45148 | V23: 441.45148 | W23: 3363.7874 | X23: 6233.0353
A24: Oncorhynchus nerka | B24: 3.54 | C24: 346.73685 | D24: Salmon | E24: 0 | F24: 537.79367 | G24: 94.024526 | H24: 104.59847 | I24: 157.17606 | J24: 157.62073 | K24: 47.759081 | L24: 685.40699 | M24: 685.40699 | N24: 696.7193 | O24: 75.247908 | P24: 24.548027 | Q24: 696.7193 | R24: 685.40699 | S24: 75.247908 | T24: 75.247908 | U24: 24.548027 | V24: 24.548027 | W24: 98.758639 | X24: 768.31503
A25: Pleuronectidae | B25: 3.49 | C25: 309.02954 | D25: Pleuronectidae | E25: 0 | F25: 233.24334 | G25: 51.41196 | H25: 126.51942 | I25: 324.11748 | J25: 325.25104 | K25: 325.25104 | L25: 2211.9929 | M25: 2211.9929 | N25: 2248.4867 | O25: 1061.0447 | P25: 181.15464 | Q25: 2248.4867 | R25: 2211.9929 | S25: 1061.0447 | T25: 1061.0447 | U25: 181.15464 | V25: 181.15464 | W25: 1563.2393 | X25: 2786.1398
A26: Mallotus villosus | B26: 3.15 | C26: 141.25375 | D26: Capelin | E26: 0 | F26: 260.61536 | G26: 55.704276 | H26: 66.983902 | I26: 104.24605 | J26: 104.24605 | K26: 83.501085 | L26: 284.82933 | M26: 284.82933 | N26: 289.28334 | O26: 227.72965 | P26: 82.514502 | Q26: 289.28334 | R26: 284.82933 | S26: 227.72965 | T26: 227.72965 | U26: 82.514502 | V26: 82.514502 | W26: 299.60564 | X26: 310.17827
A27: Miscellaneous marine crustaceans | B27: 2.7 | C27: 50.118723 | D27: Crabs and shrimps | E27: 0 | F27: 95.896642 | G27: 27.047208 | H27: 56.071592 | I27: 87.690287 | J27: 88.352076 | K27: 88.352076 | L27: 181.73531 | M27: 181.73531 | N27: 185.1516 | O27: 112.94091 | P27: 44.389715 | Q27: 185.1516 | R27: 181.73531 | S27: 112.94091 | T27: 112.94091 | U27: 44.389715 | V27: 44.389715 | W27: 155.52695 | X27: 203.43301
A28: Scomber japonicus | B28: 3.38 | C28: 239.88329 | D28: Unresolved
A29: Pectinidae | B29: 2 | C29: 10 | D29: 2nd level benthos | E29: 0 | F29: 10 | G29: 5.280025 | H29: 5.280025 | I29: 4.25396 | J29: 4.25396 | K29: 2.190789 | L29: 4.011903 | M29: 4.011903 | N29: 4.101044 | O29: 2.575732 | P29: 2.017588 | Q29: 4.101044 | R29: 4.011903 | S29: 2.575732 | T29: 2.575732 | U29: 2.017588 | V29: 2.017588 | W29: 3.13337 | X29: 4.076903
A30: Moridae | B30: 3.87 | C30: 741.31024 | D30: Other bottom fishes | E30: 0 | F30: 458.54947 | G30: 83.794097 | H30: 218.42356 | I30: 526.49216 | J30: 541.53312 | K30: 541.53312 | L30: 4898.3287 | M30: 4898.3287 | N30: 4977.9813 | O30: 2326.1304 | P30: 441.45148 | Q30: 4977.9813 | R30: 4898.3287 | S30: 2326.1304 | T30: 2326.1304 | U30: 441.45148 | V30: 441.45148 | W30: 3363.7874 | X30: 6233.0353
A31: Engraulis japonicus | B31: 3.14 | C31: 138.03843 | D31: Unresolved
A32: Laemonema longipes | B32: 3.24 | C32: 173.78008 | D32: Other bottom fishes | E32: 0 | F32: 458.54947 | G32: 83.794097 | H32: 218.42356 | I32: 526.49216 | J32: 541.53312 | K32: 541.53312 | L32: 4898.3287 | M32: 4898.3287 | N32: 4977.9813 | O32: 2326.1304 | P32: 441.45148 | Q32: 4977.9813 | R32: 4898.3287 | S32: 2326.1304 | T32: 2326.1304 | U32: 441.45148 | V32: 441.45148 | W32: 3363.7874 | X32: 6233.0353
A33: Chionoecetes | B33: 2.3 | C33: 19.952623 | D33: Crabs and shrimps | E33: 0 | F33: 95.896642 | G33: 27.047208 | H33: 56.071592 | I33: 87.690287 | J33: 88.352076 | K33: 88.352076 | L33: 181.73531 | M33: 181.73531 | N33: 185.1516 | O33: 112.94091 | P33: 44.389715 | Q33: 185.1516 | R33: 181.73531 | S33: 112.94091 | T33: 112.94091 | U33: 44.389715 | V33: 44.389715 | W33: 155.52695 | X33: 203.43301
A34: Oncorhynchus kisutch | B34: 4.22 | C34: 1659.5869 | D34: Salmon | E34: 0 | F34: 537.79367 | G34: 94.024526 | H34: 104.59847 | I34: 157.17606 | J34: 157.62073 | K34: 47.759081 | L34: 685.40699 | M34: 685.40699 | N34: 696.7193 | O34: 75.247908 | P34: 24.548027 | Q34: 696.7193 | R34: 685.40699 | S34: 75.247908 | T34: 75.247908 | U34: 24.548027 | V34: 24.548027 | W34: 98.758639 | X34: 768.31503
A35: Chionoecetes opilio | B35: 3.54 | C35: 346.73685 | D35: Crabs and shrimps | E35: 0 | F35: 95.896642 | G35: 27.047208 | H35: 56.071592 | I35: 87.690287 | J35: 88.352076 | K35: 88.352076 | L35: 181.73531 | M35: 181.73531 | N35: 185.1516 | O35: 112.94091 | P35: 44.389715 | Q35: 185.1516 | R35: 181.73531 | S35: 112.94091 | T35: 112.94091 | U35: 44.389715 | V35: 44.389715 | W35: 155.52695 | X35: 203.43301
A36: Bivalvia | B36: 2.23 | C36: 16.982437 | D36: 2nd level benthos | E36: 0 | F36: 10 | G36: 5.280025 | H36: 5.280025 | I36: 4.25396 | J36: 4.25396 | K36: 2.190789 | L36: 4.011903 | M36: 4.011903 | N36: 4.101044 | O36: 2.575732 | P36: 2.017588 | Q36: 4.101044 | R36: 4.011903 | S36: 2.575732 | T36: 2.575732 | U36: 2.017588 | V36: 2.017588 | W36: 3.13337 | X36: 4.076903
A37: Atheresthes evermanni | B37: 4.3 | C37: 1995.2623 | D37: Pleuronectidae | E37: 0 | F37: 233.24334 | G37: 51.41196 | H37: 126.51942 | I37: 324.11748 | J37: 325.25104 | K37: 325.25104 | L37: 2211.9929 | M37: 2211.9929 | N37: 2248.4867 | O37: 1061.0447 | P37: 181.15464 | Q37: 2248.4867 | R37: 2211.9929 | S37: 1061.0447 | T37: 1061.0447 | U37: 181.15464 | V37: 181.15464 | W37: 1563.2393 | X37: 2786.1398
A38: Batoidea | B38: 3.72 | C38: 524.80746 | D38: Unresolved
A39: Osmeridae | B39: 3.46 | C39: 288.40315 | D39: Unresolved
A40: Hippoglossus stenolepis | B40: 4.14 | C40: 1380.3843 | D40: Pleuronectidae | E40: 0 | F40: 233.24334 | G40: 51.41196 | H40: 126.51942 | I40: 324.11748 | J40: 325.25104 | K40: 325.25104 | L40: 2211.9929 | M40: 2211.9929 | N40: 2248.4867 | O40: 1061.0447 | P40: 181.15464 | Q40: 2248.4867 | R40: 2211.9929 | S40: 1061.0447 | T40: 1061.0447 | U40: 181.15464 | V40: 181.15464 | W40: 1563.2393 | X40: 2786.1398
A41: Sebastidae | B41: 3.74 | C41: 549.54087 | D41: Other bottom fishes | E41: 0 | F41: 458.54947 | G41: 83.794097 | H41: 218.42356 | I41: 526.49216 | J41: 541.53312 | K41: 541.53312 | L41: 4898.3287 | M41: 4898.3287 | N41: 4977.9813 | O41: 2326.1304 | P41: 441.45148 | Q41: 4977.9813 | R41: 4898.3287 | S41: 2326.1304 | T41: 2326.1304 | U41: 441.45148 | V41: 441.45148 | W41: 3363.7874 | X41: 6233.0353
A42: Decapoda | B42: 3.43 | C42: 269.15348 | D42: Crabs and shrimps | E42: 0 | F42: 95.896642 | G42: 27.047208 | H42: 56.071592 | I42: 87.690287 | J42: 88.352076 | K42: 88.352076 | L42: 181.73531 | M42: 181.73531 | N42: 185.1516 | O42: 112.94091 | P42: 44.389715 | Q42: 185.1516 | R42: 181.73531 | S42: 112.94091 | T42: 112.94091 | U42: 44.389715 | V42: 44.389715 | W42: 155.52695 | X42: 203.43301
A43: Octopoda | B43: 3.58 | C43: 380.1894 | D43: Carnivorous invertebrates | E43: 0 | F43: 100 | G43: 27.878664 | H43: 27.878664 | I43: 35.33173 | J43: 35.33173 | K43: 28.654033 | L43: 33.321302 | M43: 33.321302 | N43: 34.061672 | O43: 17.349743 | P43: 10.872137 | Q43: 34.061672 | R43: 33.321302 | S43: 17.349743 | T43: 17.349743 | U43: 10.872137 | V43: 10.872137 | W43: 21.371774 | X43: 35.712118
A44: Anoplopoma fimbria | B44: 3.84 | C44: 691.83097 | D44: Other bottom fishes | E44: 0 | F44: 458.54947 | G44: 83.794097 | H44: 218.42356 | I44: 526.49216 | J44: 541.53312 | K44: 541.53312 | L44: 4898.3287 | M44: 4898.3287 | N44: 4977.9813 | O44: 2326.1304 | P44: 441.45148 | Q44: 4977.9813 | R44: 4898.3287 | S44: 2326.1304 | T44: 2326.1304 | U44: 441.45148 | V44: 441.45148 | W44: 3363.7874 | X44: 6233.0353
A45: Reinhardtius hippoglossoides | B45: 4.38 | C45: 2398.8329 | D45: Pleuronectidae | E45: 0 | F45: 233.24334 | G45: 51.41196 | H45: 126.51942 | I45: 324.11748 | J45: 325.25104 | K45: 325.25104 | L45: 2211.9929 | M45: 2211.9929 | N45: 2248.4867 | O45: 1061.0447 | P45: 181.15464 | Q45: 2248.4867 | R45: 2211.9929 | S45: 1061.0447 | T45: 1061.0447 | U45: 181.15464 | V45: 181.15464 | W45: 1563.2393 | X45: 2786.1398
A46: Salmonidae | B46: 3.3 | C46: 199.52623 | D46: Salmon | E46: 0 | F46: 537.79367 | G46: 94.024526 | H46: 104.59847 | I46: 157.17606 | J46: 157.62073 | K46: 47.759081 | L46: 685.40699 | M46: 685.40699 | N46: 696.7193 | O46: 75.247908 | P46: 24.548027 | Q46: 696.7193 | R46: 685.40699 | S46: 75.247908 | T46: 75.247908 | U46: 24.548027 | V46: 24.548027 | W46: 98.758639 | X46: 768.31503
A47: Arctoscopus japonicus | B47: 3.51 | C47: 323.59366 | D47: Other bottom fishes | E47: 0 | F47: 458.54947 | G47: 83.794097 | H47: 218.42356 | I47: 526.49216 | J47: 541.53312 | K47: 541.53312 | L47: 4898.3287 | M47: 4898.3287 | N47: 4977.9813 | O47: 2326.1304 | P47: 441.45148 | Q47: 4977.9813 | R47: 4898.3287 | S47: 2326.1304 | T47: 2326.1304 | U47: 441.45148 | V47: 441.45148 | W47: 3363.7874 | X47: 6233.0353
A48: Trichiurus lepturus | B48: 4.42 | C48: 2630.268 | D48: Unresolved
A49: Brachyura | B49: 2.6 | C49: 39.810717 | D49: Crabs and shrimps | E49: 0 | F49: 95.896642 | G49: 27.047208 | H49: 56.071592 | I49: 87.690287 | J49: 88.352076 | K49: 88.352076 | L49: 181.73531 | M49: 181.73531 | N49: 185.1516 | O49: 112.94091 | P49: 44.389715 | Q49: 185.1516 | R49: 181.73531 | S49: 112.94091 | T49: 112.94091 | U49: 44.389715 | V49: 44.389715 | W49: 155.52695 | X49: 203.43301
A50: Pandalus borealis | B50: 3.07 | C50: 117.48976 | D50: Crabs and shrimps | E50: 0 | F50: 95.896642 | G50: 27.047208 | H50: 56.071592 | I50: 87.690287 | J50: 88.352076 | K50: 88.352076 | L50: 181.73531 | M50: 181.73531 | N50: 185.1516 | O50: 112.94091 | P50: 44.389715 | Q50: 185.1516 | R50: 181.73531 | S50: 112.94091 | T50: 112.94091 | U50: 44.389715 | V50: 44.389715 | W50: 155.52695 | X50: 203.43301
A51: Cephalopoda | B51: 3.81 | C51: 645.65423 | D51: Squids | Carnivorous invertebrates | E51: 0 | F51: 860.39922 | G51: 129.6599 | H51: 109.30186 | I51: 63.295221 | J51: 67.814258 | K51: 33.426089 | L51: 221.66692 | M51: 221.66692 | N51: 225.16346 | O51: 101.51961 | P51: 34.059741 | Q51: 225.16346 | R51: 221.66692 | S51: 101.51961 | T51: 101.51961 | U51: 34.059741 | V51: 34.059741 | W51: 133.31448 | X51: 246.37106
A52: Trachurus japonicus | B52: 3.4 | C52: 251.18864 | D52: Unresolved
A53: Mizuhopecten yessoensis | B53: 2.1 | C53: 12.589254 | D53: 2nd level benthos | E53: 0 | F53: 10 | G53: 5.280025 | H53: 5.280025 | I53: 4.25396 | J53: 4.25396 | K53: 2.190789 | L53: 4.011903 | M53: 4.011903 | N53: 4.101044 | O53: 2.575732 | P53: 2.017588 | Q53: 4.101044 | R53: 4.011903 | S53: 2.575732 | T53: 2.575732 | U53: 2.017588 | V53: 2.017588 | W53: 3.13337 | X53: 4.076903
A54: Octopodidae | B54: 3.59 | C54: 389.04514 | D54: Carnivorous invertebrates | E54: 0 | F54: 100 | G54: 27.878664 | H54: 27.878664 | I54: 35.33173 | J54: 35.33173 | K54: 28.654033 | L54: 33.321302 | M54: 33.321302 | N54: 34.061672 | O54: 17.349743 | P54: 10.872137 | Q54: 34.061672 | R54: 33.321302 | S54: 17.349743 | T54: 17.349743 | U54: 10.872137 | V54: 10.872137 | W54: 21.371774 | X54: 35.712118
A55: Sciaenidae | B55: 3.76 | C55: 575.43994 | D55: Unresolved
A56: Carangidae | B56: 4.05 | C56: 1122.0185 | D56: Unresolved
A57: Sebastes | B57: 3.79 | C57: 616.595 | D57: Other bottom fishes | E57: 0 | F57: 458.54947 | G57: 83.794097 | H57: 218.42356 | I57: 526.49216 | J57: 541.53312 | K57: 541.53312 | L57: 4898.3287 | M57: 4898.3287 | N57: 4977.9813 | O57: 2326.1304 | P57: 441.45148 | Q57: 4977.9813 | R57: 4898.3287 | S57: 2326.1304 | T57: 2326.1304 | U57: 441.45148 | V57: 441.45148 | W57: 3363.7874 | X57: 6233.0353
A58: Echinoidea | B58: 2.51 | C58: 32.359366 | D58: 2nd level benthos | E58: 0 | F58: 10 | G58: 5.280025 | H58: 5.280025 | I58: 4.25396 | J58: 4.25396 | K58: 2.190789 | L58: 4.011903 | M58: 4.011903 | N58: 4.101044 | O58: 2.575732 | P58: 2.017588 | Q58: 4.101044 | R58: 4.011903 | S58: 2.575732 | T58: 2.575732 | U58: 2.017588 | V58: 2.017588 | W58: 3.13337 | X58: 4.076903
A59: Seriola lalandi | D59: Unresolved
A60: Mugil cephalus | B60: 2.14 | C60: 13.803843 | D60: Unresolved
A61: Chondrichthyes | B61: 4 | C61: 1000 | D61: Unresolved
A62: Scombridae | B62: 4.26 | C62: 1819.7009 | D62: Unresolved
A63: Sebastes alutus | B63: 3.48 | C63: 301.99517 | D63: Other bottom fishes | E63: 0 | F63: 458.54947 | G63: 83.794097 | H63: 218.42356 | I63: 526.49216 | J63: 541.53312 | K63: 541.53312 | L63: 4898.3287 | M63: 4898.3287 | N63: 4977.9813 | O63: 2326.1304 | P63: 441.45148 | Q63: 4977.9813 | R63: 4898.3287 | S63: 2326.1304 | T63: 2326.1304 | U63: 441.45148 | V63: 441.45148 | W63: 3363.7874 | X63: 6233.0353
A64: Oncorhynchus tshawytscha | B64: 4.4 | C64: 2511.8864 | D64: Salmon | E64: 0 | F64: 537.79367 | G64: 94.024526 | H64: 104.59847 | I64: 157.17606 | J64: 157.62073 | K64: 47.759081 | L64: 685.40699 | M64: 685.40699 | N64: 696.7193 | O64: 75.247908 | P64: 24.548027 | Q64: 696.7193 | R64: 685.40699 | S64: 75.247908 | T64: 75.247908 | U64: 24.548027 | V64: 24.548027 | W64: 98.758639 | X64: 768.31503
A65: Salvelinus | B65: 4.1 | C65: 1258.9254 | D65: Unresolved
A66: Paralithodes platypus | B66: 3.79 | C66: 616.595 | D66: Crabs and shrimps | E66: 0 | F66: 95.896642 | G66: 27.047208 | H66: 56.071592 | I66: 87.690287 | J66: 88.352076 | K66: 88.352076 | L66: 181.73531 | M66: 181.73531 | N66: 185.1516 | O66: 112.94091 | P66: 44.389715 | Q66: 185.1516 | R66: 181.73531 | S66: 112.94091 | T66: 112.94091 | U66: 44.389715 | V66: 44.389715 | W66: 155.52695 | X66: 203.43301
A67: Pentaceros wheeleri | D67: Unresolved
A68: Limanda aspera | D68: Pleuronectidae | E68: 0 | F68: 233.24334 | G68: 51.41196 | H68: 126.51942 | I68: 324.11748 | J68: 325.25104 | K68: 325.25104 | L68: 2211.9929 | M68: 2211.9929 | N68: 2248.4867 | O68: 1061.0447 | P68: 181.15464 | Q68: 2248.4867 | R68: 2211.9929 | S68: 1061.0447 | T68: 1061.0447 | U68: 181.15464 | V68: 181.15464 | W68: 1563.2393 | X68: 2786.1398
A69: Bathylagidae | B69: 3.1 | C69: 125.89254 | D69: Bathylagidae | E69: 0 | F69: 433.07266 | G69: 80.403265 | H69: 90.834756 | I69: 595.98081 | J69: 596.6601 | K69: 82.339094 | L69: 1635.3502 | M69: 1635.3502 | N69: 1661.4418 | O69: 216.5207 | P69: 75.945399 | Q69: 1661.4418 | R69: 1635.3502 | S69: 216.5207 | T69: 216.5207 | U69: 75.945399 | V69: 75.945399 | W69: 288.59031 | X69: 1722.3438
A70: Seriola | B70: 4.39 | C70: 2454.7089 | D70: Unresolved
A71: Thunnus alalunga | B71: 4.3 | C71: 1995.2623 | D71: Unresolved
A72: Loliginidae | B72: 3.9 | C72: 794.32823 | D72: Squids | E72: 0 | F72: 957.31008 | G72: 142.63165 | H72: 119.67903 | I72: 66.859093 | J72: 71.95407 | K72: 34.034275 | L72: 245.67107 | M72: 245.67107 | N72: 249.51887 | O72: 112.24683 | P72: 37.014939 | Q72: 249.51887 | R72: 245.67107 | S72: 112.24683 | T72: 112.24683 | U72: 37.014939 | V72: 37.014939 | W72: 147.58128 | X72: 273.21898
A73: Hippoglossoides elassodon | D73: Pleuronectidae | E73: 0 | F73: 233.24334 | G73: 51.41196 | H73: 126.51942 | I73: 324.11748 | J73: 325.25104 | K73: 325.25104 | L73: 2211.9929 | M73: 2211.9929 | N73: 2248.4867 | O73: 1061.0447 | P73: 181.15464 | Q73: 2248.4867 | R73: 2211.9929 | S73: 1061.0447 | T73: 1061.0447 | U73: 181.15464 | V73: 181.15464 | W73: 1563.2393 | X73: 2786.1398
A74: Gadidae | B74: 3.84 | C74: 691.83097 | D74: Walleye pollock | Juv. pollock | Other Gadidae | E74: 0 | F74: 472.2145 | G74: 85.463455 | H74: 148.83084 | I74: 1277.0498 | J74: 1391.9288 | K74: 1020.55 | L74: -27110.769 | M74: -27110.769 | N74: -27559.513 | O74: 2305.1227 | P74: 484.6111 | Q74: -27559.513 | R74: -27110.769 | S74: 2305.1227 | T74: 2305.1227 | U74: 484.6111 | V74: 484.6111 | W74: 5857.7665 | X74: 105118.3
A75: Gastropoda | B75: 3.06 | C75: 114.81536 | D75: 2nd level benthos | Carnivorous invertebrates | E75: 0 | F75: 29.4532 | G75: 10.164646 | H75: 10.164646 | I75: 10.971317 | J75: 10.971317 | K75: 7.910732 | L75: 10.347032 | M75: 10.347032 | N75: 10.576934 | O75: 5.769085 | P75: 3.93147 | Q75: 10.576934 | R75: 10.347032 | S75: 5.769085 | T75: 5.769085 | U75: 3.93147 | V75: 3.93147 | W75: 7.07554 | X75: 10.91475
A76: Berryteuthis magister | D76: Squids | E76: 0 | F76: 957.31008 | G76: 142.63165 | H76: 119.67903 | I76: 66.859093 | J76: 71.95407 | K76: 34.034275 | L76: 245.67107 | M76: 245.67107 | N76: 249.51887 | O76: 112.24683 | P76: 37.014939 | Q76: 249.51887 | R76: 245.67107 | S76: 112.24683 | T76: 112.24683 | U76: 37.014939 | V76: 37.014939 | W76: 147.58128 | X76: 273.21898
A77: Lutjanidae | B77: 4.02 | C77: 1047.1285 | D77: Unresolved
A78: Clupeidae | B78: 3.16 | C78: 144.54398 | D78: Unresolved
A79: Holothuroidea | B79: 2 | C79: 10 | D79: 2nd level benthos | E79: 0 | F79: 10 | G79: 5.280025 | H79: 5.280025 | I79: 4.25396 | J79: 4.25396 | K79: 2.190789 | L79: 4.011903 | M79: 4.011903 | N79: 4.101044 | O79: 2.575732 | P79: 2.017588 | Q79: 4.101044 | R79: 4.011903 | S79: 2.575732 | T79: 2.575732 | U79: 2.017588 | V79: 2.017588 | W79: 3.13337 | X79: 4.076903
A80: Dendrobranchiata | B80: 3.24 | C80: 173.78008 | D80: Crabs and shrimps | E80: 0 | F80: 95.896642 | G80: 27.047208 | H80: 56.071592 | I80: 87.690287 | J80: 88.352076 | K80: 88.352076 | L80: 181.73531 | M80: 181.73531 | N80: 185.1516 | O80: 112.94091 | P80: 44.389715 | Q80: 185.1516 | R80: 181.73531 | S80: 112.94091 | T80: 112.94091 | U80: 44.389715 | V80: 44.389715 | W80: 155.52695 | X80: 203.43301
A81: Pandalus | D81: Crabs and shrimps | E81: 0 | F81: 95.896642 | G81: 27.047208 | H81: 56.071592 | I81: 87.690287 | J81: 88.352076 | K81: 88.352076 | L81: 181.73531 | M81: 181.73531 | N81: 185.1516 | O81: 112.94091 | P81: 44.389715 | Q81: 185.1516 | R81: 181.73531 | S81: 112.94091 | T81: 112.94091 | U81: 44.389715 | V81: 44.389715 | W81: 155.52695 | X81: 203.43301
A82: Tetraodontidae | B82: 3.5 | C82: 316.22777 | D82: Unresolved
A83: Muraenesox cinereus | B83: 4.38 | C83: 2398.8329 | D83: Unresolved
A84: Paralichthys olivaceus | B84: 4.25 | C84: 1778.2794 | D84: Other bottom fishes | E84: 0 | F84: 458.54947 | G84: 83.794097 | H84: 218.42356 | I84: 526.49216 | J84: 541.53312 | K84: 541.53312 | L84: 4898.3287 | M84: 4898.3287 | N84: 4977.9813 | O84: 2326.1304 | P84: 441.45148 | Q84: 4977.9813 | R84: 4898.3287 | S84: 2326.1304 | T84: 2326.1304 | U84: 441.45148 | V84: 441.45148 | W84: 3363.7874 | X84: 6233.0353
A85: Salvelinus malma | B85: 4.4 | C85: 2511.8864 | D85: Unresolved
A86: Mactridae | B86: 2 | C86: 10 | D86: 2nd level benthos | E86: 0 | F86: 10 | G86: 5.280025 | H86: 5.280025 | I86: 4.25396 | J86: 4.25396 | K86: 2.190789 | L86: 4.011903 | M86: 4.011903 | N86: 4.101044 | O86: 2.575732 | P86: 2.017588 | Q86: 4.101044 | R86: 4.011903 | S86: 2.575732 | T86: 2.575732 | U86: 2.017588 | V86: 2.017588 | W86: 3.13337 | X86: 4.076903
A87: Cyprinidae | B87: 2.8 | C87: 63.095734 | D87: Unresolved
A88: Paralithodes | D88: Crabs and shrimps | E88: 0 | F88: 95.896642 | G88: 27.047208 | H88: 56.071592 | I88: 87.690287 | J88: 88.352076 | K88: 88.352076 | L88: 181.73531 | M88: 181.73531 | N88: 185.1516 | O88: 112.94091 | P88: 44.389715 | Q88: 185.1516 | R88: 181.73531 | S88: 112.94091 | T88: 112.94091 | U88: 44.389715 | V88: 44.389715 | W88: 155.52695 | X88: 203.43301
A89: Scorpaeniformes | B89: 3.78 | C89: 602.55959 | D89: Cottidae | Other bottom fishes | E89: 0 | F89: 458.54947 | G89: 83.794097 | H89: 218.42356 | I89: 526.49216 | J89: 541.53312 | K89: 541.53312 | L89: 4898.3287 | M89: 4898.3287 | N89: 4977.9813 | O89: 2326.1304 | P89: 441.45148 | Q89: 4977.9813 | R89: 4898.3287 | S89: 2326.1304 | T89: 2326.1304 | U89: 441.45148 | V89: 441.45148 | W89: 3363.7874 | X89: 6233.0353
A90: Pandalus goniurus | B90: 2.6 | C90: 39.810717 | D90: Crabs and shrimps | E90: 0 | F90: 95.896642 | G90: 27.047208 | H90: 56.071592 | I90: 87.690287 | J90: 88.352076 | K90: 88.352076 | L90: 181.73531 | M90: 181.73531 | N90: 185.1516 | O90: 112.94091 | P90: 44.389715 | Q90: 185.1516 | R90: 181.73531 | S90: 112.94091 | T90: 112.94091 | U90: 44.389715 | V90: 44.389715 | W90: 155.52695 | X90: 203.43301
A91: Clupeiformes | B91: 3.24 | C91: 173.78008 | D91: Unresolved
A92: Thunnus orientalis | B92: 4.05 | C92: 1122.0185 | D92: Unresolved
A93: Chionoecetes japonicus | B93: 3.74 | C93: 549.54087 | D93: Crabs and shrimps | E93: 0 | F93: 95.896642 | G93: 27.047208 | H93: 56.071592 | I93: 87.690287 | J93: 88.352076 | K93: 88.352076 | L93: 181.73531 | M93: 181.73531 | N93: 185.1516 | O93: 112.94091 | P93: 44.389715 | Q93: 185.1516 | R93: 181.73531 | S93: 112.94091 | T93: 112.94091 | U93: 44.389715 | V93: 44.389715 | W93: 155.52695 | X93: 203.43301
A94: Ommastrephidae | B94: 4.09 | C94: 1230.2688 | D94: Squids | E94: 0 | F94: 957.31008 | G94: 142.63165 | H94: 119.67903 | I94: 66.859093 | J94: 71.95407 | K94: 34.034275 | L94: 245.67107 | M94: 245.67107 | N94: 249.51887 | O94: 112.24683 | P94: 37.014939 | Q94: 249.51887 | R94: 245.67107 | S94: 112.24683 | T94: 112.24683 | U94: 37.014939 | V94: 37.014939 | W94: 147.58128 | X94: 273.21898
A95: Sebastolobus alascanus | B95: 3.62 | C95: 416.86938 | D95: Other bottom fishes | E95: 0 | F95: 458.54947 | G95: 83.794097 | H95: 218.42356 | I95: 526.49216 | J95: 541.53312 | K95: 541.53312 | L95: 4898.3287 | M95: 4898.3287 | N95: 4977.9813 | O95: 2326.1304 | P95: 441.45148 | Q95: 4977.9813 | R95: 4898.3287 | S95: 2326.1304 | T95: 2326.1304 | U95: 441.45148 | V95: 441.45148 | W95: 3363.7874 | X95: 6233.0353
A96: Octopus | B96: 3.8 | C96: 630.95734 | D96: Carnivorous invertebrates | E96: 0 | F96: 100 | G96: 27.878664 | H96: 27.878664 | I96: 35.33173 | J96: 35.33173 | K96: 28.654033 | L96: 33.321302 | M96: 33.321302 | N96: 34.061672 | O96: 17.349743 | P96: 10.872137 | Q96: 34.061672 | R96: 33.321302 | S96: 17.349743 | T96: 17.349743 | U96: 10.872137 | V96: 10.872137 | W96: 21.371774 | X96: 35.712118
A97: Pandalus hypsinotus | B97: 2.6 | C97: 39.810717 | D97: Crabs and shrimps | E97: 0 | F97: 95.896642 | G97: 27.047208 | H97: 56.071592 | I97: 87.690287 | J97: 88.352076 | K97: 88.352076 | L97: 181.73531 | M97: 181.73531 | N97: 185.1516 | O97: 112.94091 | P97: 44.389715 | Q97: 185.1516 | R97: 181.73531 | S97: 112.94091 | T97: 112.94091 | U97: 44.389715 | V97: 44.389715 | W97: 155.52695 | X97: 203.43301
A98: Squillidae | B98: 3.5 | C98: 316.22777 | D98: Carnivorous invertebrates | E98: 0 | F98: 100 | G98: 27.878664 | H98: 27.878664 | I98: 35.33173 | J98: 35.33173 | K98: 28.654033 | L98: 33.321302 | M98: 33.321302 | N98: 34.061672 | O98: 17.349743 | P98: 10.872137 | Q98: 34.061672 | R98: 33.321302 | S98: 17.349743 | T98: 17.349743 | U98: 10.872137 | V98: 10.872137 | W98: 21.371774 | X98: 35.712118
A99: Elasmobranchii | B99: 4.05 | C99: 1122.0185 | D99: Unresolved
A100: Trachurus | B100: 3.69 | C100: 489.77882 | D100: Unresolved
...

Sheet PPR inner
A1: Total PPR by method and year — every taxon summed, tonnes wet weight equivalent of primary production.
A2: Internal sources: primary producers and detritus; excludes imports. The simple chain rows are unpartitioned references; model rows use this scope.
A3: Methods are not alternatives to be averaged. They rest on different assumptions and the spread between them is the result.
A4: The two grey rows aggregate the catch to a group before exponentiating, which understates the total: SPPR is convex in trophic level, so they measure the Jensen effect rather than the PPR.
A5: method | B5: status | C5: 1950 | D5: 1951 | E5: 1952 | F5: 1953 | G5: 1954 | H5: 1955 | I5: 1956 | J5: 1957 | K5: 1958 | L5: 1959 | M5: 1960 | N5: 1961 | O5: 1962 | P5: 1963 | Q5: 1964 | R5: 1965 | S5: 1966 | T5: 1967 | U5: 1968 | V5: 1969 | W5: 1970 | X5: 1971 | Y5: 1972 | Z5: 1973 | AA5: 1974 | AB5: 1975 | AC5: 1976 | AD5: 1977 | AE5: 1978 | AF5: 1979 | AG5: 1980 | AH5: 1981 | AI5: 1982 | AJ5: 1983 | AK5: 1984 | AL5: 1985 | AM5: 1986 | AN5: 1987 | AO5: 1988 | AP5: 1989 | AQ5: 1990 | AR5: 1991 | AS5: 1992 | AT5: 1993 | AU5: 1994 | AV5: 1995 | AW5: 1996 | AX5: 1997 | AY5: 1998 | AZ5: 1999 | BA5: 2000 | BB5: 2001 | BC5: 2002 | BD5: 2003 | BE5: 2004 | BF5: 2005 | BG5: 2006 | BH5: 2007 | BI5: 2008 | BJ5: 2009 | BK5: 2010 | BL5: 2011 | BM5: 2012 | BN5: 2013 | BO5: 2014 | BP5: 2015 | BQ5: 2016 | BR5: 2017 | BS5: 2018 | BT5: 2019
A6: simple trophic chain, per taxon | B6: ok | C6: 5.3844723e+08 | D6: 8.2486898e+08 | E6: 6.486404e+08 | F6: 8.5493846e+08 | G6: 7.2652593e+08 | H6: 8.8697267e+08 | I6: 9.0960922e+08 | J6: 1.0340751e+09 | K6: 4.9879411e+08 | L6: 5.4931683e+08 | M6: 4.6600869e+08 | N6: 5.1706994e+08 | O6: 4.8726832e+08 | P6: 5.8480026e+08 | Q6: 4.9654734e+08 | R6: 6.5976157e+08 | S6: 6.0290692e+08 | T6: 7.3304041e+08 | U6: 7.305581e+08 | V6: 8.2934828e+08 | W6: 6.8175396e+08 | X6: 8.3138294e+08 | Y6: 7.2696205e+08 | Z6: 1.0566309e+09 | AA6: 9.9982216e+08 | AB6: 1.2624933e+09 | AC6: 1.2043476e+09 | AD6: 1.3633678e+09 | AE6: 1.1852599e+09 | AF6: 1.3269913e+09 | AG6: 1.3590576e+09 | AH6: 1.4519305e+09 | AI6: 1.5571867e+09 | AJ6: 1.7896669e+09 | AK6: 2.222465e+09 | AL6: 2.4321149e+09 | AM6: 2.532339e+09 | AN6: 2.5958681e+09 | AO6: 2.4332065e+09 | AP6: 2.9323075e+09 | AQ6: 3.0554563e+09 | AR6: 3.2521905e+09 | AS6: 2.9163797e+09 | AT6: 2.7688921e+09 | AU6: 2.4860699e+09 | AV6: 3.040276e+09 | AW6: 3.2953072e+09 | AX6: 3.3865026e+09 | AY6: 3.0258874e+09 | AZ6: 2.8691295e+09 | BA6: 2.5058168e+09 | BB6: 2.545972e+09 | BC6: 1.9159734e+09 | BD6: 2.3074682e+09 | BE6: 1.8784148e+09 | BF6: 2.2340697e+09 | BG6: 2.2156421e+09 | BH6: 2.5135903e+09 | BI6: 2.1967392e+09 | BJ6: 2.6889613e+09 | BK6: 2.4986029e+09 | BL6: 3.0615492e+09 | BM6: 2.8095384e+09 | BN6: 2.7250169e+09 | BO6: 2.5047368e+09 | BP6: 2.5089698e+09 | BQ6: 2.6832294e+09 | BR6: 2.5553577e+09 | BS6: 3.1569109e+09 | BT6: 2.7995434e+09
A7: simple, aggregated to SAU functional group | B7: Jensen comparison, not a PPR estimate | C7: 3.8599653e+08 | D7: 5.6743149e+08 | E7: 4.5723248e+08 | F7: 5.8237748e+08 | G7: 5.0765137e+08 | H7: 6.0936422e+08 | I7: 6.3541655e+08 | J7: 7.1904609e+08 | K7: 4.0396176e+08 | L7: 4.3742968e+08 | M7: 3.9979661e+08 | N7: 4.3500987e+08 | O7: 4.2120413e+08 | P7: 4.7570518e+08 | Q7: 4.2488437e+08 | R7: 5.3867933e+08 | S7: 5.2482065e+08 | T7: 6.1240541e+08 | U7: 6.5584195e+08 | V7: 6.8998556e+08 | W7: 6.1245957e+08 | X7: 7.043755e+08 | Y7: 6.5042372e+08 | Z7: 9.0613363e+08 | AA7: 8.9854351e+08 | AB7: 1.0837054e+09 | AC7: 1.0704395e+09 | AD7: 1.1642091e+09 | AE7: 1.0515198e+09 | AF7: 1.1336478e+09 | AG7: 1.1798427e+09 | AH7: 1.2509143e+09 | AI7: 1.3960066e+09 | AJ7: 1.549372e+09 | AK7: 2.0143757e+09 | AL7: 2.1662043e+09 | AM7: 2.317008e+09 | AN7: 2.2996081e+09 | AO7: 2.2140935e+09 | AP7: 2.5650989e+09 | AQ7: 2.7413e+09 | AR7: 2.8301725e+09 | AS7: 2.5858084e+09 | AT7: 2.3434884e+09 | AU7: 2.0983795e+09 | AV7: 2.589215e+09 | AW7: 2.8739341e+09 | AX7: 2.88749e+09 | AY7: 2.5435671e+09 | AZ7: 2.3572315e+09 | BA7: 1.9998811e+09 | BB7: 2.0229152e+09 | BC7: 1.4983076e+09 | BD7: 1.7888332e+09 | BE7: 1.4354684e+09 | BF7: 1.6720796e+09 | BG7: 1.6864916e+09 | BH7: 1.9201077e+09 | BI7: 1.6825043e+09 | BJ7: 1.9636274e+09 | BK7: 1.9033944e+09 | BL7: 2.208535e+09 | BM7: 2.060223e+09 | BN7: 2.0195404e+09 | BO7: 1.8841017e+09 | BP7: 1.9204022e+09 | BQ7: 2.0073653e+09 | BR7: 1.957347e+09 | BS7: 2.3231001e+09 | BT7: 2.1311586e+09
A8: simple, aggregated to SAU commercial group | B8: Jensen comparison, not a PPR estimate | C8: 4.0756887e+08 | D8: 6.3025722e+08 | E8: 4.9879349e+08 | F8: 6.6922641e+08 | G8: 5.6333901e+08 | H8: 6.8676545e+08 | I8: 7.0614134e+08 | J8: 8.1039818e+08 | K8: 3.889067e+08 | L8: 4.1959077e+08 | M8: 3.6039274e+08 | N8: 4.0033563e+08 | O8: 3.7640085e+08 | P8: 4.4969022e+08 | Q8: 4.0114003e+08 | R8: 5.2138875e+08 | S8: 4.9611481e+08 | T8: 5.909954e+08 | U8: 6.0597526e+08 | V8: 6.7161429e+08 | W8: 5.8179391e+08 | X8: 6.9322488e+08 | Y8: 6.1649507e+08 | Z8: 8.9256625e+08 | AA8: 8.6587297e+08 | AB8: 1.0836052e+09 | AC8: 1.0593532e+09 | AD8: 1.1698185e+09 | AE8: 1.0371021e+09 | AF8: 1.1353459e+09 | AG8: 1.1635808e+09 | AH8: 1.2432949e+09 | AI8: 1.3542181e+09 | AJ8: 1.5471582e+09 | AK8: 1.9263419e+09 | AL8: 2.0719152e+09 | AM8: 2.2089234e+09 | AN8: 2.2366949e+09 | AO8: 2.1499181e+09 | AP8: 2.563523e+09 | AQ8: 2.7012459e+09 | AR8: 2.8643267e+09 | AS8: 2.5742789e+09 | AT8: 2.4277996e+09 | AU8: 2.1654408e+09 | AV8: 2.6568739e+09 | AW8: 2.909233e+09 | AX8: 2.9845811e+09 | AY8: 2.6303685e+09 | AZ8: 2.4409604e+09 | BA8: 2.0844307e+09 | BB8: 2.141949e+09 | BC8: 1.5385462e+09 | BD8: 1.9228925e+09 | BE8: 1.5229748e+09 | BF8: 1.8228949e+09 | BG8: 1.8063456e+09 | BH8: 2.0642615e+09 | BI8: 1.7806614e+09 | BJ8: 2.1850986e+09 | BK8: 2.0310747e+09 | BL8: 2.5059988e+09 | BM8: 2.2625053e+09 | BN8: 2.1762751e+09 | BO8: 1.9978078e+09 | BP8: 2.0125643e+09 | BQ8: 2.1484684e+09 | BR8: 2.0546362e+09 | BS8: 2.5368093e+09 | BT8: 2.2427842e+09
A9: SPPR_1986 | B9: returned zero for every mapped group - check the method upstream | C9: 0 | D9: 0 | E9: 0 | F9: 0 | G9: 0 | H9: 0 | I9: 0 | J9: 0 | K9: 0 | L9: 0 | M9: 0 | N9: 0 | O9: 0 | P9: 0 | Q9: 0 | R9: 0 | S9: 0 | T9: 0 | U9: 0 | V9: 0 | W9: 0 | X9: 0 | Y9: 0 | Z9: 0 | AA9: 0 | AB9: 0 | AC9: 0 | AD9: 0 | AE9: 0 | AF9: 0 | AG9: 0 | AH9: 0 | AI9: 0 | AJ9: 0 | AK9: 0 | AL9: 0 | AM9: 0 | AN9: 0 | AO9: 0 | AP9: 0 | AQ9: 0 | AR9: 0 | AS9: 0 | AT9: 0 | AU9: 0 | AV9: 0 | AW9: 0 | AX9: 0 | AY9: 0 | AZ9: 0 | BA9: 0 | BB9: 0 | BC9: 0 | BD9: 0 | BE9: 0 | BF9: 0 | BG9: 0 | BH9: 0 | BI9: 0 | BJ9: 0 | BK9: 0 | BL9: 0 | BM9: 0 | BN9: 0 | BO9: 0 | BP9: 0 | BQ9: 0 | BR9: 0 | BS9: 0 | BT9: 0
A10: SPPR_1995_TE0.1 | B10: ok | C10: 3.5348047e+08 | D10: 4.3215025e+08 | E10: 3.9699165e+08 | F10: 4.3911876e+08 | G10: 4.2443478e+08 | H10: 4.9849111e+08 | I10: 5.3013283e+08 | J10: 6.3612273e+08 | K10: 4.8649911e+08 | L10: 4.5581055e+08 | M10: 3.9466858e+08 | N10: 4.5176383e+08 | O10: 4.0744422e+08 | P10: 5.2601964e+08 | Q10: 5.3442186e+08 | R10: 6.3955398e+08 | S10: 6.3243312e+08 | T10: 7.0709747e+08 | U10: 7.8014587e+08 | V10: 7.986552e+08 | W10: 7.5194668e+08 | X10: 8.2986051e+08 | Y10: 7.7822806e+08 | Z10: 1.0760973e+09 | AA10: 1.0898515e+09 | AB10: 1.290518e+09 | AC10: 1.2744325e+09 | AD10: 1.3189102e+09 | AE10: 1.1335379e+09 | AF10: 1.217218e+09 | AG10: 1.2667344e+09 | AH10: 1.3886725e+09 | AI10: 1.5656357e+09 | AJ10: 1.7227285e+09 | AK10: 2.2913054e+09 | AL10: 2.424131e+09 | AM10: 2.6520882e+09 | AN10: 2.6144602e+09 | AO10: 2.5717952e+09 | AP10: 2.8006984e+09 | AQ10: 3.0944119e+09 | AR10: 2.9881827e+09 | AS10: 2.9132421e+09 | AT10: 2.535493e+09 | AU10: 2.1598709e+09 | AV10: 2.678828e+09 | AW10: 3.1381105e+09 | AX10: 3.1339495e+09 | AY10: 2.8216403e+09 | AZ10: 2.522746e+09 | BA10: 2.1860035e+09 | BB10: 2.1684608e+09 | BC10: 1.5208948e+09 | BD10: 1.8886552e+09 | BE10: 1.5363346e+09 | BF10: 1.6969468e+09 | BG10: 1.7323497e+09 | BH10: 1.8949875e+09 | BI10: 1.7129876e+09 | BJ10: 1.8685013e+09 | BK10: 2.0134947e+09 | BL10: 2.1248884e+09 | BM10: 2.1485083e+09 | BN10: 2.0997561e+09 | BO10: 2.1139603e+09 | BP10: 2.0851125e+09 | BQ10: 2.1906252e+09 | BR10: 2.1863136e+09 | BS10: 2.3081187e+09 | BT10: 2.2639834e+09
A11: SPPR_1995_TEmean | B11: ok | C11: 61557349 | D11: 75390787 | E11: 69265616 | F11: 76542487 | G11: 74123349 | H11: 87307678 | I11: 93425924 | J11: 1.1153383e+08 | K11: 85616767 | L11: 80398484 | M11: 69620774 | N11: 79597471 | O11: 71717676 | P11: 92245982 | Q11: 94006100 | R11: 1.1299074e+08 | S11: 1.1217551e+08 | T11: 1.2538001e+08 | U11: 1.3850892e+08 | V11: 1.4157044e+08 | W11: 1.340565e+08 | X11: 1.4816954e+08 | Y11: 1.3899081e+08 | Z11: 1.9291157e+08 | AA11: 1.956838e+08 | AB11: 2.3155153e+08 | AC11: 2.2982603e+08 | AD11: 2.3703296e+08 | AE11: 2.0577392e+08 | AF11: 2.202977e+08 | AG11: 2.2912265e+08 | AH11: 2.5118995e+08 | AI11: 2.8326069e+08 | AJ11: 3.1165924e+08 | AK11: 4.1518349e+08 | AL11: 4.3759767e+08 | AM11: 4.7972502e+08 | AN11: 4.7208963e+08 | AO11: 4.6487003e+08 | AP11: 5.0690307e+08 | AQ11: 5.6012231e+08 | AR11: 5.4108211e+08 | AS11: 5.2478199e+08 | AT11: 4.5664063e+08 | AU11: 3.8921407e+08 | AV11: 4.8273897e+08 | AW11: 5.6626007e+08 | AX11: 5.629924e+08 | AY11: 505352382 | AZ11: 4.5044998e+08 | BA11: 3.8902743e+08 | BB11: 3.8730634e+08 | BC11: 2.7006733e+08 | BD11: 3.3741403e+08 | BE11: 2.7287131e+08 | BF11: 3.0145105e+08 | BG11: 3.0795399e+08 | BH11: 3.3787404e+08 | BI11: 3.0442795e+08 | BJ11: 3.3144972e+08 | BK11: 3.576335e+08 | BL11: 3.7759934e+08 | BM11: 3.8145563e+08 | BN11: 3.7234971e+08 | BO11: 3.7501079e+08 | BP11: 3.7106792e+08 | BQ11: 3.8969792e+08 | BR11: 3.8897095e+08 | BS11: 4.1031653e+08 | BT11: 4.0281825e+08
A12: Ulanowicz_globalTEmean | B12: ok | C12: 92412533 | D12: 1.0950168e+08 | E12: 1.0266653e+08 | F12: 1.1361496e+08 | G12: 1.1617229e+08 | H12: 1.3732923e+08 | I12: 1.4925739e+08 | J12: 1.7049482e+08 | K12: 1.3555748e+08 | L12: 1.3132952e+08 | M12: 1.1734107e+08 | N12: 1.3455245e+08 | O12: 1.2118421e+08 | P12: 1.4908802e+08 | Q12: 1.5051851e+08 | R12: 1.8079596e+08 | S12: 1.7685225e+08 | T12: 1.958621e+08 | U12: 2.1730224e+08 | V12: 2.2404775e+08 | W12: 2.1690794e+08 | X12: 2.4632023e+08 | Y12: 2.3175614e+08 | Z12: 3.1986245e+08 | AA12: 3.2672553e+08 | AB12: 3.8424318e+08 | AC12: 3.913764e+08 | AD12: 4.0106522e+08 | AE12: 3.5813959e+08 | AF12: 3.8007665e+08 | AG12: 3.9283286e+08 | AH12: 4.3722877e+08 | AI12: 4.9262837e+08 | AJ12: 5.3516348e+08 | AK12: 7.1479366e+08 | AL12: 7.5217212e+08 | AM12: 8.3050992e+08 | AN12: 8.0833329e+08 | AO12: 8.0068498e+08 | AP12: 8.6038976e+08 | AQ12: 9.5376913e+08 | AR12: 9.0519865e+08 | AS12: 8.9497119e+08 | AT12: 7.648592e+08 | AU12: 6.448282e+08 | AV12: 7.9791831e+08 | AW12: 9.354575e+08 | AX12: 9.1261925e+08 | AY12: 8.1565852e+08 | AZ12: 7.2487551e+08 | BA12: 6.2427971e+08 | BB12: 6.287187e+08 | BC12: 4.3348623e+08 | BD12: 5.5311228e+08 | BE12: 4.4712175e+08 | BF12: 4.8819451e+08 | BG12: 4.94681e+08 | BH12: 5.4735395e+08 | BI12: 497899662 | BJ12: 5.3196057e+08 | BK12: 5.8217396e+08 | BL12: 6.0053443e+08 | BM12: 6.0865565e+08 | BN12: 5.8782315e+08 | BO12: 6.0705115e+08 | BP12: 5.9454494e+08 | BQ12: 6.2824154e+08 | BR12: 6.2953254e+08 | BS12: 6.582293e+08 | BT12: 6.523638e+08
A13: Ulanowicz_TE | B13: ok | C13: 6.450285e+08 | D13: 7.0899973e+08 | E13: 6.8473353e+08 | F13: 7.348127e+08 | G13: 8.8945751e+08 | H13: 1.0210798e+09 | I13: 1.107504e+09 | J13: 1.191874e+09 | K13: 9.3476713e+08 | L13: 9.484696e+08 | M13: 1.0139656e+09 | N13: 1.1715037e+09 | O13: 1.0832583e+09 | P13: 1.2072283e+09 | Q13: 1.1694156e+09 | R13: 1.344276e+09 | S13: 1.1822539e+09 | T13: 1.3369631e+09 | U13: 1.4735156e+09 | V13: 1.6246703e+09 | W13: 1.5678756e+09 | X13: 1.8364189e+09 | Y13: 1.6720896e+09 | Z13: 2.2945464e+09 | AA13: 2.3437521e+09 | AB13: 2.7007805e+09 | AC13: 2.7942794e+09 | AD13: 2.8518098e+09 | AE13: 2.5653174e+09 | AF13: 2.7638555e+09 | AG13: 2.8827364e+09 | AH13: 3.4543512e+09 | AI13: 3.9498247e+09 | AJ13: 4.2153558e+09 | AK13: 5.6988843e+09 | AL13: 6.1101725e+09 | AM13: 6.6605673e+09 | AN13: 6.4629808e+09 | AO13: 6.3380584e+09 | AP13: 6.4857304e+09 | AQ13: 7.186976e+09 | AR13: 6.4439619e+09 | AS13: 7.044898e+09 | AT13: 5.7024012e+09 | AU13: 4.5890198e+09 | AV13: 5.6755245e+09 | AW13: 6.5211626e+09 | AX13: 6.2104862e+09 | AY13: 5.6551516e+09 | AZ13: 5.1081115e+09 | BA13: 4.3557532e+09 | BB13: 4.4250771e+09 | BC13: 3.0504588e+09 | BD13: 3.9712853e+09 | BE13: 3.3693665e+09 | BF13: 3.5526824e+09 | BG13: 3.537082e+09 | BH13: 3.9014498e+09 | BI13: 3.7816027e+09 | BJ13: 3.957661e+09 | BK13: 4.4927969e+09 | BL13: 4.3482575e+09 | BM13: 4.4530001e+09 | BN13: 4.2623011e+09 | BO13: 4.6758558e+09 | BP13: 4.4207639e+09 | BQ13: 4.781459e+09 | BR13: 4.872813e+09 | BS13: 5.0859296e+09 | BT13: 5.1679706e+09
A14: EwE_TE_noEE | B14: ok | C14: 7.5582558e+08 | D14: 8.2814892e+08 | E14: 8.0066848e+08 | F14: 8.5903215e+08 | G14: 1.051716e+09 | H14: 1.2048562e+09 | I14: 1.304455e+09 | J14: 1.3935428e+09 | K14: 1.0782187e+09 | L14: 1.0963868e+09 | M14: 1.1855915e+09 | N14: 1.3744228e+09 | O14: 1.2697319e+09 | P14: 1.4026156e+09 | Q14: 1.3513808e+09 | R14: 1.530947e+09 | S14: 1.3158842e+09 | T14: 1.4873447e+09 | U14: 1.6359529e+09 | V14: 1.823721e+09 | W14: 1.7431601e+09 | X14: 2.0503877e+09 | Y14: 1.8567423e+09 | Z14: 2.5192168e+09 | AA14: 2.5643572e+09 | AB14: 2.9360899e+09 | AC14: 3.0285082e+09 | AD14: 3.105801e+09 | AE14: 2.7728132e+09 | AF14: 3.0066785e+09 | AG14: 3.1342003e+09 | AH14: 3.8124695e+09 | AI14: 4.3551023e+09 | AJ14: 4.6324555e+09 | AK14: 6.2530209e+09 | AL14: 6.7474671e+09 | AM14: 7.3296502e+09 | AN14: 7.1133826e+09 | AO14: 6.9549506e+09 | AP14: 7.0311908e+09 | AQ14: 7.77637e+09 | AR14: 6.8913352e+09 | AS14: 7.6947172e+09 | AT14: 6.1823063e+09 | AU14: 4.9323325e+09 | AV14: 6.0886888e+09 | AW14: 6.9421165e+09 | AX14: 6.6140959e+09 | AY14: 6.0902273e+09 | AZ14: 5.5553831e+09 | BA14: 4.7702164e+09 | BB14: 4.8303367e+09 | BC14: 3.3682503e+09 | BD14: 4.3636956e+09 | BE14: 3.7641639e+09 | BF14: 3.9459329e+09 | BG14: 3.9076397e+09 | BH14: 4.2901214e+09 | BI14: 4.21951e+09 | BJ14: 4.429903e+09 | BK14: 5.0260333e+09 | BL14: 4.8246122e+09 | BM14: 4.9487635e+09 | BN14: 4.7358512e+09 | BO14: 5.2553767e+09 | BP14: 4.9171683e+09 | BQ14: 5.3336148e+09 | BR14: 5.4456579e+09 | BS14: 5.6972209e+09 | BT14: 5.7955876e+09
A15: EwE_TE_EE | B15: ok | C15: 3.6674399e+08 | D15: 3.997199e+08 | E15: 3.9000458e+08 | F15: 4.1565551e+08 | G15: 4.8802676e+08 | H15: 5.6430493e+08 | I15: 6.1946872e+08 | J15: 6.877706e+08 | K15: 5.9215188e+08 | L15: 5.9695653e+08 | M15: 6.1198516e+08 | N15: 6.9653364e+08 | O15: 6.4844103e+08 | P15: 7.4643826e+08 | Q15: 7.4174011e+08 | R15: 9.0359985e+08 | S15: 8.6535212e+08 | T15: 9.7858038e+08 | U15: 1.0899464e+09 | V15: 1.1545821e+09 | W15: 1.1580876e+09 | X15: 1.3381782e+09 | Y15: 1.2456195e+09 | Z15: 1.7742983e+09 | AA15: 1.8365e+09 | AB15: 2.1576485e+09 | AC15: 2.262105e+09 | AD15: 2.2692819e+09 | AE15: 2.098061e+09 | AF15: 2.2112762e+09 | AG15: 2.3106418e+09 | AH15: 2.6387708e+09 | AI15: 3.0304026e+09 | AJ15: 3.2624551e+09 | AK15: 4.4410326e+09 | AL15: 4.6575985e+09 | AM15: 5.1443071e+09 | AN15: 4.980392e+09 | AO15: 4.9392307e+09 | AP15: 5.2434128e+09 | AQ15: 5.8513294e+09 | AR15: 5.4164644e+09 | AS15: 5.5652783e+09 | AT15: 4.5927166e+09 | AU15: 3.7868179e+09 | AV15: 4.7116015e+09 | AW15: 5.5481613e+09 | AX15: 5.260719e+09 | AY15: 4.628178e+09 | AZ15: 4.0475059e+09 | BA15: 3.370333e+09 | BB15: 3.4627581e+09 | BC15: 2.2886972e+09 | BD15: 3.0396329e+09 | BE15: 2.4353217e+09 | BF15: 2.6107292e+09 | BG15: 2.6458282e+09 | BH15: 2.9662551e+09 | BI15: 2.7391762e+09 | BJ15: 2.8114123e+09 | BK15: 3.2218427e+09 | BL15: 3.1892175e+09 | BM15: 3.2550909e+09 | BN15: 3.1117332e+09 | BO15: 3.2914931e+09 | BP15: 3.22539e+09 | BQ15: 3.4615236e+09 | BR15: 3.5098718e+09 | BS15: 3.6158865e+09 | BT15: 3.6736978e+09
A16: SPPR_2015 | B16: DIVERGED - negative SPPR in a source-model group | C16: -2.7496976e+10 | D16: -2.951391e+10 | E16: -2.8709762e+10 | F16: -3.0660104e+10 | G16: -4.0541964e+10 | H16: -4.578844e+10 | I16: -4.9008556e+10 | J16: -4.9981419e+10 | K16: -3.5080783e+10 | L16: -3.6257033e+10 | M16: -4.2831242e+10 | N16: -5.0694536e+10 | O16: -4.666613e+10 | P16: -4.8494484e+10 | Q16: -4.4963053e+10 | R16: -4.5591868e+10 | S16: -3.1705978e+10 | T16: -3.5838869e+10 | U16: -3.8556236e+10 | V16: -4.8087263e+10 | W16: -4.1777001e+10 | X16: -5.1187646e+10 | Y16: -4.368898e+10 | Z16: -5.2478057e+10 | AA16: -5.1157381e+10 | AB16: -5.3817924e+10 | AC16: -5.31452e+10 | AD16: -5.8162024e+10 | AE16: -4.6656425e+10 | AF16: -5.5566728e+10 | AG16: -5.7655372e+10 | AH16: -8.4792901e+10 | AI16: -9.6068782e+10 | AJ16: -9.8456186e+10 | AK16: -1.307386e+11 | AL16: -1.5189134e+11 | AM16: -1.5836579e+11 | AN16: -1.5417075e+11 | AO16: -1.4530363e+11 | AP16: -1.2543233e+11 | AQ16: -1.3489224e+11 | AR16: -9.8800007e+10 | AS16: -1.5217342e+11 | AT16: -1.1042838e+11 | AU16: -7.7041638e+10 | AV16: -9.2340205e+10 | AW16: -9.147179e+10 | AX16: -8.7653793e+10 | AY16: -9.8061307e+10 | AZ16: -1.03204e+11 | BA16: -9.6547148e+10 | BB16: -9.3900905e+10 | BC16: -7.4931017e+10 | BD16: -9.1901023e+10 | BE16: -9.4762672e+10 | BF16: -9.3618188e+10 | BG16: -8.7616348e+10 | BH16: -9.1239719e+10 | BI16: -1.0517366e+11 | BJ16: -1.1382844e+11 | BK16: -1.2872751e+11 | BL16: -1.1372228e+11 | BM16: -1.1855922e+11 | BN16: -1.1330693e+11 | BO16: -1.405682e+11 | BP16: -1.1909183e+11 | BQ16: -1.3305681e+11 | BR16: -1.3846252e+11 | BS16: -1.4824733e+11 | BT16: -1.5253773e+11
... A28: MC_new_TE_EEfix | B28: IMPLAUSIBLE - up to 357x the trophic-chain estimate; the solve is near-singular for this model | C28: 1.0071163e+11 | D28: 1.0836306e+11 | E28: 1.0538442e+11 | F28: 1.1281718e+11 | G28: 1.4750843e+11 | H28: 1.6702723e+11 | I28: 1.7905323e+11 | J28: 1.8341967e+11 | K28: 1.3031266e+11 | L28: 1.3432111e+11 | M28: 1.5620312e+11 | N28: 1.846554e+11 | O28: 1.6972847e+11 | P28: 1.7773344e+11 | Q28: 1.65553e+11 | R28: 1.6983121e+11 | S28: 1.2153346e+11 | T28: 1.3694226e+11 | U28: 1.4785797e+11 | V28: 1.8135173e+11 | W28: 1.5954874e+11 | X28: 1.9465863e+11 | Y28: 1.6782002e+11 | Z28: 2.0458991e+11 | AA28: 2.0076184e+11 | AB28: 2.1416534e+11 | AC28: 2.1309516e+11 | AD28: 2.3098173e+11 | AE28: 1.8864312e+11 | AF28: 2.2080218e+11 | AG28: 2.2883052e+11 | AH28: 3.2617706e+11 | AI28: 3.6934708e+11 | AJ28: 3.8036387e+11 | AK28: 5.0555036e+11 | AL28: 5.8125534e+11 | AM28: 6.1004348e+11 | AN28: 5.9321763e+11 | AO28: 5.6247353e+11 | AP28: 4.9751141e+11 | AQ28: 5.3760163e+11 | AR28: 4.0825477e+11 | AS28: 5.9289042e+11 | AT28: 4.3786063e+11 | AU28: 3.1319652e+11 | AV28: 3.7711424e+11 | AW28: 3.8441047e+11 | AX28: 3.6851978e+11 | AY28: 3.9697818e+11 | AZ28: 4.0776244e+11 | BA28: 3.7736203e+11 | BB28: 3.6914459e+11 | BC28: 2.8910723e+11 | BD28: 3.57177e+11 | BE28: 3.592267e+11 | BF28: 3.5785294e+11 | BG28: 3.3733627e+11 | BH28: 3.5387556e+11 | BI28: 3.9872645e+11 | BJ28: 4.3010166e+11 | BK28: 4.8584796e+11 | BL28: 4.3422622e+11 | BM28: 4.5175638e+11 | BN28: 4.3163766e+11 | BO28: 5.2799459e+11 | BP28: 4.5265119e+11 | BQ28: 5.0349675e+11 | BR28: 5.2242091e+11 | BS28: 5.5760471e+11 | BT28: 5.7254088e+11
A30: Catch tonnage on a named group: 235,876,743 of 242,338,606 (97.3 %). Unresolved taxa contribute nothing to the model rows and everything to the simple row, so the two are not directly comparable until coverage is 100 %.
A31: 7 of 20 methods are flagged above. A flagged row is a property of this model under that method, not of the mapping; see model_health in the SPPR workbook.
A32: Coverage by year, %:
A33: catch on a named group, % | C33: 93.87 | D33: 94.84 | E33: 94.55 | F33: 94.75 | G33: 93.43 | H33: 93.51 | I33: 94.66 | J33: 95 | K33: 93.17 | L33: 93.24 | M33: 92.93 | N33: 92.98 | O33: 91.71 | P33: 93.05 | Q33: 94.67 | R33: 94.6 | S33: 94.75 | T33: 94.98 | U33: 94.81 | V33: 94.6 | W33: 93.81 | X33: 94.42 | Y33: 92.93 | Z33: 93.63 | AA33: 93.87 | AB33: 95.26 | AC33: 95.78 | AD33: 95.56 | AE33: 94.11 | AF33: 95.37 | AG33: 95.54 | AH33: 96.3 | AI33: 96.87 | AJ33: 97.77 | AK33: 97.55 | AL33: 97.65 | AM33: 97.75 | AN33: 98.5 | AO33: 98.81 | AP33: 98.94 | AQ33: 99.05 | AR33: 98.94 | AS33: 98.76 | AT33: 98.37 | AU33: 98.25 | AV33: 98.52 | AW33: 98.29 | AX33: 98.54 | AY33: 98.66 | AZ33: 98.47 | BA33: 98.21 | BB33: 98.12 | BC33: 97.4 | BD33: 97.78 | BE33: 97.09 | BF33: 97.17 | BG33: 97.25 | BH33: 97.38 | BI33: 97.1 | BJ33: 97.88 | BK33: 98.06 | BL33: 97.91 | BM33: 97.97 | BN33: 98.02 | BO33: 97.58 | BP33: 98.08 | BQ33: 98.22 | BR33: 98.13 | BS33: 98.04 | BT33: 98.05

Sheet sppr_PP
A1: Specific PPR per taxon — LME_052, model 52_1_Sea_of_Okhotsk_NE_(1980)
A2: sppr_simple is the trophic-chain estimate (1/TE)^(TL-1) at TE=0.1, applied to the taxon's own trophic level and needing no model.
A3: Primary producers only; excludes detritus and imports. Blank means unavailable, not zero. sppr_simple is an unpartitioned reference.
A4: taxon | B4: trophic_level | C4: sppr_simple | D4: Ecopath group | E4: SPPR_1986 | F4: SPPR_1995_TE0.1 | G4: SPPR_1995_TEmean | H4: Ulanowicz_globalTEmean | I4: Ulanowicz_TE | J4: EwE_TE_noEE | K4: EwE_TE_EE | L4: SPPR_2015 | M4: new_TE_noEEfix | N4: new_TE_EEfix | O4: new_GE | P4: new_WithEgestion | Q4: sym_TE_asPP | R4: sym_TE_asDC | S4: sym_GE_asPP | T4: sym_GE_asDC | U4: sym_WithEgestion_asPP | V4: sym_WithEgestion_asDC | W4: MC_new_GE | X4: MC_new_TE_EEfix
A5: Gadus chalcogrammus | B5: 3.57 | C5: 371.53523 | D5: Walleye pollock | Juv. pollock | H5: 68.020519 | I5: 414.11719 | J5: 415.16988 | K5: 414.53824 | L5: 2360.7769 | M5: 1206.9678 | N5: 1206.9678 | O5: 562.59424 | P5: 175.35596 | Q5: 1206.9678 | R5: 1206.9678 | S5: 562.59424 | T5: 562.59424 | U5: 175.35596 | V5: 175.35596 | W5: 600.95798 | X5: 1276.0179
A6: Clupea pallasii | B6: 3.16 | C6: 144.54398 | D6: Pacific herring | H6: 51.221896 | I6: 102.81693 | J6: 102.81693 | K6: 82.97326 | L6: 674.69506 | M6: 351.16111 | N6: 351.16111 | O6: 241.2291 | P6: 82.919653 | Q6: 351.16111 | R6: 351.16111 | S6: 241.2291 | T6: 241.2291 | U6: 82.919653 | V6: 82.919653 | W6: 251.29245 | X6: 382.46256
A7: Marine fishes not identified | B7: 3.28 | C7: 190.54607 | D7: Other bottom fishes | Other Gadidae | Cottidae | Pleuronectidae | H7: 101.09755 | I7: 1613.7838 | J7: 1979.5089 | K7: 765.80415 | L7: -220473.71 | M7: -108782.7 | N7: -108782.7 | O7: 3955.2768 | P7: 436.94977 | Q7: -108782.7 | R7: -108782.7 | S7: 3955.2768 | T7: 3955.2768 | U7: 436.94977 | V7: 436.94977 | W7: 5951.4736 | X7: 381830.79
A8: Oncorhynchus gorbuscha | B8: 4.49 | C8: 3090.2954 | D8: Salmon | H8: 51.919844 | I8: 72.517175 | J8: 72.7128 | K8: 22.031979 | L8: 685.40699 | M8: 338.23529 | N8: 338.23529 | O8: 33.272784 | P8: 11.018898 | Q8: 338.23529 | R8: 338.23529 | S8: 33.272784 | T8: 33.272784 | U8: 11.018898 | V8: 11.018898 | W8: 35.439063 | X8: 371.56817
A9: Sardinops sagax | B9: 2.84 | C9: 69.183097 | D9: Pacific Sardine | H9: 7.265375 | I9: 12.161484 | J9: 12.161484 | K9: 9.875125 | L9: 22.182506 | M9: 15.509286 | N9: 15.509286 | O9: 11.732909 | P9: 7.611235 | Q9: 15.509286 | R9: 15.509286 | S9: 11.732909 | T9: 11.732909 | U9: 7.611235 | V9: 7.611235 | W9: 11.936474 | X9: 16.261055
A10: Gadus macrocephalus | B10: 4.16 | C10: 1445.4398 | D10: Other Gadidae | H10: 117.52487 | I10: 3170.7051 | J10: 3937.8881 | K10: 1378.2608 | L10: -469569.2 | M10: -231717.29 | N10: -231717.29 | O10: 7410.4169 | P10: 749.76489 | Q10: -231717.29 | R10: -231717.29 | S10: 7410.4169 | T10: 7410.4169 | U10: 749.76489 | V10: 749.76489 | W10: 11452.212 | X10: 802390.15
A11: Oncorhynchus | B11: 3.95 | C11: 891.25094 | D11: Salmon | H11: 51.919844 | I11: 72.517175 | J11: 72.7128 | K11: 22.031979 | L11: 685.40699 | M11: 338.23529 | N11: 338.23529 | O11: 33.272784 | P11: 11.018898 | Q11: 338.23529 | R11: 338.23529 | S11: 33.272784 | T11: 33.272784 | U11: 11.018898 | V11: 11.018898 | W11: 35.439063 | X11: 371.56817
A12: Oncorhynchus keta | B12: 3.74 | C12: 549.54087 | D12: Salmon | H12: 51.919844 | I12: 72.517175 | J12: 72.7128 | K12: 22.031979 | L12: 685.40699 | M12: 338.23529 | N12: 338.23529 | O12: 33.272784 | P12: 11.018898 | Q12: 338.23529 | R12: 338.23529 | S12: 33.272784 | T12: 33.272784 | U12: 11.018898 | V12: 11.018898 | W12: 35.439063 | X12: 371.56817
A13: Pleuronectiformes | B13: 3.57 | C13: 371.53523 | D13: Pleuronectidae | Other bottom fishes | H13: 86.283977 | I13: 209.80794 | J13: 213.51261 | K13: 213.51261 | L13: 4151.7018 | M13: 2075.318 | N13: 2075.318 | O13: 839.55504 | P13: 154.86429 | Q13: 2075.318 | R13: 2075.318 | S13: 839.55504 | T13: 839.55504 | U13: 154.86429 | V13: 154.86429 | W13: 991.1042 | X13: 2585.4103
A14: Paralithodes camtschaticus | B14: 3.7 | C14: 501.18723 | D14: Crabs and shrimps | H14: 20.712164 | I14: 30.295516 | J14: 30.606649 | K14: 30.606649 | L14: 181.73531 | M14: 76.890044 | N14: 76.890044 | O14: 40.463114 | P14: 14.877665 | Q14: 76.890044 | R14: 76.890044 | S14: 40.463114 | T14: 40.463114 | U14: 14.877665 | V14: 14.877665 | W14: 44.221943 | X14: 84.736037
A15: Pleurogrammus azonus | B15: 3.6 | C15: 398.10717 | D15: Other bottom fishes | H15: 100.62758 | I15: 239.40454 | J15: 244.34417 | K15: 244.34417 | L15: 4898.3287 | M15: 2453.8104 | N15: 2453.8104 | O15: 991.72879 | P15: 186.58122 | Q15: 2453.8104 | R15: 2453.8104 | S15: 991.72879 | T15: 991.72879 | U15: 186.58122 | V15: 186.58122 | W15: 1168.9762 | X15: 3060.4571
A16: Scomber | B16: 3.65 | C16: 446.68359 | D16: Unresolved
A17: Teuthida | B17: 4.13 | C17: 1348.9629 | D17: Squids | H17: 59.815369 | I17: 33.411687 | J17: 35.600362 | K17: 16.838971 | L17: 245.67107 | M17: 127.58296 | N17: 127.58296 | O17: 49.760897 | P17: 16.659949 | Q17: 127.58296 | R17: 127.58296 | S17: 49.760897 | T17: 49.760897 | U17: 16.659949 | V17: 16.659949 | W17: 52.970045 | X17: 139.28811
A18: Eleginus gracilis | B18: 4.1 | C18: 1258.9254 | D18: Other Gadidae | H18: 117.52487 | I18: 3170.7051 | J18: 3937.8881 | K18: 1378.2608 | L18: -469569.2 | M18: -231717.29 | N18: -231717.29 | O18: 7410.4169 | P18: 749.76489 | Q18: -231717.29 | R18: -231717.29 | S18: 7410.4169 | T18: 7410.4169 | U18: 749.76489 | V18: 749.76489 | W18: 11452.212 | X18: 802390.15
A19: Ammodytes personatus | B19: 3 | C19: 100 | D19: Ammodytidae | H19: 9.616409 | I19: 28.408096 | J19: 28.408096 | K19: 14.431313 | L19: 92.596847 | M19: 30.233871 | N19: 30.233871 | O19: 7.999204 | P19: 4.600147 | Q19: 30.233871 | R19: 30.233871 | S19: 7.999204 | T19: 7.999204 | U19: 4.600147 | V19: 4.600147 | W19: 8.256892 | X19: 30.169489
A20: Todarodes pacificus | B20: 4.28 | C20: 1905.4607 | D20: Squids | H20: 59.815369 | I20: 33.411687 | J20: 35.600362 | K20: 16.838971 | L20: 245.67107 | M20: 127.58296 | N20: 127.58296 | O20: 49.760897 | P20: 16.659949 | Q20: 127.58296 | R20: 127.58296 | S20: 49.760897 | T20: 49.760897 | U20: 16.659949 | V20: 16.659949 | W20: 52.970045 | X20: 139.28811
