Workbook

Sheet Species
A1: unit_id | B1: region_name | C1: region_type | D1: year | E1: taxon | F1: common_name | G1: functional_group | H1: commercial_group | I1: catch_tonnes | J1: landings_tonnes | K1: discards_tonnes | L1: reported_tonnes | M1: unreported_tonnes | N1: taxon_key | O1: tl | P1: match_method | Q1: tl_source | R1: match_confidence | S1: reference_taxon | T1: sppr | U1: ppr | V1: EwE_Mohamed_2009_ArabianSeaOffKarnataka | W1: EwE_Mohamed_2009_ArabianSeaOffKarnataka_explanation
A2: LME_032 | B2: Arabian Sea | C2: LME | D2: 2019 | E2: Sardinella longiceps | F2: Indian oil sardine | G2: Small pelagics (<30 cm) | H2: Herring-likes | I2: 613277.92 | J2: 608735.7 | K2: 4542.2206 | L2: 518298.32 | M2: 94979.597 | N2: sardinella longiceps | O2: 2.41 | P2: exact_2020_supplement | Q2: 2020 supplement MeanTL | R2: high | S2: Sardinella longiceps | T2: =IF(O2="","",(1/Metadata!$B$5)^(O2-1)) -> 25.703958 | U2: =IF(T2="","",I2*T2) -> 15763670 | V2: Clupeids | W2: Indian oil sardine; "oil sardine" is Table 1's explicit named example for Clupeids.
A3: LME_032 | B3: Arabian Sea | C3: LME | D3: 2019 | E3: Marine fishes not identified | F3: Marine fishes nei | G3: Medium demersals (30 - 89 cm) | H3: Other fishes & inverts | I3: 558935.37 | J3: 493606.03 | K3: 65329.347 | L3: 406066.68 | M3: 152868.69 | N3: marine fishes not identified | O3: 3.28 | P3: exact_sea_around_us | Q3: Sea Around Us exploited organisms | R3: high | S3: Marine fishes not identified | T3: =IF(O3="","",(1/Metadata!$B$5)^(O3-1)) -> 190.54607 | U3: =IF(T3="","",I3*T3) -> 1.0650294e+08 | V3: Unresolved | W3: Fully unresolved aggregate catch category with no taxonomic resolution; spans essentially the whole model's fish-guild structure.
A4: LME_032 | B4: Arabian Sea | C4: LME | D4: 2019 | E4: Rastrelliger kanagurta | F4: Indian mackerel | G4: Medium pelagics (30 - 89 cm) | H4: Perch-likes | I4: 288152.29 | J4: 271292.47 | K4: 16859.825 | L4: 227126.34 | M4: 61025.95 | N4: rastrelliger kanagurta | O4: 3.19 | P4: exact_2020_supplement | Q4: 2020 supplement MeanTL | R4: high | S4: Rastrelliger kanagurta | T4: =IF(O4="","",(1/Metadata!$B$5)^(O4-1)) -> 154.88166 | U4: =IF(T4="","",I4*T4) -> 44629506 | V4: Mackerel | W4: Indian mackerel; exact species named as the model's Mackerel group definition (Rastrelliger kanagurta).
A5: LME_032 | B5: Arabian Sea | C5: LME | D5: 2019 | E5: Katsuwonus pelamis | F5: Skipjack tuna | G5: Large pelagics (>=90 cm) | H5: Tuna & billfishes | I5: 243529.14 | J5: 243529.13 | K5: 0.01082576 | L5: 242424.54 | M5: 1104.5949 | N5: katsuwonus pelamis | O5: 4.43 | P5: exact_2020_supplement | Q5: 2020 supplement MeanTL | R5: high | S5: Katsuwonus pelamis | T5: =IF(O5="","",(1/Metadata!$B$5)^(O5-1)) -> 2691.5348 | U5: =IF(T5="","",I5*T5) -> 6.5546715e+08 | V5: Tunas | W5: Skipjack tuna; tribe Thunnini, the same tight monophyletic tribe as Table 1's explicit genera Euthynnus, Thunnus and Auxis - an unambiguous true-tuna fit despite the genus itself not being separately named.
A6: LME_032 | B6: Arabian Sea | C6: LME | D6: 2019 | E6: Thunnus albacares | F6: Yellowfin tuna | G6: Large pelagics (>=90 cm) | H6: Tuna & billfishes | I6: 222031.93 | J6: 222031.93 | K6: 0 | L6: 169560.35 | M6: 52471.577 | N6: thunnus albacares | O6: 4.41 | P6: exact_2020_supplement | Q6: 2020 supplement MeanTL | R6: high | S6: Thunnus albacares | T6: =IF(O6="","",(1/Metadata!$B$5)^(O6-1)) -> 2570.3958 | U6: =IF(T6="","",I6*T6) -> 5.7070993e+08 | V6: Tunas | W6: Yellowfin tuna; exact genus (Thunnus) explicitly named in Table 1's Tunas definition.
A7: LME_032 | B7: Arabian Sea | C7: LME | D7: 2019 | E7: Decapoda | F7: Crabs, lobsters, shrimps | G7: Lobsters, crabs | H7: Crustaceans | I7: 181058.92 | J7: 179608.16 | K7: 1450.758 | L7: 179278.47 | M7: 1780.4491 | N7: decapoda | O7: 3.43 | P7: exact_sea_around_us | Q7: Sea Around Us exploited organisms | R7: high | S7: Decapoda | T7: =IF(O7="","",(1/Metadata!$B$5)^(O7-1)) -> 269.15348 | U7: =IF(T7="","",I7*T7) -> 48732638 | V7: Unresolved | W7: Aggregate decapod order (SAU common name "Crabs, lobsters, shrimps") spanning both the Crabs & Lobster and Shrimps groups with no way to disaggregate.
A8: LME_032 | B8: Arabian Sea | C8: LME | D8: 2019 | E8: Nemipteridae | F8: Threadfins, whiptail breams | G8: Small demersals (<30 cm) | H8: Perch-likes | I8: 157523.99 | J8: 146247.92 | K8: 11276.065 | L8: 144581.85 | M8: 12942.142 | N8: nemipteridae | O8: 3.51 | P8: exact_sea_around_us | Q8: Sea Around Us exploited organisms | R8: high | S8: Nemipteridae | T8: =IF(O8="","",(1/Metadata!$B$5)^(O8-1)) -> 323.59366 | U8: =IF(T8="","",I8*T8) -> 50973764 | V8: Small Benthic Carnivores | W8: Threadfin bream family; Nemipteridae (threadfin bream/monocle bream family) - "threadfin breams" is Table 1's explicit example for Small Benthic Carnivores.
A9: LME_032 | B9: Arabian Sea | C9: LME | D9: 2019 | E9: Clupeiformes | F9: Herrings, shads, anchovies | G9: Small pelagics (<30 cm) | H9: Other fishes & inverts | I9: 155067.75 | J9: 152190.23 | K9: 2877.5203 | L9: 37279.948 | M9: 117787.81 | N9: clupeiformes | O9: 3.24 | P9: exact_sea_around_us | Q9: Sea Around Us exploited organisms | R9: high | S9: Clupeiformes | T9: =IF(O9="","",(1/Metadata!$B$5)^(O9-1)) -> 173.78008 | U9: =IF(T9="","",I9*T9) -> 26947687 | V9: Unresolved | W9: Order spans both Clupeidae (Clupeids group) and Engraulidae (Anchovies group), the model's two herring/anchovy groups, with no way to disaggregate.
A10: LME_032 | B10: Arabian Sea | C10: LME | D10: 2019 | E10: Penaeidae | F10: Commercial shrimps and prawns | G10: Shrimps | H10: Crustaceans | I10: 152834.29 | J10: 152771.85 | K10: 62.43864 | L10: 150350.34 | M10: 2483.944 | N10: penaeidae | O10: 3.31 | P10: exact_sea_around_us | Q10: Sea Around Us exploited organisms | R10: high | S10: Penaeidae | T10: =IF(O10="","",(1/Metadata!$B$5)^(O10-1)) -> 204.17379 | U10: =IF(T10="","",I10*T10) -> 31204756 | V10: Shrimps | W10: Penaeid shrimp family; all of Table 1's explicit example genera (Metapenaeus, Parapenaeopsis, Trachypenaeus, Aristeus) belong to this family.
A11: LME_032 | B11: Arabian Sea | C11: LME | D11: 2019 | E11: Carangidae | F11: Jacks, pompanos | G11: Medium pelagics (30 - 89 cm) | H11: Perch-likes | I11: 150824.3 | J11: 143907.34 | K11: 6916.9585 | L11: 128919.74 | M11: 21904.557 | N11: carangidae | O11: 4.05 | P11: exact_sea_around_us | Q11: Sea Around Us exploited organisms | R11: high | S11: Carangidae | T11: =IF(O11="","",(1/Metadata!$B$5)^(O11-1)) -> 1122.0185 | U11: =IF(T11="","",I11*T11) -> 1.6922765e+08 | V11: Small Benthopelagics | W11: Jack/carangid family; "carangids" is Table 1's explicit example for Small Benthopelagics (used here for the unidentified/generic family entry; large predatory genera in this family are placed individually with Large Benthic Carnivores where their size and ecology diverge - see explanations for Caranx, Carangoides, Seriola etc.).
A12: LME_032 | B12: Arabian Sea | C12: LME | D12: 2019 | E12: Sciaenidae | F12: Drums, croakers | G12: Medium demersals (30 - 89 cm) | H12: Perch-likes | I12: 143027.65 | J12: 136353.87 | K12: 6673.7809 | L12: 116229.34 | M12: 26798.313 | N12: sciaenidae | O12: 3.76 | P12: exact_sea_around_us | Q12: Sea Around Us exploited organisms | R12: high | S12: Sciaenidae | T12: =IF(O12="","",(1/Metadata!$B$5)^(O12-1)) -> 575.43994 | U12: =IF(T12="","",I12*T12) -> 82303822 | V12: Med Benthic Carnivores | W12: Drum/croaker family; "sciaenids" is Table 1's explicit example for Med Benthic Carnivores.
A13: LME_032 | B13: Arabian Sea | C13: LME | D13: 2019 | E13: Perciformes | F13: Perch-likes | G13: Medium demersals (30 - 89 cm) | H13: Perch-likes | I13: 116754.08 | J13: 106836.09 | K13: 9917.9887 | L13: 106830.38 | M13: 9923.6963 | N13: perciformes | O13: 3.53 | P13: exact_sea_around_us | Q13: Sea Around Us exploited organisms | R13: high | S13: Perciformes | T13: =IF(O13="","",(1/Metadata!$B$5)^(O13-1)) -> 338.84416 | U13: =IF(T13="","",I13*T13) -> 39561437 | V13: Unresolved | W13: Perciformes is an enormous order spanning the large majority of this model's demersal and many pelagic groups (Large/Med/Small Benthic Carnivores, Small Benthopelagics, Large Pelagics and more); too broad to place in any single group.
... A394: LME_032 | B394: Arabian Sea | C394: LME | D394: 2019 | E394: Labridae | F394: Wrasses, gropers, tuskfishes | G394: Medium reef assoc. fish (30 - 89 cm) | H394: Perch-likes | I394: 7.7187e-06 | J394: 7.7187e-06 | K394: 0 | L394: 0 | M394: 7.7187e-06 | N394: labridae | O394: 3.46 | P394: exact_sea_around_us | Q394: Sea Around Us exploited organisms | R394: high | S394: Labridae | T394: =IF(O394="","",(1/Metadata!$B$5)^(O394-1)) -> 288.40315 | U394: =IF(T394="","",I394*T394) -> 0.0022260974 | V394: Med Benthic Carnivores | W394: Wrasse family; diverse benthic invertivores/durophages, SAU size class "Medium reef assoc. fish" and TL (3.46) closest to Med Benthic Carnivores (group TL 3.19); family not named in Table 1.

Sheet Commercial
A1: commercial_group | B1: taxon_count_total | C1: taxon_count_matched | D1: catch_tonnes_total | E1: catch_tonnes_matched | F1: catch_tonnes_missing_tl | G1: catch_coverage_fraction | H1: sppr_correct | I1: ppr_correct | J1: tl_weighted_jensen | K1: sppr_jensen | L1: ppr_jensen | M1: jensen_difference | N1: jensen_ratio_correct_to_error | O1: jensen_percent_difference
A2: Anchovies | B2: 5 | C2: 5 | D2: 114036.54 | E2: 114036.54 | F2: 0 | G2: 1 | H2: =IF(E2=0,"",I2/E2) -> 221.69836 | I2: =SUMIF(Species!$H$2:$H$394,A2,Species!$U$2:$U$394) -> 25281715 | J2: 3.3334736 | K2: =IF(J2="","",(1/Metadata!$B$5)^(J2-1)) -> 215.51308 | L2: =IF(E2=0,"",E2*K2) -> 24576367 | M2: =I2-L2 -> 705347.27 | N2: =IF(L2=0,"",I2/L2) -> 1.0287002 | O2: =IF(L2=0,"",M2/L2) -> 0.028700225
A3: Cod-likes | B3: 1 | C3: 1 | D3: 224.6051 | E3: 224.6051 | F3: 0 | G3: 1 | H3: =IF(E3=0,"",I3/E3) -> 199.52623 | I3: =SUMIF(Species!$H$2:$H$394,A3,Species!$U$2:$U$394) -> 44814.609 | J3: 3.3 | K3: =IF(J3="","",(1/Metadata!$B$5)^(J3-1)) -> 199.52623 | L3: =IF(E3=0,"",E3*K3) -> 44814.609 | M3: =I3-L3 -> 0 | N3: =IF(L3=0,"",I3/L3) -> 1 | O3: =IF(L3=0,"",M3/L3) -> 0
A4: Crustaceans | B4: 22 | C4: 22 | D4: 387946.92 | E4: 387946.92 | F4: 0 | G4: 1 | H4: =IF(E4=0,"",I4/E4) -> 220.47931 | I4: =SUMIF(Species!$H$2:$H$394,A4,Species!$U$2:$U$394) -> 85534269 | J4: 3.2689865 | K4: =IF(J4="","",(1/Metadata!$B$5)^(J4-1)) -> 185.77468 | L4: =IF(E4=0,"",E4*K4) -> 72070715 | M4: =I4-L4 -> 13463554 | N4: =IF(L4=0,"",I4/L4) -> 1.1868103 | O4: =IF(L4=0,"",M4/L4) -> 0.18681033
A5: Flatfishes | B5: 5 | C5: 5 | D5: 50229.592 | E5: 50229.592 | F5: 0 | G5: 1 | H5: =IF(E5=0,"",I5/E5) -> 566.81409 | I5: =SUMIF(Species!$H$2:$H$394,A5,Species!$U$2:$U$394) -> 28470841 | J5: 3.3798686 | K5: =IF(J5="","",(1/Metadata!$B$5)^(J5-1)) -> 239.81071 | L5: =IF(E5=0,"",E5*K5) -> 12045594 | M5: =I5-L5 -> 16425247 | N5: =IF(L5=0,"",I5/L5) -> 2.3635896 | O5: =IF(L5=0,"",M5/L5) -> 1.3635896
A6: Herring-likes | B6: 15 | C6: 15 | D6: 818557.45 | E6: 818557.45 | F6: 0 | G6: 1 | H6: =IF(E6=0,"",I6/E6) -> 110.75107 | I6: =SUMIF(Species!$H$2:$H$394,A6,Species!$U$2:$U$394) -> 90656115 | J6: 2.6082731 | K6: =IF(J6="","",(1/Metadata!$B$5)^(J6-1)) -> 40.576357 | L6: =IF(E6=0,"",E6*K6) -> 33214079 | M6: =I6-L6 -> 57442036 | N6: =IF(L6=0,"",I6/L6) -> 2.7294484 | O6: =IF(L6=0,"",M6/L6) -> 1.7294484
A7: Molluscs | B7: 11 | C7: 11 | D7: 98433.608 | E7: 98433.608 | F7: 0 | G7: 1 | H7: =IF(E7=0,"",I7/E7) -> 18.782888 | I7: =SUMIF(Species!$H$2:$H$394,A7,Species!$U$2:$U$394) -> 1848867.5 | J7: 2.2348669 | K7: =IF(J7="","",(1/Metadata!$B$5)^(J7-1)) -> 17.173822 | L7: =IF(E7=0,"",E7*K7) -> 1690481.2 | M7: =I7-L7 -> 158386.23 | N7: =IF(L7=0,"",I7/L7) -> 1.093693 | O7: =IF(L7=0,"",M7/L7) -> 0.093692985
A8: Other fishes & inverts | B8: 51 | C8: 51 | D8: 1316006.2 | E8: 1316006.2 | F8: 0 | G8: 1 | H8: =IF(E8=0,"",I8/E8) -> 520.51522 | I8: =SUMIF(Species!$H$2:$H$394,A8,Species!$U$2:$U$394) -> 6.8500127e+08 | J8: 3.5162648 | K8: =IF(J8="","",(1/Metadata!$B$5)^(J8-1)) -> 328.29544 | L8: =IF(E8=0,"",E8*K8) -> 4.3203884e+08 | M8: =I8-L8 -> 2.5296243e+08 | N8: =IF(L8=0,"",I8/L8) -> 1.5855085 | O8: =IF(L8=0,"",M8/L8) -> 0.58550855
A9: Perch-likes | B9: 210 | C9: 210 | D9: 1866208.6 | E9: 1866208.6 | F9: 0 | G9: 1 | H9: =IF(E9=0,"",I9/E9) -> 1008.0171 | I9: =SUMIF(Species!$H$2:$H$394,A9,Species!$U$2:$U$394) -> 1.8811703e+09 | J9: 3.7570013 | K9: =IF(J9="","",(1/Metadata!$B$5)^(J9-1)) -> 571.4803 | L9: =IF(E9=0,"",E9*K9) -> 1.0665015e+09 | M9: =I9-L9 -> 8.1466882e+08 | N9: =IF(L9=0,"",I9/L9) -> 1.7638703 | O9: =IF(L9=0,"",M9/L9) -> 0.76387031
A10: Scorpionfishes | B10: 5 | C10: 5 | D10: 6146.9329 | E10: 6146.9329 | F10: 0 | G10: 1 | H10: =IF(E10=0,"",I10/E10) -> 493.26266 | I10: =SUMIF(Species!$H$2:$H$394,A10,Species!$U$2:$U$394) -> 3032052.5 | J10: 3.668495 | K10: =IF(J10="","",(1/Metadata!$B$5)^(J10-1)) -> 466.11708 | L10: =IF(E10=0,"",E10*K10) -> 2865190.4 | M10: =I10-L10 -> 166862.04 | N10: =IF(L10=0,"",I10/L10) -> 1.0582377 | O10: =IF(L10=0,"",M10/L10) -> 0.05823768
A11: Sharks & rays | B11: 47 | C11: 47 | D11: 189617.22 | E11: 189617.22 | F11: 0 | G11: 1 | H11: =IF(E11=0,"",I11/E11) -> 1827.9007 | I11: =SUMIF(Species!$H$2:$H$394,A11,Species!$U$2:$U$394) -> 3.4660145e+08 | J11: 4.1816576 | K11: =IF(J11="","",(1/Metadata!$B$5)^(J11-1)) -> 1519.3493 | L11: =IF(E11=0,"",E11*K11) -> 2.8809478e+08 | M11: =I11-L11 -> 58506671 | N11: =IF(L11=0,"",I11/L11) -> 1.2030813 | O11: =IF(L11=0,"",M11/L11) -> 0.20308133
A12: Tuna & billfishes | B12: 21 | C12: 21 | D12: 589021.05 | E12: 589021.05 | F12: 0 | G12: 1 | H12: =IF(E12=0,"",I12/E12) -> 2694.4459 | I12: =SUMIF(Species!$H$2:$H$394,A12,Species!$U$2:$U$394) -> 1.5870854e+09 | J12: 4.4285999 | K12: =IF(J12="","",(1/Metadata!$B$5)^(J12-1)) -> 2682.8716 | L12: =IF(E12=0,"",E12*K12) -> 1.5802678e+09 | M12: =I12-L12 -> 6817527.7 | N12: =IF(L12=0,"",I12/L12) -> 1.0043142 | O12: =IF(L12=0,"",M12/L12) -> 0.0043141596

Sheet Functional
A1: functional_group | B1: taxon_count_total | C1: taxon_count_matched | D1: catch_tonnes_total | E1: catch_tonnes_matched | F1: catch_tonnes_missing_tl | G1: catch_coverage_fraction | H1: sppr_correct | I1: ppr_correct | J1: tl_weighted_jensen | K1: sppr_jensen | L1: ppr_jensen | M1: jensen_difference | N1: jensen_ratio_correct_to_error | O1: jensen_percent_difference
A2: Cephalopods | B2: 11 | C2: 11 | D2: 190758.67 | E2: 190758.67 | F2: 0 | G2: 1 | H2: =IF(E2=0,"",I2/E2) -> 828.25934 | I2: =SUMIF(Species!$G$2:$G$394,A2,Species!$U$2:$U$394) -> 1.5799765e+08 | J2: 3.8505584 | K2: =IF(J2="","",(1/Metadata!$B$5)^(J2-1)) -> 708.85668 | L2: =IF(E2=0,"",E2*K2) -> 1.3522056e+08 | M2: =I2-L2 -> 22777093 | N2: =IF(L2=0,"",I2/L2) -> 1.168444 | O2: =IF(L2=0,"",M2/L2) -> 0.16844401
A3: Jellyfish | B3: 5 | C3: 5 | D3: 25817.176 | E3: 25817.176 | F3: 0 | G3: 1 | H3: =IF(E3=0,"",I3/E3) -> 263.75179 | I3: =SUMIF(Species!$G$2:$G$394,A3,Species!$U$2:$U$394) -> 6809326.4 | J3: 3.3678384 | K3: =IF(J3="","",(1/Metadata!$B$5)^(J3-1)) -> 233.25897 | L3: =IF(E3=0,"",E3*K3) -> 6022087.8 | M3: =I3-L3 -> 787238.59 | N3: =IF(L3=0,"",I3/L3) -> 1.1307252 | O3: =IF(L3=0,"",M3/L3) -> 0.13072519
A4: Large benthopelagics (>=90 cm) | B4: 11 | C4: 11 | D4: 89433.442 | E4: 89433.442 | F4: 0 | G4: 1 | H4: =IF(E4=0,"",I4/E4) -> 2362.3475 | I4: =SUMIF(Species!$G$2:$G$394,A4,Species!$U$2:$U$394) -> 2.1127287e+08 | J4: 4.259628 | K4: =IF(J4="","",(1/Metadata!$B$5)^(J4-1)) -> 1818.1427 | L4: =IF(E4=0,"",E4*K4) -> 1.6260276e+08 | M4: =I4-L4 -> 48670108 | N4: =IF(L4=0,"",I4/L4) -> 1.2993191 | O4: =IF(L4=0,"",M4/L4) -> 0.29931907
A5: Large demersals (>=90 cm) | B5: 8 | C5: 8 | D5: 59394.756 | E5: 59394.756 | F5: 0 | G5: 1 | H5: =IF(E5=0,"",I5/E5) -> 711.63102 | I5: =SUMIF(Species!$G$2:$G$394,A5,Species!$U$2:$U$394) -> 42267151 | J5: 3.7282209 | K5: =IF(J5="","",(1/Metadata!$B$5)^(J5-1)) -> 534.83637 | L5: =IF(E5=0,"",E5*K5) -> 31766476 | M5: =I5-L5 -> 10500675 | N5: =IF(L5=0,"",I5/L5) -> 1.3305584 | O5: =IF(L5=0,"",M5/L5) -> 0.33055839
A6: Large pelagics (>=90 cm) | B6: 32 | C6: 32 | D6: 815669.3 | E6: 815669.3 | F6: 0 | G6: 1 | H6: =IF(E6=0,"",I6/E6) -> 2691.5373 | I6: =SUMIF(Species!$G$2:$G$394,A6,Species!$U$2:$U$394) -> 2.1954044e+09 | J6: 4.4229684 | K6: =IF(J6="","",(1/Metadata!$B$5)^(J6-1)) -> 2648.3074 | L6: =IF(E6=0,"",E6*K6) -> 2.160143e+09 | M6: =I6-L6 -> 35261326 | N6: =IF(L6=0,"",I6/L6) -> 1.0163236 | O6: =IF(L6=0,"",M6/L6) -> 0.016323607
A7: Large rays (>=90 cm) | B7: 13 | C7: 13 | D7: 25303.213 | E7: 25303.213 | F7: 0 | G7: 1 | H7: =IF(E7=0,"",I7/E7) -> 477.94837 | I7: =SUMIF(Species!$G$2:$G$394,A7,Species!$U$2:$U$394) -> 12093630 | J7: 3.6263782 | K7: =IF(J7="","",(1/Metadata!$B$5)^(J7-1)) -> 423.03685 | L7: =IF(E7=0,"",E7*K7) -> 10704192 | M7: =I7-L7 -> 1389437.9 | N7: =IF(L7=0,"",I7/L7) -> 1.1298032 | O7: =IF(L7=0,"",M7/L7) -> 0.12980316
A8: Large reef assoc. fish (>=90 cm) | B8: 23 | C8: 23 | D8: 88939.943 | E8: 88939.943 | F8: 0 | G8: 1 | H8: =IF(E8=0,"",I8/E8) -> 2119.5865 | I8: =SUMIF(Species!$G$2:$G$394,A8,Species!$U$2:$U$394) -> 1.8851591e+08 | J8: 4.2465486 | K8: =IF(J8="","",(1/Metadata!$B$5)^(J8-1)) -> 1764.2032 | L8: =IF(E8=0,"",E8*K8) -> 1.5690813e+08 | M8: =I8-L8 -> 31607775 | N8: =IF(L8=0,"",I8/L8) -> 1.2014413 | O8: =IF(L8=0,"",M8/L8) -> 0.20144128
A9: Large sharks (>=90 cm) | B9: 31 | C9: 31 | D9: 162525.18 | E9: 162525.18 | F9: 0 | G9: 1 | H9: =IF(E9=0,"",I9/E9) -> 2048.5317 | I9: =SUMIF(Species!$G$2:$G$394,A9,Species!$U$2:$U$394) -> 3.3293797e+08 | J9: 4.2709324 | K9: =IF(J9="","",(1/Metadata!$B$5)^(J9-1)) -> 1866.089 | L9: =IF(E9=0,"",E9*K9) -> 3.0328644e+08 | M9: =I9-L9 -> 29651528 | N9: =IF(L9=0,"",I9/L9) -> 1.0977674 | O9: =IF(L9=0,"",M9/L9) -> 0.097767405
A10: Lobsters, crabs | B10: 12 | C10: 12 | D10: 207803.26 | E10: 207803.26 | F10: 0 | G10: 1 | H10: =IF(E10=0,"",I10/E10) -> 255.59791 | I10: =SUMIF(Species!$G$2:$G$394,A10,Species!$U$2:$U$394) -> 53114081 | J10: 3.370187 | K10: =IF(J10="","",(1/Metadata!$B$5)^(J10-1)) -> 234.52385 | L10: =IF(E10=0,"",E10*K10) -> 48734822 | M10: =I10-L10 -> 4379258.8 | N10: =IF(L10=0,"",I10/L10) -> 1.0898589 | O10: =IF(L10=0,"",M10/L10) -> 0.089858926
A11: Medium bathydemersals (30 - 89 cm) | B11: 1 | C11: 1 | D11: 150.48446 | E11: 150.48446 | F11: 0 | G11: 1 | H11: =IF(E11=0,"",I11/E11) -> 2290.8677 | I11: =SUMIF(Species!$G$2:$G$394,A11,Species!$U$2:$U$394) -> 344739.97 | J11: 4.36 | K11: =IF(J11="","",(1/Metadata!$B$5)^(J11-1)) -> 2290.8677 | L11: =IF(E11=0,"",E11*K11) -> 344739.97 | M11: =I11-L11 -> 0 | N11: =IF(L11=0,"",I11/L11) -> 1 | O11: =IF(L11=0,"",M11/L11) -> 0
A12: Medium bathypelagics (30 - 89 cm) | B12: 1 | C12: 1 | D12: 1115.9424 | E12: 1115.9424 | F12: 0 | G12: 1 | H12: =IF(E12=0,"",I12/E12) -> 1202.2644 | I12: =SUMIF(Species!$G$2:$G$394,A12,Species!$U$2:$U$394) -> 1341657.9 | J12: 4.08 | K12: =IF(J12="","",(1/Metadata!$B$5)^(J12-1)) -> 1202.2644 | L12: =IF(E12=0,"",E12*K12) -> 1341657.9 | M12: =I12-L12 -> 0 | N12: =IF(L12=0,"",I12/L12) -> 1 | O12: =IF(L12=0,"",M12/L12) -> 0
A13: Medium benthopelagics (30 - 89 cm) | B13: 10 | C13: 10 | D13: 181958.45 | E13: 181958.45 | F13: 0 | G13: 1 | H13: =IF(E13=0,"",I13/E13) -> 989.80788 | I13: =SUMIF(Species!$G$2:$G$394,A13,Species!$U$2:$U$394) -> 1.8010391e+08 | J13: 3.792758 | K13: =IF(J13="","",(1/Metadata!$B$5)^(J13-1)) -> 620.52319 | L13: =IF(E13=0,"",E13*K13) -> 1.1290944e+08 | M13: =I13-L13 -> 67194469 | N13: =IF(L13=0,"",I13/L13) -> 1.5951183 | O13: =IF(L13=0,"",M13/L13) -> 0.59511826
... A25: Small to medium sharks (<90 cm) | B25: 2 | C25: 2 | D25: 1239.1094 | E25: 1239.1094 | F25: 0 | G25: 1 | H25: =IF(E25=0,"",I25/E25) -> 1011.6294 | I25: =SUMIF(Species!$G$2:$G$394,A25,Species!$U$2:$U$394) -> 1253519.5 | J25: 3.9982637 | K25: =IF(J25="","",(1/Metadata!$B$5)^(J25-1)) -> 996.00995 | L25: =IF(E25=0,"",E25*K25) -> 1234165.3 | M25: =I25-L25 -> 19354.184 | N25: =IF(L25=0,"",I25/L25) -> 1.015682 | O25: =IF(L25=0,"",M25/L25) -> 0.015682004

Sheet Missing TL
A1: unit_id | B1: region_name | C1: region_type | D1: year | E1: taxon | F1: common_name | G1: functional_group | H1: commercial_group | I1: catch_tonnes | J1: landings_tonnes | K1: discards_tonnes | L1: reported_tonnes | M1: unreported_tonnes | N1: taxon_key | O1: tl | P1: match_method | Q1: tl_source | R1: match_confidence | S1: reference_taxon | T1: sppr | U1: ppr

Sheet Validation
A1: unit_id | B1: check | C1: value | D1: unit
A2: LME_032 | B2: raw_filtered_tonnes | C2: 5436428.8 | D2: tonnes
A3: LME_032 | B3: species_catch_tonnes | C3: 5436428.8 | D3: tonnes
A4: LME_032 | B4: catch_difference_tonnes | C4: 0 | D4: tonnes
A5: LME_032 | B5: catch_reconciled | C5: True | D5: boolean
A6: LME_032 | B6: matched_catch_tonnes | C6: 5436428.8 | D6: tonnes
A7: LME_032 | B7: catch_coverage_fraction | C7: 1 | D7: fraction
A8: LME_032 | B8: taxa_count | C8: 393 | D8: count
A9: LME_032 | B9: matched_taxa_count | C9: 393 | D9: count
A10: LME_032 | B10: unmatched_taxa_count | C10: 0 | D10: count
A11: LME_032 | B11: species_ppr | C11: 4.7347271e+09 | D11: tonnes_primary_production_equivalent
A12: LME_032 | B12: commercial_ppr | C12: 4.7347271e+09 | D12: tonnes_primary_production_equivalent
A13: LME_032 | B13: functional_ppr | C13: 4.7347271e+09 | D13: tonnes_primary_production_equivalent
A14: LME_032 | B14: commercial_ppr_difference | C14: 9.5367432e-07 | D14: tonnes_primary_production_equivalent
A15: LME_032 | B15: functional_ppr_difference | C15: 0 | D15: tonnes_primary_production_equivalent
A16: LME_032 | B16: commercial_ppr_reconciled | C16: True | D16: boolean
A17: LME_032 | B17: functional_ppr_reconciled | C17: True | D17: boolean
A18: LME_032 | B18: commercial_jensen_violations | C18: 0 | D18: count
A19: LME_032 | B19: functional_jensen_violations | C19: 0 | D19: count

Sheet Metadata
A1: LME_032 - Arabian Sea
A3: Field | B3: Value | C3: Notes / source
A4: Unit ID | B4: LME_032 | C4: Sea Around Us region identifier
A5: Transfer efficiency | B5: 0.1 | C5: Used by every SPPR formula
A6: Year | B6: 2019 | C6: Latest year common to all 84 datasets
A7: Region type | B7: LME | C7: Sea Around Us spatial classification
A8: Catch scope | B8: Landings + Discards | C8: Reported + unreported; all sectors, gears, entities, and end uses
A9: SPPR formula | B9: (1 / TE)^(TL - 1) | C9: TE is the Metadata!B5 value
A10: PPR formula | B10: Catch tonnes × SPPR | C10: Unit: tonnes primary-production equivalent
A11: Wet-weight/carbon divisor | B11: Not applied | C11: The paper's /9 conversion is intentionally omitted
A12: Primary TL source | B12: 2020 supplement MeanTL | C12: No SPPR regression from the supplement is used
A13: Secondary TL source | B13: Sea Around Us exploited organisms | C13: Exact taxon matches, followed by documented fallbacks
A14: Catch data URL | B14: https://www.seaaroundus.org/data/ | C14: Frozen archive: raw_data/SAU_downloads/LME_032-catch.zip
A15: Method source | B15: Pauly & Christensen (1995) | C15: Nature 374:255-257

Sheet EwE Taxonomy
A1: paper | B1: model | C1: functional_group | D1: model_tl | E1: grouping_basis | F1: reported_or_supporting_taxa | G1: evidence_note | H1: primary_source | I1: supporting_source | J1: primary_url | K1: supporting_url | L1: supplement_status
A2: Mohamed, K.S. & Zacharia, P.U. (2009) Prediction and modelling of marine fishery yields from the Arabian Sea off Karnataka using Ecosim. Indian Journal of Marine Sciences 38(1): 69-76. | B2: Arabian Sea off Karnataka (2000) | C2: Marine Mammals | D2: 4.06 | E2: Taxonomic (marine mammal order) | F2: Dolphins | G2: No dolphin/cetacean taxa are present in this workbook's 393 catch rows; this row documents the group definition for completeness even though it receives no species-sheet assignments. | H2: Mohamed, K.S. & Zacharia, P.U. (2009), Indian J. Mar. Sci. 38(1): 69-76; Table 1 (functional group list with indicative taxa, PDF p.2 / printed p.70), Table 2 (biomass, P/B, Q/B, EE, TL per group, PDF p.3 / printed p.71). | I2: Mohamed, K.S., Zacharia, P.U., Muthiah, C., Abdurahiman, K.P. & Nayak, T.H. (2008) Trophic modelling of the Arabian Sea ecosystem off Karnataka and simulation of fishery yields, CMFRI Bulletin 51 (underlying Ecopath model, cited as reference 13 of the 2009 paper; present in this collection as LME_032/ARAB-2005/). | J2: https://eprints.cmfri.org.in/6253/1/IJMS_38%281%29_69-76.pdf | K2: https://eprints.cmfri.org.in/3945/ | L2: No supplementary species-list file exists for this paper; Table 1 (PDF p.2, printed p.70) is a two-column in-text table captioned 'not an exhaustive list, only indicative; includes more than 120 species' and is the only species-to-group evidence the source provides. No further supplement was found or needed.
A3: Mohamed, K.S. & Zacharia, P.U. (2009) Prediction and modelling of marine fishery yields from the Arabian Sea off Karnataka using Ecosim. Indian Journal of Marine Sciences 38(1): 69-76. | B3: Arabian Sea off Karnataka (2000) | C3: Sharks | D3: 4.45 | E3: Taxonomic (true/non-batoid sharks: Carcharhiniformes, Lamniformes, Orectolobiformes) | F3: Rhizoprionodon, Carcharhinus, Scoliodon, Sphyrna spp | G3: Model 3 (Skates & Rays) is a separate, dedicated batoid group in this LME, so every non-batoid shark taxon in the workbook (31 rows) maps here regardless of whether its exact genus is one of Table 1's four named examples. | H3: Mohamed, K.S. & Zacharia, P.U. (2009), Indian J. Mar. Sci. 38(1): 69-76; Table 1 (functional group list with indicative taxa, PDF p.2 / printed p.70), Table 2 (biomass, P/B, Q/B, EE, TL per group, PDF p.3 / printed p.71). | I3: Mohamed, K.S., Zacharia, P.U., Muthiah, C., Abdurahiman, K.P. & Nayak, T.H. (2008) Trophic modelling of the Arabian Sea ecosystem off Karnataka and simulation of fishery yields, CMFRI Bulletin 51 (underlying Ecopath model, cited as reference 13 of the 2009 paper; present in this collection as LME_032/ARAB-2005/). | J3: https://eprints.cmfri.org.in/6253/1/IJMS_38%281%29_69-76.pdf | K3: https://eprints.cmfri.org.in/3945/ | L3: No supplementary species-list file exists for this paper; Table 1 (PDF p.2, printed p.70) is a two-column in-text table captioned 'not an exhaustive list, only indicative; includes more than 120 species' and is the only species-to-group evidence the source provides. No further supplement was found or needed.
A4: Mohamed, K.S. & Zacharia, P.U. (2009) Prediction and modelling of marine fishery yields from the Arabian Sea off Karnataka using Ecosim. Indian Journal of Marine Sciences 38(1): 69-76. | B4: Arabian Sea off Karnataka (2000) | C4: Skates & Rays | D4: 3.59 | E4: Taxonomic (batoids: Rhinopristiformes, Myliobatiformes) | F4: Rhynchobatus, Rhinoptera, Dasyatis spp | G4: Separate from Sharks in this model (unlike some other LME Ecopath models, which pool sharks and rays); 14 workbook rows map here via explicit genus/family containment. | H4: Mohamed, K.S. & Zacharia, P.U. (2009), Indian J. Mar. Sci. 38(1): 69-76; Table 1 (functional group list with indicative taxa, PDF p.2 / printed p.70), Table 2 (biomass, P/B, Q/B, EE, TL per group, PDF p.3 / printed p.71). | I4: Mohamed, K.S., Zacharia, P.U., Muthiah, C., Abdurahiman, K.P. & Nayak, T.H. (2008) Trophic modelling of the Arabian Sea ecosystem off Karnataka and simulation of fishery yields, CMFRI Bulletin 51 (underlying Ecopath model, cited as reference 13 of the 2009 paper; present in this collection as LME_032/ARAB-2005/). | J4: https://eprints.cmfri.org.in/6253/1/IJMS_38%281%29_69-76.pdf | K4: https://eprints.cmfri.org.in/3945/ | L4: No supplementary species-list file exists for this paper; Table 1 (PDF p.2, printed p.70) is a two-column in-text table captioned 'not an exhaustive list, only indicative; includes more than 120 species' and is the only species-to-group evidence the source provides. No further supplement was found or needed.
A5: Mohamed, K.S. & Zacharia, P.U. (2009) Prediction and modelling of marine fishery yields from the Arabian Sea off Karnataka using Ecosim. Indian Journal of Marine Sciences 38(1): 69-76. | B5: Arabian Sea off Karnataka (2000) | C5: Large Pelagics | D5: 4.18 | E5: Taxonomic/ecological (fast large epipelagic predators) | F5: seers, kingfish and barracudas (Scomberomorus, Sphyraena) | G5: Table 1 names only seerfish and barracuda genera; billfish (Istiophoridae, Xiphiidae), dolphinfish (Coryphaena), cobia (Rachycentron) and other apex epipelagic predators not named in Table 1 are placed here by ecological analogy (diet on Mackerel/Clupeids/Anchovies groups per the model's own diet matrix) and TL proximity (group TL 4.18), all flagged YELLOW rather than GREEN. | H5: Mohamed, K.S. & Zacharia, P.U. (2009), Indian J. Mar. Sci. 38(1): 69-76; Table 1 (functional group list with indicative taxa, PDF p.2 / printed p.70), Table 2 (biomass, P/B, Q/B, EE, TL per group, PDF p.3 / printed p.71). | I5: Mohamed, K.S., Zacharia, P.U., Muthiah, C., Abdurahiman, K.P. & Nayak, T.H. (2008) Trophic modelling of the Arabian Sea ecosystem off Karnataka and simulation of fishery yields, CMFRI Bulletin 51 (underlying Ecopath model, cited as reference 13 of the 2009 paper; present in this collection as LME_032/ARAB-2005/). | J5: https://eprints.cmfri.org.in/6253/1/IJMS_38%281%29_69-76.pdf | K5: https://eprints.cmfri.org.in/3945/ | L5: No supplementary species-list file exists for this paper; Table 1 (PDF p.2, printed p.70) is a two-column in-text table captioned 'not an exhaustive list, only indicative; includes more than 120 species' and is the only species-to-group evidence the source provides. No further supplement was found or needed.
A6: Mohamed, K.S. & Zacharia, P.U. (2009) Prediction and modelling of marine fishery yields from the Arabian Sea off Karnataka using Ecosim. Indian Journal of Marine Sciences 38(1): 69-76. | B6: Arabian Sea off Karnataka (2000) | C6: Tunas | D6: 4.14 | E6: Taxonomic (tribe Thunnini + closely allied Scombridae) | F6: Euthynnus, Thunnus, Auxis spp | G6: Katsuwonus pelamis (skipjack) is treated as GREEN despite not being separately named because it belongs to the same tribe (Thunnini) as the three named genera; Sarda and Gymnosarda (tribe Sardini) are placed here YELLOW as the closest phylogenetic/ecological analogues among the workbook's remaining scombrids. | H6: Mohamed, K.S. & Zacharia, P.U. (2009), Indian J. Mar. Sci. 38(1): 69-76; Table 1 (functional group list with indicative taxa, PDF p.2 / printed p.70), Table 2 (biomass, P/B, Q/B, EE, TL per group, PDF p.3 / printed p.71). | I6: Mohamed, K.S., Zacharia, P.U., Muthiah, C., Abdurahiman, K.P. & Nayak, T.H. (2008) Trophic modelling of the Arabian Sea ecosystem off Karnataka and simulation of fishery yields, CMFRI Bulletin 51 (underlying Ecopath model, cited as reference 13 of the 2009 paper; present in this collection as LME_032/ARAB-2005/). | J6: https://eprints.cmfri.org.in/6253/1/IJMS_38%281%29_69-76.pdf | K6: https://eprints.cmfri.org.in/3945/ | L6: No supplementary species-list file exists for this paper; Table 1 (PDF p.2, printed p.70) is a two-column in-text table captioned 'not an exhaustive list, only indicative; includes more than 120 species' and is the only species-to-group evidence the source provides. No further supplement was found or needed.
A7: Mohamed, K.S. & Zacharia, P.U. (2009) Prediction and modelling of marine fishery yields from the Arabian Sea off Karnataka using Ecosim. Indian Journal of Marine Sciences 38(1): 69-76. | B7: Arabian Sea off Karnataka (2000) | C7: Cephalopods | D7: 4.18 | E7: Taxonomic (class Cephalopoda) | F7: squids and cuttlefish | G7: The model's only cephalopod-type group, so every cephalopod taxon in the workbook (11 rows, including octopuses) is an unambiguous GREEN fit regardless of taxonomic rank. | H7: Mohamed, K.S. & Zacharia, P.U. (2009), Indian J. Mar. Sci. 38(1): 69-76; Table 1 (functional group list with indicative taxa, PDF p.2 / printed p.70), Table 2 (biomass, P/B, Q/B, EE, TL per group, PDF p.3 / printed p.71). | I7: Mohamed, K.S., Zacharia, P.U., Muthiah, C., Abdurahiman, K.P. & Nayak, T.H. (2008) Trophic modelling of the Arabian Sea ecosystem off Karnataka and simulation of fishery yields, CMFRI Bulletin 51 (underlying Ecopath model, cited as reference 13 of the 2009 paper; present in this collection as LME_032/ARAB-2005/). | J7: https://eprints.cmfri.org.in/6253/1/IJMS_38%281%29_69-76.pdf | K7: https://eprints.cmfri.org.in/3945/ | L7: No supplementary species-list file exists for this paper; Table 1 (PDF p.2, printed p.70) is a two-column in-text table captioned 'not an exhaustive list, only indicative; includes more than 120 species' and is the only species-to-group evidence the source provides. No further supplement was found or needed.
A8: Mohamed, K.S. & Zacharia, P.U. (2009) Prediction and modelling of marine fishery yields from the Arabian Sea off Karnataka using Ecosim. Indian Journal of Marine Sciences 38(1): 69-76. | B8: Arabian Sea off Karnataka (2000) | C8: Large Benthopelagics | D8: 4.15 | E8: Taxonomic/common-name guild | F8: ribbonfish, horse mackerel, catfish, wolf herring and queenfish | G8: Covers Trichiuridae (ribbonfish/hairtail), Ariidae/Siluriformes (catfish), Chirocentrus (wolf herring) and Scomberoides (queenfish) by explicit genus/family/common-name match; Bramidae and Lactarius lactarius are placed here YELLOW by TL match (~4.1-4.2 vs group TL 4.15) as oceanic mid-water predators distinct from the shallow benthic guilds. | H8: Mohamed, K.S. & Zacharia, P.U. (2009), Indian J. Mar. Sci. 38(1): 69-76; Table 1 (functional group list with indicative taxa, PDF p.2 / printed p.70), Table 2 (biomass, P/B, Q/B, EE, TL per group, PDF p.3 / printed p.71). | I8: Mohamed, K.S., Zacharia, P.U., Muthiah, C., Abdurahiman, K.P. & Nayak, T.H. (2008) Trophic modelling of the Arabian Sea ecosystem off Karnataka and simulation of fishery yields, CMFRI Bulletin 51 (underlying Ecopath model, cited as reference 13 of the 2009 paper; present in this collection as LME_032/ARAB-2005/). | J8: https://eprints.cmfri.org.in/6253/1/IJMS_38%281%29_69-76.pdf | K8: https://eprints.cmfri.org.in/3945/ | L8: No supplementary species-list file exists for this paper; Table 1 (PDF p.2, printed p.70) is a two-column in-text table captioned 'not an exhaustive list, only indicative; includes more than 120 species' and is the only species-to-group evidence the source provides. No further supplement was found or needed.
A9: Mohamed, K.S. & Zacharia, P.U. (2009) Prediction and modelling of marine fishery yields from the Arabian Sea off Karnataka using Ecosim. Indian Journal of Marine Sciences 38(1): 69-76. | B9: Arabian Sea off Karnataka (2000) | C9: Large Benthic Carnivores | D9: 4.14 | E9: Size-class + taxonomic (large demersal carnivorous reef/benthic fish) | F9: rock cods, jobfish, lizardfishes, red snappers | G9: Serranidae (rock cods/groupers), Lutjanidae (jobfish/snappers) and Synodontidae (lizardfishes) map here by explicit family match (93 rows, the model's largest group by taxon count). A large ecological-inference bucket (YELLOW) covers demersal apex-predator families/genera not named in Table 1 but TL- and diet-consistent with this guild: Lethrinidae (emperors), large predatory Carangidae (Caranx, Carangoides, Seriola and allied trevally/amberjack genera - as distinct from the small schooling 'scad' Carangidae placed in Small Benthopelagics), Anguilliformes/Muraenesocidae (eels), Synanceiidae/Scorpaenidae (venomous ambush predators), Latidae (Lates calcarifer), Polynemidae's large-bodied genera, and the single high-TL Sparidae outlier Argyrops spinifer (TL 4.49). | H9: Mohamed, K.S. & Zacharia, P.U. (2009), Indian J. Mar. Sci. 38(1): 69-76; Table 1 (functional group list with indicative taxa, PDF p.2 / printed p.70), Table 2 (biomass, P/B, Q/B, EE, TL per group, PDF p.3 / printed p.71). | I9: Mohamed, K.S., Zacharia, P.U., Muthiah, C., Abdurahiman, K.P. & Nayak, T.H. (2008) Trophic modelling of the Arabian Sea ecosystem off Karnataka and simulation of fishery yields, CMFRI Bulletin 51 (underlying Ecopath model, cited as reference 13 of the 2009 paper; present in this collection as LME_032/ARAB-2005/). | J9: https://eprints.cmfri.org.in/6253/1/IJMS_38%281%29_69-76.pdf | K9: https://eprints.cmfri.org.in/3945/ | L9: No supplementary species-list file exists for this paper; Table 1 (PDF p.2, printed p.70) is a two-column in-text table captioned 'not an exhaustive list, only indicative; includes more than 120 species' and is the only species-to-group evidence the source provides. No further supplement was found or needed.
A10: Mohamed, K.S. & Zacharia, P.U. (2009) Prediction and modelling of marine fishery yields from the Arabian Sea off Karnataka using Ecosim. Indian Journal of Marine Sciences 38(1): 69-76. | B10: Arabian Sea off Karnataka (2000) | C10: Med Benthic Carnivores | D10: 3.19 | E10: Size-class + taxonomic (medium demersal carnivorous fish) | F10: sciaenids, flatheads, bull's eye, pomfrets, balistids, flounders | G10: Sciaenidae (sciaenids), Platycephalidae (flatheads), Stromateidae/Pampus (pomfrets), Balistidae (balistids) and Bothidae (flounders) map here by explicit family match. A YELLOW ecological-inference bucket covers Sparidae (seabreams, TL ~3.3-3.5), Haemulidae (grunts/sweetlips), Ephippidae/Drepaneidae (batfish/sicklefish), Sillaginidae, Polynemidae's unidentified entry, Monacanthidae (filefish, close relative of Balistidae), Psettodes erumei (a non-Soleidae flatfish grouped with 'flounders' by order) and Labridae (wrasses) - none named in Table 1 but TL- and size-consistent with this guild (group TL 3.19). | H10: Mohamed, K.S. & Zacharia, P.U. (2009), Indian J. Mar. Sci. 38(1): 69-76; Table 1 (functional group list with indicative taxa, PDF p.2 / printed p.70), Table 2 (biomass, P/B, Q/B, EE, TL per group, PDF p.3 / printed p.71). | I10: Mohamed, K.S., Zacharia, P.U., Muthiah, C., Abdurahiman, K.P. & Nayak, T.H. (2008) Trophic modelling of the Arabian Sea ecosystem off Karnataka and simulation of fishery yields, CMFRI Bulletin 51 (underlying Ecopath model, cited as reference 13 of the 2009 paper; present in this collection as LME_032/ARAB-2005/). | J10: https://eprints.cmfri.org.in/6253/1/IJMS_38%281%29_69-76.pdf | K10: https://eprints.cmfri.org.in/3945/ | L10: No supplementary species-list file exists for this paper; Table 1 (PDF p.2, printed p.70) is a two-column in-text table captioned 'not an exhaustive list, only indicative; includes more than 120 species' and is the only species-to-group evidence the source provides. No further supplement was found or needed.
A11: Mohamed, K.S. & Zacharia, P.U. (2009) Prediction and modelling of marine fishery yields from the Arabian Sea off Karnataka using Ecosim. Indian Journal of Marine Sciences 38(1): 69-76. | B11: Arabian Sea off Karnataka (2000) | C11: Small Benthic Carnivores | D11: 2.68 | E11: Size-class + taxonomic (small demersal carnivorous fish) | F11: threadfin breams, terapons, whitefish, silverbellies, goatfishes, cardinalfish, Uranoscopus sp and tetradon | G11: Nemipteridae (threadfin breams, incl. Scolopsis monocle breams), Terapontidae (terapons), Gerreidae (silverbellies), Mullidae (goatfishes) and Tetraodontidae (tetradon) map here by explicit family match. Gobiidae and the small, low-TL Sparidae outlier Crenidens crenidens (TL 2.8) are placed here YELLOW by TL/size-class match; no cardinalfish (Apogonidae) or Uranoscopus taxa are present in this workbook. | H11: Mohamed, K.S. & Zacharia, P.U. (2009), Indian J. Mar. Sci. 38(1): 69-76; Table 1 (functional group list with indicative taxa, PDF p.2 / printed p.70), Table 2 (biomass, P/B, Q/B, EE, TL per group, PDF p.3 / printed p.71). | I11: Mohamed, K.S., Zacharia, P.U., Muthiah, C., Abdurahiman, K.P. & Nayak, T.H. (2008) Trophic modelling of the Arabian Sea ecosystem off Karnataka and simulation of fishery yields, CMFRI Bulletin 51 (underlying Ecopath model, cited as reference 13 of the 2009 paper; present in this collection as LME_032/ARAB-2005/). | J11: https://eprints.cmfri.org.in/6253/1/IJMS_38%281%29_69-76.pdf | K11: https://eprints.cmfri.org.in/3945/ | L11: No supplementary species-list file exists for this paper; Table 1 (PDF p.2, printed p.70) is a two-column in-text table captioned 'not an exhaustive list, only indicative; includes more than 120 species' and is the only species-to-group evidence the source provides. No further supplement was found or needed.
A12: Mohamed, K.S. & Zacharia, P.U. (2009) Prediction and modelling of marine fishery yields from the Arabian Sea off Karnataka using Ecosim. Indian Journal of Marine Sciences 38(1): 69-76. | B12: Arabian Sea off Karnataka (2000) | C12: Small Benthopelagics | D12: 3.88 | E12: Taxonomic/ecological (small schooling pelagic/benthopelagic fish) | F12: scads, carangids, moonfish and myctophids | G12: Decapterus/Selar/Selaroides/Atule/Megalaspis/Alepes (scads) and Mene maculata (moonfish) map by explicit genus/common-name match; unidentified Carangidae defaults here. Leiognathidae (ponyfish), Caesionidae (fusiliers), Ariomma indica and Hemiramphidae (halfbeaks) are placed here YELLOW as small schooling zooplanktivores ecologically analogous to scads/moonfish, though none are named in Table 1; no myctophid taxa are present in this workbook. | H12: Mohamed, K.S. & Zacharia, P.U. (2009), Indian J. Mar. Sci. 38(1): 69-76; Table 1 (functional group list with indicative taxa, PDF p.2 / printed p.70), Table 2 (biomass, P/B, Q/B, EE, TL per group, PDF p.3 / printed p.71). | I12: Mohamed, K.S., Zacharia, P.U., Muthiah, C., Abdurahiman, K.P. & Nayak, T.H. (2008) Trophic modelling of the Arabian Sea ecosystem off Karnataka and simulation of fishery yields, CMFRI Bulletin 51 (underlying Ecopath model, cited as reference 13 of the 2009 paper; present in this collection as LME_032/ARAB-2005/). | J12: https://eprints.cmfri.org.in/6253/1/IJMS_38%281%29_69-76.pdf | K12: https://eprints.cmfri.org.in/3945/ | L12: No supplementary species-list file exists for this paper; Table 1 (PDF p.2, printed p.70) is a two-column in-text table captioned 'not an exhaustive list, only indicative; includes more than 120 species' and is the only species-to-group evidence the source provides. No further supplement was found or needed.
A13: Mohamed, K.S. & Zacharia, P.U. (2009) Prediction and modelling of marine fishery yields from the Arabian Sea off Karnataka using Ecosim. Indian Journal of Marine Sciences 38(1): 69-76. | B13: Arabian Sea off Karnataka (2000) | C13: Mackerel | D13: 2 | E13: Single-species | F13: Rastrelliger kanagurta | G13: The model's Mackerel group is defined by this one species; Rastrelliger kanagurta (2 rows, including the bare genus entry) is the only workbook taxon mapped here, both GREEN. | H13: Mohamed, K.S. & Zacharia, P.U. (2009), Indian J. Mar. Sci. 38(1): 69-76; Table 1 (functional group list with indicative taxa, PDF p.2 / printed p.70), Table 2 (biomass, P/B, Q/B, EE, TL per group, PDF p.3 / printed p.71). | I13: Mohamed, K.S., Zacharia, P.U., Muthiah, C., Abdurahiman, K.P. & Nayak, T.H. (2008) Trophic modelling of the Arabian Sea ecosystem off Karnataka and simulation of fishery yields, CMFRI Bulletin 51 (underlying Ecopath model, cited as reference 13 of the 2009 paper; present in this collection as LME_032/ARAB-2005/). | J13: https://eprints.cmfri.org.in/6253/1/IJMS_38%281%29_69-76.pdf | K13: https://eprints.cmfri.org.in/3945/ | L13: No supplementary species-list file exists for this paper; Table 1 (PDF p.2, printed p.70) is a two-column in-text table captioned 'not an exhaustive list, only indicative; includes more than 120 species' and is the only species-to-group evidence the source provides. No further supplement was found or needed.
... A25: Mohamed, K.S. & Zacharia, P.U. (2009) Prediction and modelling of marine fishery yields from the Arabian Sea off Karnataka using Ecosim. Indian Journal of Marine Sciences 38(1): 69-76. | B25: Arabian Sea off Karnataka (2000) | C25: Detritus | D25: 1 | E25: Non-living compartment | F25: Detritus | G25: No matching taxa are present in this workbook's 393 catch rows (detritus is not a harvested category); this row documents the group definition for completeness. | H25: Mohamed, K.S. & Zacharia, P.U. (2009), Indian J. Mar. Sci. 38(1): 69-76; Table 1 (functional group list with indicative taxa, PDF p.2 / printed p.70), Table 2 (biomass, P/B, Q/B, EE, TL per group, PDF p.3 / printed p.71). | I25: Mohamed, K.S., Zacharia, P.U., Muthiah, C., Abdurahiman, K.P. & Nayak, T.H. (2008) Trophic modelling of the Arabian Sea ecosystem off Karnataka and simulation of fishery yields, CMFRI Bulletin 51 (underlying Ecopath model, cited as reference 13 of the 2009 paper; present in this collection as LME_032/ARAB-2005/). | J25: https://eprints.cmfri.org.in/6253/1/IJMS_38%281%29_69-76.pdf | K25: https://eprints.cmfri.org.in/3945/ | L25: No supplementary species-list file exists for this paper; Table 1 (PDF p.2, printed p.70) is a two-column in-text table captioned 'not an exhaustive list, only indicative; includes more than 120 species' and is the only species-to-group evidence the source provides. No further supplement was found or needed.
