Workbook

Sheet Summary
A1: LME_028 — Guinea Current
A2: Ecopath model: 28_646_Guinea_(1998)
A3: Geographic transfer: model covers the coast of the country Guinea (111,932 km²), not the whole Guinea Current LME. Regional overlap requires validation. 28_646_Guinea_(1998)
A5: region type | B5: LME
A6: latitude | B6: 5.11506
A7: longitude | B7: -1.37888
A8: catch years | B8: 1950-2019
A9: taxa in catch | B9: 375
A10: taxa apportioned across groups | B10: 43
A11: taxa unresolved | B11: 83
A12: catch tonnage on a named group, % | B12: 98.6
A13: SPPR methods | B13: 22
A14: methods flagged as unusable | B14: 7
A15: headline method below | B15: Ulanowicz_TE
A17: year | B17: catch_tonnes | C17: ppr_simple | D17: ppr_Ulanowicz_TE | E17: ppr_simple / NPP % | F17: ppr_Ulanowicz_TE / NPP %
A18: 1950 | B18: 482564.66 | C18: 1.5777897e+08 | D18: 1.205628e+09
A19: 1951 | B19: 503621.55 | C19: 1.6497001e+08 | D19: 1.2454888e+09
A20: 1952 | B20: 510959.06 | C20: 1.6542396e+08 | D20: 1.2916733e+09
A21: 1953 | B21: 548137.05 | C21: 1.7822319e+08 | D21: 1.3562832e+09
A22: 1954 | B22: 559611.56 | C22: 1.7913348e+08 | D22: 1.3771465e+09
A23: 1955 | B23: 557412.78 | C23: 1.7903778e+08 | D23: 1.3709389e+09
A24: 1956 | B24: 630556.77 | C24: 2.0785974e+08 | D24: 1.6325255e+09
A25: 1957 | B25: 712735.51 | C25: 3.0515436e+08 | D25: 1.772489e+09
A26: 1958 | B26: 720211.23 | C26: 2.945763e+08 | D26: 1.902362e+09
A27: 1959 | B27: 820932.82 | C27: 3.8845973e+08 | D27: 2.3005981e+09
A28: 1960 | B28: 850142.78 | C28: 4.3350172e+08 | D28: 2.530761e+09
A29: 1961 | B29: 921744.67 | C29: 4.6538133e+08 | D29: 2.5046515e+09
... A65: 1997 | B65: 3136676.1 | C65: 1.3687115e+09 | D65: 9.9918207e+09
A66: 1998 | B66: 3192647.4 | C66: 1.4374273e+09 | D66: 9.9268014e+09 | E66: 22.1635 | F66: 153.06
A67: 1999 | B67: 3303199.2 | C67: 1.5584064e+09 | D67: 1.1208286e+10 | E67: 24.4393 | F67: 175.7711
A68: 2000 | B68: 3557082 | C68: 1.5640069e+09 | D68: 1.0618239e+10 | E68: 23.6375 | F68: 160.4778
A69: 2001 | B69: 3477624.7 | C69: 1.5642809e+09 | D69: 1.064354e+10 | E69: 24.262 | F69: 165.0811
A70: 2002 | B70: 3487727.2 | C70: 1.5126009e+09 | D70: 1.1006008e+10 | E70: 22.5102 | F70: 163.7892
A71: 2003 | B71: 3376002.4 | C71: 1.5143905e+09 | D71: 1.0464722e+10 | E71: 24.9169 | F71: 172.1802
A72: 2004 | B72: 3376872.5 | C72: 1.5855307e+09 | D72: 1.0991196e+10 | E72: 26.7382 | F72: 185.354
A73: 2005 | B73: 3300627.6 | C73: 1.5669877e+09 | D73: 1.1723747e+10 | E73: 26.4205 | F73: 197.6702
A74: 2006 | B74: 3300934.6 | C74: 1.5049472e+09 | D74: 1.0390151e+10 | E74: 25.1576 | F74: 173.6878
A75: 2007 | B75: 3375789.9 | C75: 1.5729334e+09 | D75: 1.1031253e+10 | E75: 26.7224 | F75: 187.4091
A76: 2008 | B76: 3504109.7 | C76: 1.6883616e+09 | D76: 1.1997445e+10 | E76: 28.558 | F76: 202.932
A77: 2009 | B77: 3395430.4 | C77: 1.6931501e+09 | D77: 1.2450847e+10 | E77: 28.2479 | F77: 207.7257
... A87: 2019 | B87: 4469155 | C87: 2.2563989e+09 | D87: 1.4812058e+10 | E87: 35.172 | F87: 230.8858
A88: PPR/NPP converts wet-weight PP to carbon at 9:1 and uses the matching year's NPP ensemble median.
A89: PPR/NPP is blank for years without NPP; see NPP for availability and provenance.

Sheet Catch
A1: taxon | B1: common_name | C1: functional_group | D1: commercial_group | E1: 1950 | F1: 1951 | G1: 1952 | H1: 1953 | I1: 1954 | J1: 1955 | K1: 1956 | L1: 1957 | M1: 1958 | N1: 1959 | O1: 1960 | P1: 1961 | Q1: 1962 | R1: 1963 | S1: 1964 | T1: 1965 | U1: 1966 | V1: 1967 | W1: 1968 | X1: 1969 | Y1: 1970 | Z1: 1971 | AA1: 1972 | AB1: 1973 | AC1: 1974 | AD1: 1975 | AE1: 1976 | AF1: 1977 | AG1: 1978 | AH1: 1979 | AI1: 1980 | AJ1: 1981 | AK1: 1982 | AL1: 1983 | AM1: 1984 | AN1: 1985 | AO1: 1986 | AP1: 1987 | AQ1: 1988 | AR1: 1989 | AS1: 1990 | AT1: 1991 | AU1: 1992 | AV1: 1993 | AW1: 1994 | AX1: 1995 | AY1: 1996 | AZ1: 1997 | BA1: 1998 | BB1: 1999 | BC1: 2000 | BD1: 2001 | BE1: 2002 | BF1: 2003 | BG1: 2004 | BH1: 2005 | BI1: 2006 | BJ1: 2007 | BK1: 2008 | BL1: 2009 | BM1: 2010 | BN1: 2011 | BO1: 2012 | BP1: 2013 | BQ1: 2014 | BR1: 2015 | BS1: 2016 | BT1: 2017 | BU1: 2018 | BV1: 2019
A2: Marine fishes not identified | B2: Marine fishes nei | C2: Medium demersals (30 - 89 cm) | D2: Other fishes & inverts | E2: 129544.9 | F2: 135885.34 | G2: 142536.15 | H2: 149698.47 | I2: 156766.5 | J2: 142418.38 | K2: 176406.64 | L2: 191451.55 | M2: 189089.39 | N2: 236429.46 | O2: 233056.15 | P2: 227157.91 | Q2: 226239.71 | R2: 246613.09 | S2: 274130.95 | T2: 292383.09 | U2: 311556.49 | V2: 321198.91 | W2: 342659.16 | X2: 355872.68 | Y2: 383325.16 | Z2: 429736.09 | AA2: 435187.87 | AB2: 457367.85 | AC2: 480949.03 | AD2: 506181.58 | AE2: 599245.1 | AF2: 663201.05 | AG2: 673631.13 | AH2: 649164.54 | AI2: 787605.7 | AJ2: 842972.65 | AK2: 799485.52 | AL2: 804953.4 | AM2: 864268.98 | AN2: 909114.61 | AO2: 1052089.5 | AP2: 1155071.7 | AQ2: 1117918.9 | AR2: 1185644.5 | AS2: 1131457.8 | AT2: 929454.64 | AU2: 864736.63 | AV2: 940415.76 | AW2: 965417.85 | AX2: 963355.27 | AY2: 999147.77 | AZ2: 1115269.2 | BA2: 1096263.7 | BB2: 1166649 | BC2: 1325115.7 | BD2: 1282738 | BE2: 1298793.9 | BF2: 1155217.5 | BG2: 1131700.1 | BH2: 1092579.4 | BI2: 1060241.1 | BJ2: 1105984.6 | BK2: 1079714.9 | BL2: 1019118.4 | BM2: 1062162.5 | BN2: 1238146.5 | BO2: 973016.84 | BP2: 1298368.4 | BQ2: 1356509.9 | BR2: 1379820.4 | BS2: 1420277.7 | BT2: 1393418.2 | BU2: 1448199.1 | BV2: 1534001.6
A3: Ethmalosa fimbriata | B3: Bonga shad | C3: Medium pelagics (30 - 89 cm) | D3: Herring-likes | E3: 93103.949 | F3: 95381.169 | G3: 97418.859 | H3: 100050.18 | I3: 104756.15 | J3: 109269.28 | K3: 109138.33 | L3: 113234.68 | M3: 118823.98 | N3: 119968.34 | O3: 123140.67 | P3: 135933.9 | Q3: 138930.35 | R3: 141429.57 | S3: 148356.63 | T3: 147444.14 | U3: 157590.6 | V3: 157852.79 | W3: 163189.05 | X3: 154952.39 | Y3: 160831.34 | Z3: 164590.98 | AA3: 174122.27 | AB3: 181066.12 | AC3: 183926.46 | AD3: 194805.4 | AE3: 182121.53 | AF3: 195204.37 | AG3: 202685.64 | AH3: 212463.38 | AI3: 240696.12 | AJ3: 241736.58 | AK3: 244255.5 | AL3: 256509.88 | AM3: 248688.71 | AN3: 261117.06 | AO3: 246497.52 | AP3: 265772.22 | AQ3: 265921.54 | AR3: 267831.98 | AS3: 234262.07 | AT3: 221124.62 | AU3: 247990.74 | AV3: 231282.77 | AW3: 243237.71 | AX3: 235654.94 | AY3: 214393.94 | AZ3: 247583.72 | BA3: 237651.95 | BB3: 227055.34 | BC3: 232729.8 | BD3: 267900.46 | BE3: 299719.74 | BF3: 308904.42 | BG3: 299341.88 | BH3: 286054.98 | BI3: 319661.06 | BJ3: 326158.68 | BK3: 336004.27 | BL3: 347368.37 | BM3: 343136.71 | BN3: 332154.2 | BO3: 360762.77 | BP3: 377558.05 | BQ3: 372104.77 | BR3: 366431.84 | BS3: 341636.07 | BT3: 420919.16 | BU3: 429887.79 | BV3: 430372.01
A4: Sardinella | B4: Sardinellas | C4: Small pelagics (<30 cm) | D4: Herring-likes | E4: 44658.75 | F4: 45305.825 | G4: 50681.438 | H4: 53400.561 | I4: 59094.802 | J4: 61592.327 | K4: 63537.791 | L4: 65500.098 | M4: 68378.078 | N4: 73325.65 | O4: 65488.294 | P4: 70707.996 | Q4: 74502.915 | R4: 65121.587 | S4: 90792.829 | T4: 68105.705 | U4: 77847.155 | V4: 99257.004 | W4: 76788.563 | X4: 90099.352 | Y4: 110692.42 | Z4: 136816.12 | AA4: 188762.25 | AB4: 156875.55 | AC4: 121217.28 | AD4: 130316.81 | AE4: 121455.23 | AF4: 135195.13 | AG4: 164832.59 | AH4: 101449.73 | AI4: 99754.633 | AJ4: 103425.91 | AK4: 94764.881 | AL4: 100517 | AM4: 90207.096 | AN4: 87438.486 | AO4: 95469.095 | AP4: 96206.951 | AQ4: 95021.333 | AR4: 91369.934 | AS4: 117830.05 | AT4: 176124.3 | AU4: 143302.27 | AV4: 106725.74 | AW4: 112931.63 | AX4: 191345.36 | AY4: 214925.28 | AZ4: 221826.73 | BA4: 222877.43 | BB4: 195525.44 | BC4: 193952.8 | BD4: 178177.31 | BE4: 180611.22 | BF4: 174405.81 | BG4: 162928.41 | BH4: 153811.35 | BI4: 175118.33 | BJ4: 193450.68 | BK4: 189450.54 | BL4: 198422.75 | BM4: 210053.52 | BN4: 211785.55 | BO4: 208095.49 | BP4: 180186.55 | BQ4: 210834.19 | BR4: 142805.97 | BS4: 109645.2 | BT4: 194243.05 | BU4: 187100.62 | BV4: 179011.43
A5: Engraulis encrasicolus | B5: European anchovy | C5: Small pelagics (<30 cm) | D5: Anchovies | E5: 7808.755 | F5: 8039.089 | G5: 8256.854 | H5: 8323.496 | I5: 8550.719 | J5: 8835.409 | K5: 9550.548 | L5: 9962.032 | M5: 9836.524 | N5: 10776.544 | O5: 10042.985 | P5: 10555.872 | Q5: 10869.108 | R5: 10088.914 | S5: 15216.769 | T5: 8656.867 | U5: 8191.68 | V5: 10698.966 | W5: 11056.605 | X5: 17345.362 | Y5: 27209.204 | Z5: 47164.584 | AA5: 35622.692 | AB5: 65808.513 | AC5: 83086.963 | AD5: 94874.189 | AE5: 87357.114 | AF5: 113603.8 | AG5: 142026.21 | AH5: 53891.062 | AI5: 143110.8 | AJ5: 173994.49 | AK5: 144188.98 | AL5: 125729.78 | AM5: 113741.7 | AN5: 97372.105 | AO5: 92073.712 | AP5: 176482.04 | AQ5: 180469.08 | AR5: 164605.32 | AS5: 201676.78 | AT5: 169764.26 | AU5: 176931.74 | AV5: 170956.5 | AW5: 144598.56 | AX5: 159510.42 | AY5: 187460.12 | AZ5: 171455.43 | BA5: 139103.07 | BB5: 133567.61 | BC5: 177147.1 | BD5: 153014.12 | BE5: 152775.33 | BF5: 176555.9 | BG5: 118785.2 | BH5: 95539.062 | BI5: 110064.33 | BJ5: 82537.364 | BK5: 103938.38 | BL5: 126514.51 | BM5: 116946.09 | BN5: 107128.52 | BO5: 90881.102 | BP5: 48581.229 | BQ5: 55384.157 | BR5: 56929.912 | BS5: 67039.269 | BT5: 90940.845 | BU5: 117155.04 | BV5: 101730.96
A6: Pseudotolithus | B6: African croakers | C6: Large demersals (>=90 cm) | D6: Perch-likes | E6: 9403.594 | F6: 9646.083 | G6: 11432.638 | H6: 12050.124 | I6: 13270.444 | J6: 13905.025 | K6: 15829.158 | L6: 17352.157 | M6: 18369.885 | N6: 19218.039 | O6: 20849.976 | P6: 23559.909 | Q6: 24929.74 | R6: 30270.659 | S6: 30858.944 | T6: 34762.753 | U6: 37167.128 | V6: 34145.188 | W6: 34602.434 | X6: 34750.52 | Y6: 36509.74 | Z6: 53250.981 | AA6: 51169.762 | AB6: 50874.485 | AC6: 51163.031 | AD6: 53823.307 | AE6: 54490.246 | AF6: 57975.462 | AG6: 62032.009 | AH6: 62512.926 | AI6: 57358.233 | AJ6: 58655.308 | AK6: 61333.993 | AL6: 64909.873 | AM6: 68835.842 | AN6: 84472.449 | AO6: 85321.035 | AP6: 70604.312 | AQ6: 87412.799 | AR6: 103296.65 | AS6: 91317.052 | AT6: 106181.18 | AU6: 103246.13 | AV6: 118872.75 | AW6: 119667.23 | AX6: 103157.93 | AY6: 106062.73 | AZ6: 93686.885 | BA6: 91196.434 | BB6: 95401.043 | BC6: 177154.57 | BD6: 179255.12 | BE6: 181135.92 | BF6: 178943.79 | BG6: 176458.64 | BH6: 174366.32 | BI6: 163223.31 | BJ6: 158761.45 | BK6: 153647.76 | BL6: 144230.35 | BM6: 138737.57 | BN6: 150997.08 | BO6: 119078.39 | BP6: 108435.08 | BQ6: 122926.48 | BR6: 156667.1 | BS6: 143295.23 | BT6: 149223.4 | BU6: 157337.7 | BV6: 157757.92
A7: Sardinella aurita | B7: Round sardinella | C7: Small pelagics (<30 cm) | D7: Herring-likes | E7: 28110.347 | F7: 30043.708 | G7: 26637.786 | H7: 32417.786 | I7: 31141.293 | J7: 30378.473 | K7: 37743.153 | L7: 39403.038 | M7: 38580.175 | N7: 37094.287 | O7: 35224.423 | P7: 46152.578 | Q7: 46746.93 | R7: 59325.06 | S7: 49436.34 | T7: 42197.884 | U7: 45861.763 | V7: 39706.046 | W7: 31982.56 | X7: 40085.303 | Y7: 29600.647 | Z7: 32579.123 | AA7: 30149.817 | AB7: 15231.883 | AC7: 13224.21 | AD7: 20623.907 | AE7: 30930 | AF7: 35769.513 | AG7: 41214.707 | AH7: 46480.463 | AI7: 60976.869 | AJ7: 57334.519 | AK7: 68155.82 | AL7: 94446.263 | AM7: 67061.584 | AN7: 116991.1 | AO7: 130232.69 | AP7: 136769.39 | AQ7: 133830.08 | AR7: 127832.7 | AS7: 103498.44 | AT7: 125662.84 | AU7: 178410.93 | AV7: 128154.62 | AW7: 100621.28 | AX7: 101899.19 | AY7: 169872.8 | AZ7: 87337.2 | BA7: 99983.839 | BB7: 111408.59 | BC7: 149953.13 | BD7: 109816.06 | BE7: 91910.14 | BF7: 105576.15 | BG7: 114593.69 | BH7: 105090.09 | BI7: 99937.348 | BJ7: 72485.448 | BK7: 57404.213 | BL7: 46078.9 | BM7: 63363.865 | BN7: 56139.665 | BO7: 63225.108 | BP7: 70179.183 | BQ7: 82185.118 | BR7: 67401.68 | BS7: 86483.982 | BT7: 95217.625 | BU7: 75683.026 | BV7: 68993.489
A8: Cephalopoda | B8: Squids, cuttlefishes, octopuses | C8: Cephalopods | D8: Other fishes & inverts | E8: 12470.615 | F8: 12897.987 | G8: 13353.765 | H8: 13910.615 | I8: 14332.164 | J8: 14785.447 | K8: 15140.992 | L8: 15648.886 | M8: 16102.892 | N8: 16557.744 | O8: 16955.602 | P8: 17409.985 | Q8: 17382.96 | R8: 17456.858 | S8: 17463.541 | T8: 17536.049 | U8: 17584.972 | V8: 17963.553 | W8: 18421.943 | X8: 18904.101 | Y8: 19404.651 | Z8: 19932.173 | AA8: 21403.254 | AB8: 25839.924 | AC8: 27908.79 | AD8: 27159.229 | AE8: 32292.785 | AF8: 47108.876 | AG8: 67944.916 | AH8: 68149.857 | AI8: 76704.769 | AJ8: 65779.231 | AK8: 67605.085 | AL8: 71842.294 | AM8: 68621.567 | AN8: 49416.921 | AO8: 56753.621 | AP8: 65587.508 | AQ8: 58412.691 | AR8: 38823.933 | AS8: 87349.736 | AT8: 88300.98 | AU8: 79950.053 | AV8: 76921.718 | AW8: 76045.04 | AX8: 95102.434 | AY8: 89401.423 | AZ8: 141601.91 | BA8: 153586.01 | BB8: 117202.69 | BC8: 145972.38 | BD8: 134999.19 | BE8: 122519.56 | BF8: 129442.68 | BG8: 118367.72 | BH8: 137972.9 | BI8: 152817.51 | BJ8: 153694.18 | BK8: 153207.97 | BL8: 151406.35 | BM8: 149654.4 | BN8: 92547.659 | BO8: 88549.441 | BP8: 84576.423 | BQ8: 86765.711 | BR8: 88482.632 | BS8: 93411.955 | BT8: 104863.55 | BU8: 115524.65 | BV8: 123598.05
A9: Brachydeuterus auritus | B9: Bigeye grunt | C9: Small demersals (<30 cm) | D9: Perch-likes | E9: 5029.515 | F9: 5115.217 | G9: 5572.808 | H9: 5773.311 | I9: 7947.116 | J9: 8624.217 | K9: 9784.083 | L9: 11687.802 | M9: 13915.037 | N9: 10633.605 | O9: 14217.319 | P9: 16697.368 | Q9: 19477.463 | R9: 21682.793 | S9: 21113.885 | T9: 29042.874 | U9: 28178.98 | V9: 24014.532 | W9: 22976.902 | X9: 29866.543 | Y9: 28753.46 | Z9: 33933.118 | AA9: 39935.091 | AB9: 38145.273 | AC9: 38373.377 | AD9: 37926.715 | AE9: 42239.982 | AF9: 50248.888 | AG9: 54035.05 | AH9: 49717.332 | AI9: 48049.823 | AJ9: 56636.642 | AK9: 59990.286 | AL9: 52400.006 | AM9: 56223.774 | AN9: 54146.783 | AO9: 68473.544 | AP9: 63609.903 | AQ9: 60129.233 | AR9: 57203.405 | AS9: 74630.812 | AT9: 63655.618 | AU9: 54212.546 | AV9: 51677.141 | AW9: 61353.933 | AX9: 58249.374 | AY9: 56245.307 | AZ9: 65006.581 | BA9: 53764.603 | BB9: 57142.971 | BC9: 61287.79 | BD9: 55516.732 | BE9: 51404.959 | BF9: 48534.742 | BG9: 66423.675 | BH9: 60353.875 | BI9: 57939.268 | BJ9: 60640.444 | BK9: 58491.043 | BL9: 52963.621 | BM9: 58164.13 | BN9: 75097.32 | BO9: 52678.532 | BP9: 48227.445 | BQ9: 57538.24 | BR9: 79605.095 | BS9: 76943.496 | BT9: 73063.392 | BU9: 84724.059 | BV9: 102356.77
A10: Trachurus | B10: Jacks, horse mackerels | C10: Medium pelagics (30 - 89 cm) | D10: Perch-likes | E10: 198.066 | F10: 196.61 | G10: 200.654 | H10: 240.655 | I10: 236.436 | J10: 229.642 | K10: 315.068 | L10: 334.882 | M10: 728.046 | N10: 653.175 | O10: 7405.265 | P10: 27050.335 | Q10: 24186.73 | R10: 21091.812 | S10: 20885.49 | T10: 14489.449 | U10: 7335.636 | V10: 16331.603 | W10: 17710.337 | X10: 21422.565 | Y10: 27728.221 | Z10: 48146.106 | AA10: 45334.095 | AB10: 39759.327 | AC10: 48263.742 | AD10: 52263.658 | AE10: 67264.447 | AF10: 75806.418 | AG10: 55864.717 | AH10: 50659.298 | AI10: 101318.36 | AJ10: 85381.025 | AK10: 100272.16 | AL10: 82839.201 | AM10: 57466.021 | AN10: 60708.269 | AO10: 70299.348 | AP10: 87844.337 | AQ10: 51096.78 | AR10: 45042.306 | AS10: 27251.897 | AT10: 22306.774 | AU10: 15949.068 | AV10: 12328.362 | AW10: 10107.17 | AX10: 21437.598 | AY10: 15801.42 | AZ10: 21054.503 | BA10: 28558.32 | BB10: 18521.49 | BC10: 37028.52 | BD10: 30525.136 | BE10: 22379.454 | BF10: 23227.882 | BG10: 39974.06 | BH10: 53695.264 | BI10: 77344.817 | BJ10: 104767.06 | BK10: 144044.28 | BL10: 128688.42 | BM10: 195347.01 | BN10: 99644.104 | BO10: 49590.014 | BP10: 46311.074 | BQ10: 56227.719 | BR10: 48595.697 | BS10: 67099.392 | BT10: 61818.033 | BU10: 71003.865 | BV10: 84019.575
A11: Sardinella maderensis | B11: Madeiran sardinella | C11: Medium pelagics (30 - 89 cm) | D11: Herring-likes | E11: 9454.907 | F11: 9888.645 | G11: 10272.701 | H11: 10975.005 | I11: 11144.413 | J11: 11373.495 | K11: 13232.441 | L11: 14778.903 | M11: 16413.673 | N11: 17401.126 | O11: 18838.843 | P11: 21231.094 | Q11: 23299.655 | R11: 26063.959 | S11: 33164.904 | T11: 39227.54 | U11: 45024.174 | V11: 20262.098 | W11: 20891.792 | X11: 20795.693 | Y11: 36849.373 | Z11: 52485.267 | AA11: 49584.54 | AB11: 58986.777 | AC11: 69251.726 | AD11: 87461.383 | AE11: 75548.104 | AF11: 61884.838 | AG11: 35225.423 | AH11: 56678.023 | AI11: 49165.426 | AJ11: 51336.473 | AK11: 44708.224 | AL11: 38096.171 | AM11: 41809.646 | AN11: 50089.333 | AO11: 42784.032 | AP11: 55619.647 | AQ11: 33352.666 | AR11: 37652.842 | AS11: 41420.465 | AT11: 38091.468 | AU11: 31229.602 | AV11: 33801.773 | AW11: 32149.585 | AX11: 29703.608 | AY11: 31780.886 | AZ11: 41049.645 | BA11: 46030.975 | BB11: 41803.55 | BC11: 40451.605 | BD11: 43608.408 | BE11: 45580.241 | BF11: 41631.388 | BG11: 64305.121 | BH11: 44865.941 | BI11: 52772.582 | BJ11: 43690.698 | BK11: 55501.29 | BL11: 36372.334 | BM11: 43211.869 | BN11: 49715.365 | BO11: 42113.166 | BP11: 39669.489 | BQ11: 38491.453 | BR11: 45584.319 | BS11: 38497.948 | BT11: 52613.453 | BU11: 55109.322 | BV11: 48855.377
A12: Katsuwonus pelamis | B12: Skipjack tuna | C12: Large pelagics (>=90 cm) | D12: Tuna & billfishes | E12: 8.862 | F12: 8.918 | G12: 8.974 | H12: 265.875 | I12: 283.778 | J12: 9.206 | K12: 9.247 | L12: 12.014 | M12: 9.407 | N12: 9.537 | O12: 30.604 | P12: 13.679 | Q12: 1418.858 | R12: 4135.642 | S12: 3820.353 | T12: 9306.166 | U12: 8256.715 | V12: 8313.337 | W12: 21735.906 | X12: 13007.081 | Y12: 28277.379 | Z12: 34739.506 | AA12: 32186.937 | AB12: 21265.935 | AC12: 43308.822 | AD12: 20010.953 | AE12: 30265.335 | AF12: 42130.279 | AG12: 55134.57 | AH12: 36024.515 | AI12: 51284.5 | AJ12: 54560.758 | AK12: 49262.969 | AL12: 53442.065 | AM12: 19834.872 | AN12: 15854.236 | AO12: 20873.553 | AP12: 23029.455 | AQ12: 29630.666 | AR12: 28990.915 | AS12: 36300.315 | AT12: 52862.884 | AU12: 37289.494 | AV12: 47301.67 | AW12: 37696.242 | AX12: 37455.572 | AY12: 43906.749 | AZ12: 33006.446 | BA12: 37996.191 | BB12: 53964.388 | BC12: 47255.074 | BD12: 48926.086 | BE12: 36154.464 | BF12: 42541.253 | BG12: 49776.336 | BH12: 44706.975 | BI12: 33385.244 | BJ12: 41835.299 | BK12: 48770.295 | BL12: 56301.452 | BM12: 61623.329 | BN12: 78167.944 | BO12: 81627.127 | BP12: 75016.785 | BQ12: 55356.633 | BR12: 73322.383 | BS12: 78982.474 | BT12: 71258.282 | BU12: 75037.405 | BV12: 71353.809
... A376: Somniosus rostratus | B376: Little sleeper shark | C376: Large sharks (>=90 cm) | D376: Sharks & rays | E376: 0 | F376: 0 | G376: 0 | H376: 0 | I376: 0 | J376: 0 | K376: 0 | L376: 0 | M376: 0 | N376: 0 | O376: 0 | P376: 0 | Q376: 0 | R376: 0 | S376: 0 | T376: 0 | U376: 0 | V376: 0 | W376: 0 | X376: 0 | Y376: 0 | Z376: 0 | AA376: 0 | AB376: 0 | AC376: 0 | AD376: 0 | AE376: 0 | AF376: 0 | AG376: 0 | AH376: 0 | AI376: 0 | AJ376: 0 | AK376: 0 | AL376: 0 | AM376: 0 | AN376: 0 | AO376: 0 | AP376: 0 | AQ376: 0 | AR376: 0 | AS376: 0 | AT376: 0 | AU376: 0 | AV376: 0 | AW376: 0 | AX376: 0 | AY376: 0 | AZ376: 0 | BA376: 0 | BB376: 0 | BC376: 0 | BD376: 0 | BE376: 0 | BF376: 0 | BG376: 0 | BH376: 0 | BI376: 0 | BJ376: 0 | BK376: 0 | BL376: 0 | BM376: 0.004 | BN376: 0 | BO376: 0 | BP376: 0 | BQ376: 0 | BR376: 0 | BS376: 0 | BT376: 0 | BU376: 0 | BV376: 0

Sheet Taxon-Group Map
A1: Which Ecopath group each catch taxon belongs to, and on what evidence.
A2: Several groups separated by | means the taxon spans them and its catch is apportioned; the weights used are in the next two columns.
A4: taxon | B4: common_name | C4: SAU functional group | D4: SAU commercial group | E4: Ecopath group | F4: weights | G4: weight basis | H4: confidence | I4: evidence | J4: catch tonnes | K4: % of catch | L4: explanation
A5: Marine fishes not identified | B5: Marine fishes nei | C5: Medium demersals (30 - 89 cm) | D5: Other fishes & inverts | E5: Côtier L pred | Côtier M pred | Côtier M inv | Côtier S pred | Côtier S inv | Dem L pred | Dem L inv | Dem M pred | Dem M inv | Dem S pred | Dem S inv | F5: 0.239 | 0.000 | 0.231 | 0.051 | 0.264 | 0.047 | 0.006 | 0.012 | 0.149 | 0.000 | 0.001 | G5: catch_composition | H5: low | I5: composite_split | J5: 54105502 | K5: 32.2723 | L5: Medium-demersal unidentified catch is restricted to broad coastal (<40 m) and shelf demersal (20-200 m) fish guilds, with adjacent sizes. Named single-stock groups, pelagic pools and bathyal pools are excluded. Source p.128 describes overlapping coastal/shelf habitats; this is a wide estimated allocation.
A6: Ethmalosa fimbriata | B6: Bonga shad | C6: Medium pelagics (30 - 89 cm) | D6: Herring-likes | E6: Ethmalose | H6: high | I6: explicit_member | J6: 16059854 | K6: 9.5792 | L6: Guénette & Diallo 2004 Table 6 p.131 explicitly lists this taxon in the named group(s); printed and accepted names checked against WoRMS.
A7: Sardinella | B7: Sardinellas | C7: Small pelagics (<30 cm) | D7: Herring-likes | E7: Côtier pel S inv | H7: medium | I7: taxonomic_containment | J7: 9023480.2 | K7: 5.3822 | L7: Genus-level catch spans exactly the Table 6 groups containing its documented species. No habitat class overrides those placements.
A8: Engraulis encrasicolus | B8: European anchovy | C8: Small pelagics (<30 cm) | D8: Anchovies | E8: Côtier pel S inv | H8: high | I8: explicit_member | J8: 6169688.3 | K8: 3.68 | L8: Guénette & Diallo 2004 Table 6 p.131 explicitly lists this taxon in the named group(s); printed and accepted names checked against WoRMS.
A9: Pseudotolithus | B9: African croakers | C9: Large demersals (>=90 cm) | D9: Perch-likes | E9: Bars | H9: medium | I9: taxonomic_containment | J9: 5842799.4 | K9: 3.4851 | L9: Genus-level catch spans exactly the Table 6 groups containing its documented species. No habitat class overrides those placements.
A10: Sardinella aurita | B10: Round sardinella | C10: Small pelagics (<30 cm) | D10: Herring-likes | E10: Côtier pel S inv | H10: high | I10: explicit_member | J10: 4946271.9 | K10: 2.9503 | L10: Guénette & Diallo 2004 Table 6 p.131 explicitly lists this taxon in the named group(s); printed and accepted names checked against WoRMS.
A11: Cephalopoda | B11: Squids, cuttlefishes, octopuses | C11: Cephalopods | D11: Other fishes & inverts | E11: Céphalopodes | H11: high | I11: taxonomic_containment | J11: 4732809.6 | K11: 2.823 | L11: Source p.125 explicitly includes commercial and noncommercial octopus, cuttlefish and squid in the single cephalopod group.
A12: Brachydeuterus auritus | B12: Bigeye grunt | C12: Small demersals (<30 cm) | D12: Perch-likes | E12: Côtier S inv | H12: high | I12: explicit_member | J12: 3179416.6 | K12: 1.8964 | L12: Guénette & Diallo 2004 Table 6 p.131 explicitly lists this taxon in the named group(s); printed and accepted names checked against WoRMS.
A13: Trachurus | B13: Jacks, horse mackerels | C13: Medium pelagics (30 - 89 cm) | D13: Perch-likes | E13: Pel S inv | H13: medium | I13: taxonomic_containment | J13: 3069248.3 | K13: 1.8307 | L13: Genus-level catch spans exactly the Table 6 groups containing its documented species. No habitat class overrides those placements.
A14: Sardinella maderensis | B14: Madeiran sardinella | C14: Medium pelagics (30 - 89 cm) | D14: Herring-likes | E14: Côtier pel S inv | H14: high | I14: explicit_member | J14: 2712007.9 | K14: 1.6176 | L14: Guénette & Diallo 2004 Table 6 p.131 explicitly lists this taxon in the named group(s); printed and accepted names checked against WoRMS.
A15: Katsuwonus pelamis | B15: Skipjack tuna | C15: Large pelagics (>=90 cm) | D15: Tuna & billfishes | E15: Thons majeurs | H15: high | I15: explicit_member | J15: 2349951 | K15: 1.4017 | L15: Guénette & Diallo 2004 Table 6 p.131 explicitly lists this taxon in the named group(s); printed and accepted names checked against WoRMS.
A16: Thunnus albacares | B16: Yellowfin tuna | C16: Large pelagics (>=90 cm) | D16: Tuna & billfishes | E16: Thons majeurs | H16: high | I16: explicit_member | J16: 2303135.3 | K16: 1.3738 | L16: Guénette & Diallo 2004 Table 6 p.131 explicitly lists this taxon in the named group(s); printed and accepted names checked against WoRMS.
A17: Galeoides decadactylus | B17: Lesser African threadfin | C17: Medium demersals (30 - 89 cm) | D17: Perch-likes | E17: Petit capitaine | H17: high | I17: explicit_member | J17: 1937563.2 | K17: 1.1557 | L17: Guénette & Diallo 2004 Table 6 p.131 explicitly lists this taxon in the named group(s); printed and accepted names checked against WoRMS.
... A19: Sphyraena | B19: Barracudas, sennets | C19: Large pelagics (>=90 cm) | D19: Perch-likes | E19: Côtier pel L pred | H19: medium | I19: taxonomic_containment | J19: 1518406.7 | K19: 0.9057 | L19: Genus-level catch spans exactly the Table 6 groups containing its documented species. No habitat class overrides those placements.
A20: Clupeiformes | B20: Herrings, shads, anchovies | C20: Small pelagics (<30 cm) | D20: Other fishes & inverts | E20: Côtier pel S inv | Ethmalose | F20: 0.601 | 0.399 | G20: catch_composition | H20: medium | I20: composite_split | J20: 1518026.5 | K20: 0.9055 | L20: Anchovies, herrings/sardinellas and bonga occur in the coastal small-pelagic and named Ethmalose compartments in Table 6.
A21: Carangidae | B21: Jacks, pompanos | C21: Medium pelagics (30 - 89 cm) | D21: Perch-likes | E21: Côtier M pred | Côtier pel L pred | Pel L pred | Pel S inv | F21: 0.000 | 0.579 | 0.010 | 0.411 | G21: catch_composition | H21: medium | I21: composite_split | J21: 1450867.1 | K21: 0.8654 | L21: Family catch spans the union of all Table 6 member groups belonging to Carangidae under WoRMS. Every candidate is supported by a source member; source placement outranks SAU habitat class.
A22: Trichiurus lepturus | B22: Largehead hairtail | C22: Large benthopelagics (>=90 cm) | D22: Perch-likes | E22: Côtier L pred | H22: high | I22: explicit_member | J22: 1439530.7 | K22: 0.8586 | L22: Guénette & Diallo 2004 Table 6 p.131 explicitly lists this taxon in the named group(s); printed and accepted names checked against WoRMS.
A23: Sciaenidae | B23: Drums, croakers | C23: Medium demersals (30 - 89 cm) | D23: Perch-likes | E23: Bars | Côtier L pred | Côtier S pred | Dem L pred | Dem L inv | F23: 0.651 | 0.243 | 0.052 | 0.048 | 0.006 | G23: catch_composition | H23: medium | I23: composite_split | J23: 1420361.1 | K23: 0.8472 | L23: Table 6 explicitly separates Pseudotolithus (Bars), Argyrosomus (coastal large predators), Pteroscion (coastal small predators), Umbrina ronchus (demersal large predators), and U. canariensis (demersal large invertebrate feeders).
A24: Chloroscombrus chrysurus | B24: Atlantic bumper | C24: Medium pelagics (30 - 89 cm) | D24: Perch-likes | E24: Côtier pel L pred | H24: high | I24: explicit_member | J24: 1394161.2 | K24: 0.8316 | L24: Guénette & Diallo 2004 Table 6 p.131 explicitly lists this taxon in the named group(s); printed and accepted names checked against WoRMS.
A25: Sarotherodon melanotheron | B25: Blackchin tilapia | C25: Small demersals (<30 cm) | D25: Perch-likes | E25: Unresolved | H25: unresolved | I25: none | J25: 1133300.5 | K25: 0.676 | L25: Freshwater/brackish-water catch has no documented cichlid/cyprinid group in the offshore-Guinea source. Extending the named Mulets pool would require diet and habitat evidence for this taxon.
A26: Sepia | B26: Sepia cuttlefishes | C26: Cephalopods | D26: Other fishes & inverts | E26: Céphalopodes | H26: high | I26: taxonomic_containment | J26: 1128579.1 | K26: 0.6732 | L26: Source p.125 explicitly includes all cephalopods, including octopus, cuttlefish and squid.
A27: Clupeidae | B27: Herrings, sardines, menhadens | C27: Small pelagics (<30 cm) | D27: Herring-likes | E27: Côtier pel S inv | Ethmalose | F27: 0.601 | 0.399 | G27: catch_composition | H27: medium | I27: composite_split | J27: 1104199.7 | K27: 0.6586 | L27: Historical herring-family catch includes sardinellas and bonga. Table 6 separates Sardinella/Ilisha from Ethmalosa; current family-rank changes do not erase that commercial scope.
A28: Scombridae | B28: Mackerels, tunas, bonitos | C28: Medium pelagics (30 - 89 cm) | D28: Perch-likes | E28: Thons majeurs | Thons mineurs | Pel S inv | F28: 0.473 | 0.159 | 0.368 | G28: catch_composition | H28: medium | I28: composite_split | J28: 1005227.9 | K28: 0.5996 | L28: Table 6 places Thunnus/Katsuwonus in major tunas, other tuna/bonito and Spanish mackerel taxa in minor tunas, and Scomber in small offshore pelagics.
A29: Elasmobranchii | B29: Sharks, rays, skates | C29: Large sharks (>=90 cm) | D29: Sharks & rays | E29: Sélaciens L prof | Sélaciens L côtiers | Sélaciens M prof | Sélaciens M côtiers | F29: 0.731 | 0.091 | 0.172 | 0.006 | G29: catch_composition | H29: medium | I29: composite_split | J29: 911158.71 | K29: 0.5435 | L29: The class-level catch spans all four documented shark/ray size and depth groups in Table 6.
A30: Polydactylus quadrifilis | B30: Giant African threadfin | C30: Large demersals (>=90 cm) | D30: Perch-likes | E30: Gros capitaine | H30: high | I30: explicit_member | J30: 805152.37 | K30: 0.4802 | L30: Guénette & Diallo 2004 Table 6 p.131 explicitly lists this taxon in the named group(s); printed and accepted names checked against WoRMS.
A31: Thunnus obesus | B31: Bigeye tuna | C31: Large pelagics (>=90 cm) | D31: Tuna & billfishes | E31: Thons majeurs | H31: high | I31: explicit_member | J31: 788871.31 | K31: 0.4705 | L31: Guénette & Diallo 2004 Table 6 p.131 explicitly lists this taxon in the named group(s); printed and accepted names checked against WoRMS.
A32: Mugilidae | B32: Mullets, grey mullets | C32: Medium reef assoc. fish (30 - 89 cm) | D32: Perch-likes | E32: Dem M inv | Mulets | F32: 0.927 | 0.073 | G32: catch_composition | H32: medium | I32: composite_split | J32: 785745.88 | K32: 0.4687 | L32: Family catch spans the union of all Table 6 member groups belonging to Mugilidae under WoRMS. Every candidate is supported by a source member; source placement outranks SAU habitat class.
A33: Polynemidae | B33: Threadfins | C33: Small demersals (<30 cm) | D33: Perch-likes | E33: Gros capitaine | Petit capitaine | Capitaine royal | F33: 0.259 | 0.622 | 0.119 | G33: catch_composition | H33: medium | I33: composite_split | J33: 771085.96 | K33: 0.4599 | L33: Table 6 and Table 14 place the threadfins in three named capitaine stocks; source membership outranks the catch small-demersal label. Use period-wide identified-catch composition rather than Table 14's 1980s-specific assumed proportions.
A34: Balistidae | B34: Triggerfishes | C34: Medium reef assoc. fish (30 - 89 cm) | D34: Other fishes & inverts | E34: Dem M inv | H34: medium | I34: taxonomic_containment | J34: 736703.4 | K34: 0.4394 | L34: Family catch spans the union of all Table 6 member groups belonging to Balistidae under WoRMS. Every candidate is supported by a source member; source placement outranks SAU habitat class.
A35: Nematocarcinus africanus | B35: African spider shrimp | C35: Shrimps | D35: Crustaceans | E35: Crustacés | H35: high | I35: taxonomic_containment | J35: 736231.04 | K35: 0.4391 | L35: WoRMS crustacean taxonomy and SAU shrimp/crab/lobster class agree with the source Crustacés definition on p.125.
A36: Haemulidae | B36: Grunts, sweetlips, bonnetmouths | C36: Medium demersals (30 - 89 cm) | D36: Perch-likes | E36: Côtier M inv | Côtier S inv | Dem M inv | F36: 0.359 | 0.410 | 0.231 | G36: catch_composition | H36: medium | I36: composite_split | J36: 731597.71 | K36: 0.4364 | L36: Family catch spans the union of all Table 6 member groups belonging to Haemulidae under WoRMS. Every candidate is supported by a source member; source placement outranks SAU habitat class.
A37: Cynoglossus | B37: Tonguesoles | C37: Small to medium flatfishes (<90 cm) | D37: Flatfishes | E37: Côtier M inv | H37: medium | I37: taxonomic_containment | J37: 718318.29 | K37: 0.4285 | L37: Genus-level catch spans exactly the Table 6 groups containing its documented species. No habitat class overrides those placements.
A38: Ilisha africana | B38: West African ilisha | C38: Medium pelagics (30 - 89 cm) | D38: Herring-likes | E38: Côtier pel S inv | H38: high | I38: explicit_member | J38: 715365.88 | K38: 0.4267 | L38: Guénette & Diallo 2004 Table 6 p.131 explicitly lists this taxon in the named group(s); printed and accepted names checked against WoRMS.
A39: Lutjanidae | B39: Snappers | C39: Medium reef assoc. fish (30 - 89 cm) | D39: Perch-likes | E39: Côtier L pred | H39: medium | I39: taxonomic_containment | J39: 701348.54 | K39: 0.4183 | L39: Family catch spans the union of all Table 6 member groups belonging to Lutjanidae under WoRMS. Every candidate is supported by a source member; source placement outranks SAU habitat class.
A40: Cynoglossus monodi | B40: Guinean tonguesole | C40: Small to medium flatfishes (<90 cm) | D40: Flatfishes | E40: Côtier M inv | H40: high | I40: explicit_member | J40: 697298.16 | K40: 0.4159 | L40: Guénette & Diallo 2004 Table 6 p.131 explicitly lists this taxon in the named group(s); printed and accepted names checked against WoRMS.
A41: Rachycentron canadum | B41: Cobia | C41: Large pelagics (>=90 cm) | D41: Perch-likes | E41: Côtier pel L pred | H41: high | I41: explicit_member | J41: 677083.23 | K41: 0.4039 | L41: Guénette & Diallo 2004 Table 6 p.131 explicitly lists this taxon in the named group(s); printed and accepted names checked against WoRMS.
A42: Perciformes | B42: Perch-likes | C42: Medium demersals (30 - 89 cm) | D42: Perch-likes | E42: Côtier L pred | Côtier M pred | Disques | Côtier M inv | Côtier S pred | Côtier S inv | Dem L pred | Dem L inv | Dem M pred | Dem M inv | Dem S pred | Dem S inv | F42: 0.234 | 0.000 | 0.021 | 0.227 | 0.049 | 0.259 | 0.046 | 0.006 | 0.011 | 0.146 | 0.000 | 0.001 | G42: catch_composition | H42: low | I42: composite_split | J42: 663130.92 | K42: 0.3955 | L42: Historical perch-like catch in the medium-demersal class spans coastal/shelf guilds with Table 6 perch-like representatives. Ariid catfish and mullet stocks are excluded. Each remaining generic group contains a documented perch-like member; no named single-stock group is added.
A43: Caranx crysos | B43: Blue runner | C43: Medium reef assoc. fish (30 - 89 cm) | D43: Perch-likes | E43: Côtier pel L pred | H43: high | I43: explicit_member | J43: 638202.5 | K43: 0.3807 | L43: Guénette & Diallo 2004 Table 6 p.131 explicitly lists this taxon in the named group(s); printed and accepted names checked against WoRMS.
A44: Scombroidei | B44: Tunas, bonitos, billfishes | C44: Large pelagics (>=90 cm) | D44: Tuna & billfishes | E44: Thons majeurs | Thons mineurs | Pel S inv | Côtier L pred | Bathy L pred | F44: 0.383 | 0.128 | 0.298 | 0.190 | 0.001 | G44: catch_composition | H44: low | I44: composite_split | J44: 602457.4 | K44: 0.3593 | L44: Historical suborder spans tuna/billfish members, Scomber in offshore small pelagics, Trichiurus in coastal large predators, and Gempylus/Lepidocybium in bathyal large predators; every candidate has a Table 6 representative.
A45: Engraulidae | B45: Anchovies, round herrings | C45: Small pelagics (<30 cm) | D45: Anchovies | E45: Côtier pel S inv | H45: high | I45: taxonomic_containment | J45: 599019.25 | K45: 0.3573 | L45: Engraulis is listed in the coastal small-pelagic compartment; this is the model's anchovy-compatible pool.
A46: Auxis rochei | B46: Bullet tuna | C46: Medium pelagics (30 - 89 cm) | D46: Tuna & billfishes | E46: Thons mineurs | H46: high | I46: explicit_member | J46: 562844.14 | K46: 0.3357 | L46: Guénette & Diallo 2004 Table 6 p.131 explicitly lists this taxon in the named group(s); printed and accepted names checked against WoRMS.
A47: Diplodus | B47: Two-toothed seabreams | C47: Medium benthopelagics (30 - 89 cm) | D47: Perch-likes | E47: Côtier M inv | H47: medium | I47: taxonomic_containment | J47: 557560.79 | K47: 0.3326 | L47: Genus-level catch spans exactly the Table 6 groups containing its documented species. No habitat class overrides those placements.
A48: Dentex | B48: Toothed seabreams | C48: Large benthopelagics (>=90 cm) | D48: Perch-likes | E48: Côtier L pred | Dem M pred | F48: 0.953 | 0.047 | G48: catch_composition | H48: medium | I48: composite_split | J48: 548413.92 | K48: 0.3271 | L48: Genus-level catch spans exactly the Table 6 groups containing its documented species. No habitat class overrides those placements.
A49: Dendrobranchiata | B49: Shrimps and prawns | C49: Shrimps | D49: Crustaceans | E49: Crustacés | H49: high | I49: taxonomic_containment | J49: 542861.24 | K49: 0.3238 | L49: Penaeoid/prawn catch falls within the source's explicit shrimp-containing Crustacés definition (p.125).
A50: Penaeus notialis | B50: Southern pink shrimp | C50: Shrimps | D50: Crustaceans | E50: Crustacés | H50: high | I50: taxonomic_containment | J50: 535244.3 | K50: 0.3193 | L50: WoRMS crustacean taxonomy and SAU shrimp/crab/lobster class agree with the source Crustacés definition on p.125.
A51: Sparidae | B51: Porgies, seabreams | C51: Medium benthopelagics (30 - 89 cm) | D51: Perch-likes | E51: Côtier L pred | Côtier M inv | Côtier S inv | Dem L inv | Dem L pred | Dem M inv | Dem M pred | Mulets | F51: 0.249 | 0.241 | 0.275 | 0.007 | 0.049 | 0.155 | 0.012 | 0.012 | G51: catch_composition | H51: medium | I51: composite_split | J51: 527424.21 | K51: 0.3146 | L51: Family catch spans the union of all Table 6 member groups belonging to Sparidae under WoRMS. Every candidate is supported by a source member; source placement outranks SAU habitat class.
A52: Trachurus trecae | B52: Cunene horse mackerel | C52: Medium benthopelagics (30 - 89 cm) | D52: Perch-likes | E52: Pel S inv | H52: high | I52: explicit_member | J52: 515245.37 | K52: 0.3073 | L52: Guénette & Diallo 2004 Table 6 p.131 explicitly lists this taxon in the named group(s); printed and accepted names checked against WoRMS.
A53: Penaeidae | B53: Commercial shrimps and prawns | C53: Shrimps | D53: Crustaceans | E53: Crustacés | H53: high | I53: taxonomic_containment | J53: 511079.61 | K53: 0.3048 | L53: WoRMS crustacean taxonomy and SAU shrimp/crab/lobster class agree with the source Crustacés definition on p.125.
A54: Pomadasys | B54: Grunters | C54: Medium demersals (30 - 89 cm) | D54: Perch-likes | E54: Côtier M inv | H54: medium | I54: taxonomic_containment | J54: 478930.32 | K54: 0.2857 | L54: Genus-level catch spans exactly the Table 6 groups containing its documented species. No habitat class overrides those placements.
A55: Sphyraenidae | B55: Barracudas | C55: Medium reef assoc. fish (30 - 89 cm) | D55: Perch-likes | E55: Côtier pel L pred | H55: medium | I55: taxonomic_containment | J55: 464213.48 | K55: 0.2769 | L55: Family catch spans the union of all Table 6 member groups belonging to Sphyraenidae under WoRMS. Every candidate is supported by a source member; source placement outranks SAU habitat class.
A56: Sarda sarda | B56: Atlantic bonito | C56: Medium pelagics (30 - 89 cm) | D56: Tuna & billfishes | E56: Thons mineurs | H56: high | I56: explicit_member | J56: 446613.69 | K56: 0.2664 | L56: Guénette & Diallo 2004 Table 6 p.131 explicitly lists this taxon in the named group(s); printed and accepted names checked against WoRMS.
A57: Dasyatidae | B57: Whiptail stingrays | C57: Large rays (>=90 cm) | D57: Sharks & rays | E57: Sélaciens L côtiers | Sélaciens M côtiers | F57: 0.934 | 0.066 | G57: catch_composition | H57: medium | I57: composite_split | J57: 435963.1 | K57: 0.26 | L57: Family catch spans the union of all Table 6 member groups belonging to Dasyatidae under WoRMS. Every candidate is supported by a source member; source placement outranks SAU habitat class.
A58: Pteroscion peli | B58: Boe drum | C58: Medium benthopelagics (30 - 89 cm) | D58: Perch-likes | E58: Côtier S pred | H58: high | I58: explicit_member | J58: 422411.1 | K58: 0.252 | L58: Guénette & Diallo 2004 Table 6 p.131 explicitly lists this taxon in the named group(s); printed and accepted names checked against WoRMS.
A59: Sarotherodon galilaeus | B59: Mango tilapia | C59: Large reef assoc. fish (>=90 cm) | D59: Perch-likes | E59: Unresolved | H59: unresolved | I59: none | J59: 405273.31 | K59: 0.2417 | L59: Freshwater/brackish-water catch has no documented cichlid/cyprinid group in the offshore-Guinea source. Extending the named Mulets pool would require diet and habitat evidence for this taxon.
A60: Pseudotolithus senegalensis | B60: Cassava croaker | C60: Large demersals (>=90 cm) | D60: Perch-likes | E60: Bars | H60: high | I60: explicit_member | J60: 403396.24 | K60: 0.2406 | L60: Guénette & Diallo 2004 Table 6 p.131 explicitly lists this taxon in the named group(s); printed and accepted names checked against WoRMS.
A61: Parapenaeus longirostris | B61: Deepwater rose shrimp | C61: Shrimps | D61: Crustaceans | E61: Crustacés | H61: high | I61: taxonomic_containment | J61: 400810.41 | K61: 0.2391 | L61: WoRMS crustacean taxonomy and SAU shrimp/crab/lobster class agree with the source Crustacés definition on p.125.
A62: Caranx hippos | B62: Crevalle jack | C62: Large reef assoc. fish (>=90 cm) | D62: Perch-likes | E62: Côtier pel L pred | H62: high | I62: explicit_member | J62: 391862.7 | K62: 0.2337 | L62: Guénette & Diallo 2004 Table 6 p.131 explicitly lists this taxon in the named group(s); printed and accepted names checked against WoRMS.
A63: Marine pelagic fishes not identified | B63: Pelagic fishes | C63: Medium pelagics (30 - 89 cm) | D63: Other fishes & inverts | E63: Côtier pel L pred | Côtier pel S inv | Pel L pred | Pel S inv | F63: 0.189 | 0.673 | 0.003 | 0.135 | G63: catch_composition | H63: low | I63: composite_split | J63: 388990.86 | K63: 0.232 | L63: Pelagic nei is restricted to broad coastal and offshore pelagic pools. Named tuna/ethmalose stocks and bottom/bathyal groups are excluded.
A64: Pentheroscion mbizi | B64: Mbizi croaker | C64: Medium demersals (30 - 89 cm) | D64: Perch-likes | E64: Unresolved | H64: unresolved | I64: none | J64: 372671.57 | K64: 0.2223 | L64: This taxon is absent from Table 6 and lacks a unique documented guild/depth placement. A family or genus analogue may span several groups; habitat class alone cannot select the feeding guild.
A65: Pentanemus quinquarius | B65: Royal threadfin | C65: Small demersals (<30 cm) | D65: Perch-likes | E65: Capitaine royal | H65: high | I65: explicit_member | J65: 371053.83 | K65: 0.2213 | L65: Guénette & Diallo 2004 Table 6 p.131 explicitly lists this taxon in the named group(s); printed and accepted names checked against WoRMS.
A66: Caranx | B66: Jacks | C66: Medium reef assoc. fish (30 - 89 cm) | D66: Perch-likes | E66: Côtier pel L pred | H66: medium | I66: taxonomic_containment | J66: 355589.5 | K66: 0.2121 | L66: Genus-level catch spans exactly the Table 6 groups containing its documented species. No habitat class overrides those placements.
A67: Carlarius heudelotii | B67: Smoothmouth sea catfish | C67: Medium demersals (30 - 89 cm) | D67: Other fishes & inverts | E67: Mâchoiron | H67: high | I67: explicit_member | J67: 347179.8 | K67: 0.2071 | L67: Guénette & Diallo 2004 Table 6 p.131 explicitly lists this taxon in the named group(s); printed and accepted names checked against WoRMS.
A68: Scomber | B68: Chub mackerels | C68: Medium pelagics (30 - 89 cm) | D68: Perch-likes | E68: Pel S inv | H68: medium | I68: taxonomic_containment | J68: 346215.47 | K68: 0.2065 | L68: Genus-level catch spans exactly the Table 6 groups containing its documented species. No habitat class overrides those placements.
A69: Pagellus bellottii | B69: Red pandora | C69: Medium demersals (30 - 89 cm) | D69: Perch-likes | E69: Dem M inv | H69: high | I69: explicit_member | J69: 335354.53 | K69: 0.2 | L69: Guénette & Diallo 2004 Table 6 p.131 explicitly lists this taxon in the named group(s); printed and accepted names checked against WoRMS.
A70: Pagrus | B70: Subtropical seabreams | C70: Medium benthopelagics (30 - 89 cm) | D70: Perch-likes | E70: Dem L pred | H70: medium | I70: taxonomic_containment | J70: 329079.85 | K70: 0.1963 | L70: Genus-level catch spans exactly the Table 6 groups containing its documented species. No habitat class overrides those placements.
A71: Pomadasys jubelini | B71: Sompat grunt | C71: Medium demersals (30 - 89 cm) | D71: Perch-likes | E71: Côtier M inv | H71: high | I71: explicit_member | J71: 321432.03 | K71: 0.1917 | L71: Guénette & Diallo 2004 Table 6 p.131 explicitly lists this taxon in the named group(s); printed and accepted names checked against WoRMS.
A72: Auxis thazard | B72: Frigate tuna | C72: Medium pelagics (30 - 89 cm) | D72: Tuna & billfishes | E72: Thons mineurs | H72: high | I72: explicit_member | J72: 316019.44 | K72: 0.1885 | L72: Guénette & Diallo 2004 Table 6 p.131 explicitly lists this taxon in the named group(s); printed and accepted names checked against WoRMS.
A73: Elops lacerta | B73: West African ladyfish | C73: Medium benthopelagics (30 - 89 cm) | D73: Other fishes & inverts | E73: Côtier pel L pred | H73: high | I73: explicit_member | J73: 305343.55 | K73: 0.1821 | L73: Guénette & Diallo 2004 Table 6 p.131 explicitly lists this taxon in the named group(s); printed and accepted names checked against WoRMS.
A74: Pseudotolithus typus | B74: Longneck croaker | C74: Large demersals (>=90 cm) | D74: Perch-likes | E74: Bars | H74: high | I74: explicit_member | J74: 303874.13 | K74: 0.1813 | L74: Guénette & Diallo 2004 Table 6 p.131 explicitly lists this taxon in the named group(s); printed and accepted names checked against WoRMS.
A75: Octopus vulgaris | B75: Common octopus | C75: Cephalopods | D75: Other fishes & inverts | E75: Céphalopodes | H75: high | I75: taxonomic_containment | J75: 299194.62 | K75: 0.1785 | L75: Source p.125 explicitly includes all cephalopods, including octopus, cuttlefish and squid.
... A78: Scomber colias | B78: Atlantic chub mackerel | C78: Medium pelagics (30 - 89 cm) | D78: Perch-likes | E78: Pel S inv | H78: medium | I78: analogue | J78: 261950.13 | K78: 0.1562 | L78: Species not individually listed: its genus has one documented Table 6 group, supported by the catch's Medium pelagics (30 - 89 cm) class. Congeneric extension is inference.
A79: Epinephelus | B79: Seabasses, hinds | C79: Medium reef assoc. fish (30 - 89 cm) | D79: Perch-likes | E79: Côtier L pred | Dem L pred | F79: 0.837 | 0.163 | G79: catch_composition | H79: medium | I79: composite_split | J79: 249491.4 | K79: 0.1488 | L79: Genus-level catch spans exactly the Table 6 groups containing its documented species. No habitat class overrides those placements.
A80: Trachurus trachurus | B80: Atlantic horse mackerel | C80: Medium pelagics (30 - 89 cm) | D80: Perch-likes | E80: Pel S inv | H80: medium | I80: analogue | J80: 241304.47 | K80: 0.1439 | L80: Species not individually listed: its genus has one documented Table 6 group, supported by the catch's Medium pelagics (30 - 89 cm) class. Congeneric extension is inference.
A81: Argyrosomus regius | B81: Meagre | C81: Large benthopelagics (>=90 cm) | D81: Perch-likes | E81: Côtier L pred | H81: high | I81: explicit_member | J81: 239356.24 | K81: 0.1428 | L81: Guénette & Diallo 2004 Table 6 p.131 explicitly lists this taxon in the named group(s); printed and accepted names checked against WoRMS.
A82: Scyris alexandrina | B82: Alexandria pompano | C82: Medium pelagics (30 - 89 cm) | D82: Perch-likes | E82: Côtier pel L pred | H82: high | I82: synonym | J82: 237360.08 | K82: 0.1416 | L82: Guénette & Diallo 2004 Table 6 p.131 explicitly lists this taxon in the named group(s); printed and accepted names checked against WoRMS.
A83: Squalidae | B83: Dogfish sharks | C83: Large sharks (>=90 cm) | D83: Sharks & rays | E83: Sélaciens L prof | Sélaciens M prof | F83: 0.810 | 0.190 | G83: catch_composition | H83: medium | I83: composite_split | J83: 236585.89 | K83: 0.1411 | L83: Family catch spans the union of all Table 6 member groups belonging to Squalidae under WoRMS. Every candidate is supported by a source member; source placement outranks SAU habitat class.
A84: Scomberomorus tritor | B84: West African Spanish mackerel | C84: Medium pelagics (30 - 89 cm) | D84: Perch-likes | E84: Thons mineurs | H84: high | I84: explicit_member | J84: 232621.78 | K84: 0.1388 | L84: Guénette & Diallo 2004 Table 6 p.131 explicitly lists this taxon in the named group(s); printed and accepted names checked against WoRMS.
A85: Pagellus | B85: Pandoras | C85: Medium benthopelagics (30 - 89 cm) | D85: Perch-likes | E85: Dem M inv | H85: medium | I85: taxonomic_containment | J85: 231646.12 | K85: 0.1382 | L85: Genus-level catch spans exactly the Table 6 groups containing its documented species. No habitat class overrides those placements.
A86: Nematopalaemon hastatus | B86: Estuarine prawn | C86: Shrimps | D86: Crustaceans | E86: Crustacés | H86: high | I86: taxonomic_containment | J86: 225043.18 | K86: 0.1342 | L86: WoRMS crustacean taxonomy and SAU shrimp/crab/lobster class agree with the source Crustacés definition on p.125.
A87: Selene dorsalis | B87: African moonfish | C87: Small demersals (<30 cm) | D87: Perch-likes | E87: Côtier pel L pred | H87: high | I87: explicit_member | J87: 216745.12 | K87: 0.1293 | L87: Guénette & Diallo 2004 Table 6 p.131 explicitly lists this taxon in the named group(s); printed and accepted names checked against WoRMS.
A88: Trachinotus | B88: Pompanos | C88: Medium pelagics (30 - 89 cm) | D88: Perch-likes | E88: Côtier pel L pred | H88: medium | I88: taxonomic_containment | J88: 211036.86 | K88: 0.1259 | L88: Genus-level catch spans exactly the Table 6 groups containing its documented species. No habitat class overrides those placements.
A89: Balistes capriscus | B89: Grey triggerfish | C89: Medium benthopelagics (30 - 89 cm) | D89: Other fishes & inverts | E89: Dem M inv | H89: high | I89: explicit_member | J89: 204773.11 | K89: 0.1221 | L89: Guénette & Diallo 2004 Table 6 p.131 explicitly lists this taxon in the named group(s); printed and accepted names checked against WoRMS.
A90: Pseudupeneus prayensis | B90: West African goatfish | C90: Medium demersals (30 - 89 cm) | D90: Perch-likes | E90: Dem M inv | H90: high | I90: explicit_member | J90: 202853.22 | K90: 0.121 | L90: Guénette & Diallo 2004 Table 6 p.131 explicitly lists this taxon in the named group(s); printed and accepted names checked against WoRMS.
A91: Prionace glauca | B91: Blue shark | C91: Large sharks (>=90 cm) | D91: Sharks & rays | E91: Sélaciens L prof | H91: high | I91: explicit_member | J91: 199252.15 | K91: 0.1188 | L91: Guénette & Diallo 2004 Table 6 p.131 explicitly lists this taxon in the named group(s); printed and accepted names checked against WoRMS.
A92: Thunnus thynnus | B92: Atlantic bluefin tuna | C92: Large pelagics (>=90 cm) | D92: Tuna & billfishes | E92: Thons majeurs | H92: medium | I92: analogue | J92: 187594.54 | K92: 0.1119 | L92: Species not individually listed: its genus has one documented Table 6 group, supported by the catch's Large pelagics (>=90 cm) class. Congeneric extension is inference.
A93: Thunnus alalunga | B93: Albacore | C93: Large pelagics (>=90 cm) | D93: Tuna & billfishes | E93: Thons majeurs | H93: high | I93: explicit_member | J93: 185809.05 | K93: 0.1108 | L93: Guénette & Diallo 2004 Table 6 p.131 explicitly lists this taxon in the named group(s); printed and accepted names checked against WoRMS.
A94: Sepiida | B94: Cuttlefishes, bobtail squids | C94: Cephalopods | D94: Other fishes & inverts | E94: Céphalopodes | H94: high | I94: taxonomic_containment | J94: 185244.81 | K94: 0.1105 | L94: Source p.125 explicitly includes all cephalopods, including octopus, cuttlefish and squid.
A95: Octopoda | B95: Octopuses, argonauts | C95: Cephalopods | D95: Other fishes & inverts | E95: Céphalopodes | H95: high | I95: taxonomic_containment | J95: 181049.39 | K95: 0.108 | L95: Source p.125 explicitly includes all cephalopods, including octopus, cuttlefish and squid.
A96: Euthynnus alletteratus | B96: Little tunny | C96: Large pelagics (>=90 cm) | D96: Tuna & billfishes | E96: Thons mineurs | H96: high | I96: explicit_member | J96: 180780.32 | K96: 0.1078 | L96: Guénette & Diallo 2004 Table 6 p.131 explicitly lists this taxon in the named group(s); printed and accepted names checked against WoRMS.
A97: Rajiformes | B97: Skates and rays | C97: Large rays (>=90 cm) | D97: Sharks & rays | E97: Sélaciens L prof | Sélaciens M prof | F97: 0.810 | 0.190 | G97: catch_composition | H97: medium | I97: composite_split | J97: 176679.79 | K97: 0.1054 | L97: Rajidae/Arhynchobatidae members in Table 6 occur in both deep-water selacian size groups (Bathyraja, Leucoraja, Raja, Dipturus and Rajella); current order taxonomy excludes the torpedo and stingray families.
A98: Solea | B98: Soles | C98: Small to medium flatfishes (<90 cm) | D98: Flatfishes | E98: Côtier S inv | H98: low | I98: analogue | J98: 172378.24 | K98: 0.1028 | L98: Analyst analogue: sole genus shares benthic-invertebrate feeding and shelf habitat with the source's Pegusa/Dicologlossa small coastal invertebrate feeders. Species membership is not directly documented.
A99: Stromateus fiatola | B99: Blue butterfish | C99: Medium benthopelagics (30 - 89 cm) | D99: Perch-likes | E99: Côtier S pred | H99: high | I99: explicit_member | J99: 167686.6 | K99: 0.1 | L99: Guénette & Diallo 2004 Table 6 p.131 explicitly lists this taxon in the named group(s); printed and accepted names checked against WoRMS.
A100: Miscellaneous marine crustaceans | B100: Marine crabs, shrimps, lobsters nei | C100: Shrimps | D100: Crustaceans | E100: Crustacés | H100: medium | I100: taxonomic_containment | J100: 162844.14 | K100: 0.0971 | L100: SAU shrimp-category catch matches the commercial/noncommercial shrimp and crab/lobster pool described on p.125.
A101: Sepiidae | B101: Cuttlefishes | C101: Cephalopods | D101: Other fishes & inverts | E101: Céphalopodes | H101: high | I101: taxonomic_containment | J101: 158576.08 | K101: 0.0946 | L101: Source p.125 explicitly includes all cephalopods, including octopus, cuttlefish and squid.
A102: Dentex gibbosus | B102: Pink dentex | C102: Large benthopelagics (>=90 cm) | D102: Perch-likes | E102: Côtier L pred | H102: high | I102: explicit_member | J102: 157881.3 | K102: 0.0942 | L102: Guénette & Diallo 2004 Table 6 p.131 explicitly lists this taxon in the named group(s); printed and accepted names checked against WoRMS.
A103: Pleuronectiformes | B103: Flatfishes | C103: Small to medium flatfishes (<90 cm) | D103: Flatfishes | E103: Côtier L pred | Côtier M inv | Côtier S pred | Côtier S inv | Dem L pred | Dem S pred | Dem S inv | F103: 0.287 | 0.278 | 0.061 | 0.317 | 0.056 | 0.000 | 0.001 | G103: catch_composition | H103: medium | I103: composite_split | J103: 157106.54 | K103: 0.0937 | L103: All candidates have flatfish members in Table 6: Psettodes, Cynoglossus/Bothus, Citharus, Pegusa/Dicologlossa, Solitas, Arnoglossus/Solitas and Syacium respectively. The source lists Solitas twice; preserve that ambiguity.
A104: Caranx rhonchus | B104: False scad | C104: Medium benthopelagics (30 - 89 cm) | D104: Perch-likes | E104: Côtier pel L pred | H104: high | I104: explicit_member | J104: 156259.92 | K104: 0.0932 | L104: Guénette & Diallo 2004 Table 6 p.131 explicitly lists this taxon in the named group(s); printed and accepted names checked against WoRMS.
...

Sheet Final mappings
A1: Final taxon-to-group mappings, identified separately for each Ecopath model
A2: One row per taxon/group assignment; numeric weights are the exact values used to calculate SPPR.
A3: Unresolved taxa retain a row with a blank weight. Catch tonnes repeat across a taxon's assignments; do not sum these rows.
A4: unit_id | B4: model_id | C4: taxon | D4: common_name | E4: SAU functional group | F4: SAU commercial group | G4: group | H4: weight | I4: weight_basis | J4: confidence | K4: evidence | L4: explanation | M4: catch_tonnes
A5: LME_028 | B5: 28_646_Guinea_(1998) | C5: Marine fishes not identified | D5: Marine fishes nei | E5: Medium demersals (30 - 89 cm) | F5: Other fishes & inverts | G5: Côtier L pred | H5: 0.23885844 | I5: catch_composition | J5: low | K5: composite_split | L5: Medium-demersal unidentified catch is restricted to broad coastal (<40 m) and shelf demersal (20-200 m) fish guilds, with adjacent sizes. Named single-stock groups, pelagic pools and bathyal pools are excluded. Source p.128 describes overlapping coastal/shelf habitats; this is a wide estimated allocation. | M5: 54105502
A6: LME_028 | B6: 28_646_Guinea_(1998) | C6: Marine fishes not identified | D6: Marine fishes nei | E6: Medium demersals (30 - 89 cm) | F6: Other fishes & inverts | G6: Côtier M pred | H6: 4.1966571e-05 | I6: catch_composition | J6: low | K6: composite_split | L6: Medium-demersal unidentified catch is restricted to broad coastal (<40 m) and shelf demersal (20-200 m) fish guilds, with adjacent sizes. Named single-stock groups, pelagic pools and bathyal pools are excluded. Source p.128 describes overlapping coastal/shelf habitats; this is a wide estimated allocation. | M6: 54105502
A7: LME_028 | B7: 28_646_Guinea_(1998) | C7: Marine fishes not identified | D7: Marine fishes nei | E7: Medium demersals (30 - 89 cm) | F7: Other fishes & inverts | G7: Côtier M inv | H7: 0.2316287 | I7: catch_composition | J7: low | K7: composite_split | L7: Medium-demersal unidentified catch is restricted to broad coastal (<40 m) and shelf demersal (20-200 m) fish guilds, with adjacent sizes. Named single-stock groups, pelagic pools and bathyal pools are excluded. Source p.128 describes overlapping coastal/shelf habitats; this is a wide estimated allocation. | M7: 54105502
A8: LME_028 | B8: 28_646_Guinea_(1998) | C8: Marine fishes not identified | D8: Marine fishes nei | E8: Medium demersals (30 - 89 cm) | F8: Other fishes & inverts | G8: Côtier S pred | H8: 0.050709663 | I8: catch_composition | J8: low | K8: composite_split | L8: Medium-demersal unidentified catch is restricted to broad coastal (<40 m) and shelf demersal (20-200 m) fish guilds, with adjacent sizes. Named single-stock groups, pelagic pools and bathyal pools are excluded. Source p.128 describes overlapping coastal/shelf habitats; this is a wide estimated allocation. | M8: 54105502
A9: LME_028 | B9: 28_646_Guinea_(1998) | C9: Marine fishes not identified | D9: Marine fishes nei | E9: Medium demersals (30 - 89 cm) | F9: Other fishes & inverts | G9: Côtier S inv | H9: 0.26434562 | I9: catch_composition | J9: low | K9: composite_split | L9: Medium-demersal unidentified catch is restricted to broad coastal (<40 m) and shelf demersal (20-200 m) fish guilds, with adjacent sizes. Named single-stock groups, pelagic pools and bathyal pools are excluded. Source p.128 describes overlapping coastal/shelf habitats; this is a wide estimated allocation. | M9: 54105502
A10: LME_028 | B10: 28_646_Guinea_(1998) | C10: Marine fishes not identified | D10: Marine fishes nei | E10: Medium demersals (30 - 89 cm) | F10: Other fishes & inverts | G10: Dem L pred | H10: 0.046638601 | I10: catch_composition | J10: low | K10: composite_split | L10: Medium-demersal unidentified catch is restricted to broad coastal (<40 m) and shelf demersal (20-200 m) fish guilds, with adjacent sizes. Named single-stock groups, pelagic pools and bathyal pools are excluded. Source p.128 describes overlapping coastal/shelf habitats; this is a wide estimated allocation. | M10: 54105502
A11: LME_028 | B11: 28_646_Guinea_(1998) | C11: Marine fishes not identified | D11: Marine fishes nei | E11: Medium demersals (30 - 89 cm) | F11: Other fishes & inverts | G11: Dem L inv | H11: 0.0062167124 | I11: catch_composition | J11: low | K11: composite_split | L11: Medium-demersal unidentified catch is restricted to broad coastal (<40 m) and shelf demersal (20-200 m) fish guilds, with adjacent sizes. Named single-stock groups, pelagic pools and bathyal pools are excluded. Source p.128 describes overlapping coastal/shelf habitats; this is a wide estimated allocation. | M11: 54105502
A12: LME_028 | B12: 28_646_Guinea_(1998) | C12: Marine fishes not identified | D12: Marine fishes nei | E12: Medium demersals (30 - 89 cm) | F12: Other fishes & inverts | G12: Dem M pred | H12: 0.011789032 | I12: catch_composition | J12: low | K12: composite_split | L12: Medium-demersal unidentified catch is restricted to broad coastal (<40 m) and shelf demersal (20-200 m) fish guilds, with adjacent sizes. Named single-stock groups, pelagic pools and bathyal pools are excluded. Source p.128 describes overlapping coastal/shelf habitats; this is a wide estimated allocation. | M12: 54105502
A13: LME_028 | B13: 28_646_Guinea_(1998) | C13: Marine fishes not identified | D13: Marine fishes nei | E13: Medium demersals (30 - 89 cm) | F13: Other fishes & inverts | G13: Dem M inv | H13: 0.14890924 | I13: catch_composition | J13: low | K13: composite_split | L13: Medium-demersal unidentified catch is restricted to broad coastal (<40 m) and shelf demersal (20-200 m) fish guilds, with adjacent sizes. Named single-stock groups, pelagic pools and bathyal pools are excluded. Source p.128 describes overlapping coastal/shelf habitats; this is a wide estimated allocation. | M13: 54105502
A14: LME_028 | B14: 28_646_Guinea_(1998) | C14: Marine fishes not identified | D14: Marine fishes nei | E14: Medium demersals (30 - 89 cm) | F14: Other fishes & inverts | G14: Dem S pred | H14: 2.4192106e-05 | I14: catch_composition | J14: low | K14: composite_split | L14: Medium-demersal unidentified catch is restricted to broad coastal (<40 m) and shelf demersal (20-200 m) fish guilds, with adjacent sizes. Named single-stock groups, pelagic pools and bathyal pools are excluded. Source p.128 describes overlapping coastal/shelf habitats; this is a wide estimated allocation. | M14: 54105502
A15: LME_028 | B15: 28_646_Guinea_(1998) | C15: Marine fishes not identified | D15: Marine fishes nei | E15: Medium demersals (30 - 89 cm) | F15: Other fishes & inverts | G15: Dem S inv | H15: 0.0008378251 | I15: catch_composition | J15: low | K15: composite_split | L15: Medium-demersal unidentified catch is restricted to broad coastal (<40 m) and shelf demersal (20-200 m) fish guilds, with adjacent sizes. Named single-stock groups, pelagic pools and bathyal pools are excluded. Source p.128 describes overlapping coastal/shelf habitats; this is a wide estimated allocation. | M15: 54105502
A16: LME_028 | B16: 28_646_Guinea_(1998) | C16: Ethmalosa fimbriata | D16: Bonga shad | E16: Medium pelagics (30 - 89 cm) | F16: Herring-likes | G16: Ethmalose | H16: 1 | I16: single | J16: high | K16: explicit_member | L16: Guénette & Diallo 2004 Table 6 p.131 explicitly lists this taxon in the named group(s); printed and accepted names checked against WoRMS. | M16: 16059854
... A42: LME_028 | B42: 28_646_Guinea_(1998) | C42: Chloroscombrus chrysurus | D42: Atlantic bumper | E42: Medium pelagics (30 - 89 cm) | F42: Perch-likes | G42: Côtier pel L pred | H42: 1 | I42: single | J42: high | K42: explicit_member | L42: Guénette & Diallo 2004 Table 6 p.131 explicitly lists this taxon in the named group(s); printed and accepted names checked against WoRMS. | M42: 1394161.2
A43: LME_028 | B43: 28_646_Guinea_(1998) | C43: Sarotherodon melanotheron | D43: Blackchin tilapia | E43: Small demersals (<30 cm) | F43: Perch-likes | G43: Unresolved | J43: unresolved | K43: none | L43: Freshwater/brackish-water catch has no documented cichlid/cyprinid group in the offshore-Guinea source. Extending the named Mulets pool would require diet and habitat evidence for this taxon. | M43: 1133300.5
A44: LME_028 | B44: 28_646_Guinea_(1998) | C44: Sepia | D44: Sepia cuttlefishes | E44: Cephalopods | F44: Other fishes & inverts | G44: Céphalopodes | H44: 1 | I44: single | J44: high | K44: taxonomic_containment | L44: Source p.125 explicitly includes all cephalopods, including octopus, cuttlefish and squid. | M44: 1128579.1
A45: LME_028 | B45: 28_646_Guinea_(1998) | C45: Clupeidae | D45: Herrings, sardines, menhadens | E45: Small pelagics (<30 cm) | F45: Herring-likes | G45: Côtier pel S inv | H45: 0.60118214 | I45: catch_composition | J45: medium | K45: composite_split | L45: Historical herring-family catch includes sardinellas and bonga. Table 6 separates Sardinella/Ilisha from Ethmalosa; current family-rank changes do not erase that commercial scope. | M45: 1104199.7
A46: LME_028 | B46: 28_646_Guinea_(1998) | C46: Clupeidae | D46: Herrings, sardines, menhadens | E46: Small pelagics (<30 cm) | F46: Herring-likes | G46: Ethmalose | H46: 0.39881786 | I46: catch_composition | J46: medium | K46: composite_split | L46: Historical herring-family catch includes sardinellas and bonga. Table 6 separates Sardinella/Ilisha from Ethmalosa; current family-rank changes do not erase that commercial scope. | M46: 1104199.7
A47: LME_028 | B47: 28_646_Guinea_(1998) | C47: Scombridae | D47: Mackerels, tunas, bonitos | E47: Medium pelagics (30 - 89 cm) | F47: Perch-likes | G47: Thons majeurs | H47: 0.47297039 | I47: catch_composition | J47: medium | K47: composite_split | L47: Table 6 places Thunnus/Katsuwonus in major tunas, other tuna/bonito and Spanish mackerel taxa in minor tunas, and Scomber in small offshore pelagics. | M47: 1005227.9
A48: LME_028 | B48: 28_646_Guinea_(1998) | C48: Scombridae | D48: Mackerels, tunas, bonitos | E48: Medium pelagics (30 - 89 cm) | F48: Perch-likes | G48: Thons mineurs | H48: 0.158603 | I48: catch_composition | J48: medium | K48: composite_split | L48: Table 6 places Thunnus/Katsuwonus in major tunas, other tuna/bonito and Spanish mackerel taxa in minor tunas, and Scomber in small offshore pelagics. | M48: 1005227.9
A49: LME_028 | B49: 28_646_Guinea_(1998) | C49: Scombridae | D49: Mackerels, tunas, bonitos | E49: Medium pelagics (30 - 89 cm) | F49: Perch-likes | G49: Pel S inv | H49: 0.36842661 | I49: catch_composition | J49: medium | K49: composite_split | L49: Table 6 places Thunnus/Katsuwonus in major tunas, other tuna/bonito and Spanish mackerel taxa in minor tunas, and Scomber in small offshore pelagics. | M49: 1005227.9
A50: LME_028 | B50: 28_646_Guinea_(1998) | C50: Elasmobranchii | D50: Sharks, rays, skates | E50: Large sharks (>=90 cm) | F50: Sharks & rays | G50: Sélaciens L prof | H50: 0.73111135 | I50: catch_composition | J50: medium | K50: composite_split | L50: The class-level catch spans all four documented shark/ray size and depth groups in Table 6. | M50: 911158.71
A51: LME_028 | B51: 28_646_Guinea_(1998) | C51: Elasmobranchii | D51: Sharks, rays, skates | E51: Large sharks (>=90 cm) | F51: Sharks & rays | G51: Sélaciens L côtiers | H51: 0.090693635 | I51: catch_composition | J51: medium | K51: composite_split | L51: The class-level catch spans all four documented shark/ray size and depth groups in Table 6. | M51: 911158.71
A52: LME_028 | B52: 28_646_Guinea_(1998) | C52: Elasmobranchii | D52: Sharks, rays, skates | E52: Large sharks (>=90 cm) | F52: Sharks & rays | G52: Sélaciens M prof | H52: 0.17180123 | I52: catch_composition | J52: medium | K52: composite_split | L52: The class-level catch spans all four documented shark/ray size and depth groups in Table 6. | M52: 911158.71
A53: LME_028 | B53: 28_646_Guinea_(1998) | C53: Elasmobranchii | D53: Sharks, rays, skates | E53: Large sharks (>=90 cm) | F53: Sharks & rays | G53: Sélaciens M côtiers | H53: 0.0063937807 | I53: catch_composition | J53: medium | K53: composite_split | L53: The class-level catch spans all four documented shark/ray size and depth groups in Table 6. | M53: 911158.71
A54: LME_028 | B54: 28_646_Guinea_(1998) | C54: Polydactylus quadrifilis | D54: Giant African threadfin | E54: Large demersals (>=90 cm) | F54: Perch-likes | G54: Gros capitaine | H54: 1 | I54: single | J54: high | K54: explicit_member | L54: Guénette & Diallo 2004 Table 6 p.131 explicitly lists this taxon in the named group(s); printed and accepted names checked against WoRMS. | M54: 805152.37
A55: LME_028 | B55: 28_646_Guinea_(1998) | C55: Thunnus obesus | D55: Bigeye tuna | E55: Large pelagics (>=90 cm) | F55: Tuna & billfishes | G55: Thons majeurs | H55: 1 | I55: single | J55: high | K55: explicit_member | L55: Guénette & Diallo 2004 Table 6 p.131 explicitly lists this taxon in the named group(s); printed and accepted names checked against WoRMS. | M55: 788871.31
... A111: LME_028 | B111: 28_646_Guinea_(1998) | C111: Pteroscion peli | D111: Boe drum | E111: Medium benthopelagics (30 - 89 cm) | F111: Perch-likes | G111: Côtier S pred | H111: 1 | I111: single | J111: high | K111: explicit_member | L111: Guénette & Diallo 2004 Table 6 p.131 explicitly lists this taxon in the named group(s); printed and accepted names checked against WoRMS. | M111: 422411.1
A112: LME_028 | B112: 28_646_Guinea_(1998) | C112: Sarotherodon galilaeus | D112: Mango tilapia | E112: Large reef assoc. fish (>=90 cm) | F112: Perch-likes | G112: Unresolved | J112: unresolved | K112: none | L112: Freshwater/brackish-water catch has no documented cichlid/cyprinid group in the offshore-Guinea source. Extending the named Mulets pool would require diet and habitat evidence for this taxon. | M112: 405273.31
A113: LME_028 | B113: 28_646_Guinea_(1998) | C113: Pseudotolithus senegalensis | D113: Cassava croaker | E113: Large demersals (>=90 cm) | F113: Perch-likes | G113: Bars | H113: 1 | I113: single | J113: high | K113: explicit_member | L113: Guénette & Diallo 2004 Table 6 p.131 explicitly lists this taxon in the named group(s); printed and accepted names checked against WoRMS. | M113: 403396.24
A114: LME_028 | B114: 28_646_Guinea_(1998) | C114: Parapenaeus longirostris | D114: Deepwater rose shrimp | E114: Shrimps | F114: Crustaceans | G114: Crustacés | H114: 1 | I114: single | J114: high | K114: taxonomic_containment | L114: WoRMS crustacean taxonomy and SAU shrimp/crab/lobster class agree with the source Crustacés definition on p.125. | M114: 400810.41
A115: LME_028 | B115: 28_646_Guinea_(1998) | C115: Caranx hippos | D115: Crevalle jack | E115: Large reef assoc. fish (>=90 cm) | F115: Perch-likes | G115: Côtier pel L pred | H115: 1 | I115: single | J115: high | K115: explicit_member | L115: Guénette & Diallo 2004 Table 6 p.131 explicitly lists this taxon in the named group(s); printed and accepted names checked against WoRMS. | M115: 391862.7
A116: LME_028 | B116: 28_646_Guinea_(1998) | C116: Marine pelagic fishes not identified | D116: Pelagic fishes | E116: Medium pelagics (30 - 89 cm) | F116: Other fishes & inverts | G116: Côtier pel L pred | H116: 0.18925749 | I116: catch_composition | J116: low | K116: composite_split | L116: Pelagic nei is restricted to broad coastal and offshore pelagic pools. Named tuna/ethmalose stocks and bottom/bathyal groups are excluded. | M116: 388990.86
A117: LME_028 | B117: 28_646_Guinea_(1998) | C117: Marine pelagic fishes not identified | D117: Pelagic fishes | E117: Medium pelagics (30 - 89 cm) | F117: Other fishes & inverts | G117: Côtier pel S inv | H117: 0.67317977 | I117: catch_composition | J117: low | K117: composite_split | L117: Pelagic nei is restricted to broad coastal and offshore pelagic pools. Named tuna/ethmalose stocks and bottom/bathyal groups are excluded. | M117: 388990.86
A118: LME_028 | B118: 28_646_Guinea_(1998) | C118: Marine pelagic fishes not identified | D118: Pelagic fishes | E118: Medium pelagics (30 - 89 cm) | F118: Other fishes & inverts | G118: Pel L pred | H118: 0.003204333 | I118: catch_composition | J118: low | K118: composite_split | L118: Pelagic nei is restricted to broad coastal and offshore pelagic pools. Named tuna/ethmalose stocks and bottom/bathyal groups are excluded. | M118: 388990.86
A119: LME_028 | B119: 28_646_Guinea_(1998) | C119: Marine pelagic fishes not identified | D119: Pelagic fishes | E119: Medium pelagics (30 - 89 cm) | F119: Other fishes & inverts | G119: Pel S inv | H119: 0.13435841 | I119: catch_composition | J119: low | K119: composite_split | L119: Pelagic nei is restricted to broad coastal and offshore pelagic pools. Named tuna/ethmalose stocks and bottom/bathyal groups are excluded. | M119: 388990.86
A120: LME_028 | B120: 28_646_Guinea_(1998) | C120: Pentheroscion mbizi | D120: Mbizi croaker | E120: Medium demersals (30 - 89 cm) | F120: Perch-likes | G120: Unresolved | J120: unresolved | K120: none | L120: This taxon is absent from Table 6 and lacks a unique documented guild/depth placement. A family or genus analogue may span several groups; habitat class alone cannot select the feeding guild. | M120: 372671.57
A121: LME_028 | B121: 28_646_Guinea_(1998) | C121: Pentanemus quinquarius | D121: Royal threadfin | E121: Small demersals (<30 cm) | F121: Perch-likes | G121: Capitaine royal | H121: 1 | I121: single | J121: high | K121: explicit_member | L121: Guénette & Diallo 2004 Table 6 p.131 explicitly lists this taxon in the named group(s); printed and accepted names checked against WoRMS. | M121: 371053.83
A122: LME_028 | B122: 28_646_Guinea_(1998) | C122: Caranx | D122: Jacks | E122: Medium reef assoc. fish (30 - 89 cm) | F122: Perch-likes | G122: Côtier pel L pred | H122: 1 | I122: single | J122: medium | K122: taxonomic_containment | L122: Genus-level catch spans exactly the Table 6 groups containing its documented species. No habitat class overrides those placements. | M122: 355589.5
A123: LME_028 | B123: 28_646_Guinea_(1998) | C123: Carlarius heudelotii | D123: Smoothmouth sea catfish | E123: Medium demersals (30 - 89 cm) | F123: Other fishes & inverts | G123: Mâchoiron | H123: 1 | I123: single | J123: high | K123: explicit_member | L123: Guénette & Diallo 2004 Table 6 p.131 explicitly lists this taxon in the named group(s); printed and accepted names checked against WoRMS. | M123: 347179.8
A124: LME_028 | B124: 28_646_Guinea_(1998) | C124: Scomber | D124: Chub mackerels | E124: Medium pelagics (30 - 89 cm) | F124: Perch-likes | G124: Pel S inv | H124: 1 | I124: single | J124: medium | K124: taxonomic_containment | L124: Genus-level catch spans exactly the Table 6 groups containing its documented species. No habitat class overrides those placements. | M124: 346215.47
A125: LME_028 | B125: 28_646_Guinea_(1998) | C125: Pagellus bellottii | D125: Red pandora | E125: Medium demersals (30 - 89 cm) | F125: Perch-likes | G125: Dem M inv | H125: 1 | I125: single | J125: high | K125: explicit_member | L125: Guénette & Diallo 2004 Table 6 p.131 explicitly lists this taxon in the named group(s); printed and accepted names checked against WoRMS. | M125: 335354.53
A126: LME_028 | B126: 28_646_Guinea_(1998) | C126: Pagrus | D126: Subtropical seabreams | E126: Medium benthopelagics (30 - 89 cm) | F126: Perch-likes | G126: Dem L pred | H126: 1 | I126: single | J126: medium | K126: taxonomic_containment | L126: Genus-level catch spans exactly the Table 6 groups containing its documented species. No habitat class overrides those placements. | M126: 329079.85
A127: LME_028 | B127: 28_646_Guinea_(1998) | C127: Pomadasys jubelini | D127: Sompat grunt | E127: Medium demersals (30 - 89 cm) | F127: Perch-likes | G127: Côtier M inv | H127: 1 | I127: single | J127: high | K127: explicit_member | L127: Guénette & Diallo 2004 Table 6 p.131 explicitly lists this taxon in the named group(s); printed and accepted names checked against WoRMS. | M127: 321432.03
A128: LME_028 | B128: 28_646_Guinea_(1998) | C128: Auxis thazard | D128: Frigate tuna | E128: Medium pelagics (30 - 89 cm) | F128: Tuna & billfishes | G128: Thons mineurs | H128: 1 | I128: single | J128: high | K128: explicit_member | L128: Guénette & Diallo 2004 Table 6 p.131 explicitly lists this taxon in the named group(s); printed and accepted names checked against WoRMS. | M128: 316019.44
A129: LME_028 | B129: 28_646_Guinea_(1998) | C129: Elops lacerta | D129: West African ladyfish | E129: Medium benthopelagics (30 - 89 cm) | F129: Other fishes & inverts | G129: Côtier pel L pred | H129: 1 | I129: single | J129: high | K129: explicit_member | L129: Guénette & Diallo 2004 Table 6 p.131 explicitly lists this taxon in the named group(s); printed and accepted names checked against WoRMS. | M129: 305343.55
A130: LME_028 | B130: 28_646_Guinea_(1998) | C130: Pseudotolithus typus | D130: Longneck croaker | E130: Large demersals (>=90 cm) | F130: Perch-likes | G130: Bars | H130: 1 | I130: single | J130: high | K130: explicit_member | L130: Guénette & Diallo 2004 Table 6 p.131 explicitly lists this taxon in the named group(s); printed and accepted names checked against WoRMS. | M130: 303874.13
A131: LME_028 | B131: 28_646_Guinea_(1998) | C131: Octopus vulgaris | D131: Common octopus | E131: Cephalopods | F131: Other fishes & inverts | G131: Céphalopodes | H131: 1 | I131: single | J131: high | K131: taxonomic_containment | L131: Source p.125 explicitly includes all cephalopods, including octopus, cuttlefish and squid. | M131: 299194.62
A132: LME_028 | B132: 28_646_Guinea_(1998) | C132: Lutjanus | D132: Snappers | E132: Medium reef assoc. fish (30 - 89 cm) | F132: Perch-likes | G132: Côtier L pred | H132: 1 | I132: single | J132: medium | K132: taxonomic_containment | L132: Genus-level catch spans exactly the Table 6 groups containing its documented species. No habitat class overrides those placements. | M132: 281553.85
... A207: LME_028 | B207: 28_646_Guinea_(1998) | C207: Octopus | D207: Octopuses, pikas | E207: Cephalopods | F207: Other fishes & inverts | G207: Céphalopodes | H207: 1 | I207: single | J207: high | K207: taxonomic_containment | L207: Source p.125 explicitly includes all cephalopods, including octopus, cuttlefish and squid. | M207: 61885.691
A208: LME_028 | B208: 28_646_Guinea_(1998) | C208: Gobiidae | D208: Gobies | E208: Small reef assoc. fish (<30 cm) | F208: Perch-likes | G208: Unresolved | J208: unresolved | K208: none | L208: This taxon is absent from Table 6 and lacks a unique documented guild/depth placement. A family or genus analogue may span several groups; habitat class alone cannot select the feeding guild. | M208: 61736.349
A209: LME_028 | B209: 28_646_Guinea_(1998) | C209: Carcharhinus | D209: Sharp-nosed sharks | E209: Large sharks (>=90 cm) | F209: Sharks & rays | G209: Sélaciens L côtiers | H209: 0.11035907 | I209: catch_composition | J209: medium | K209: composite_split | L209: Genus-level catch spans exactly the Table 6 groups containing its documented species. No habitat class overrides those placements. | M209: 60306.677
A210: LME_028 | B210: 28_646_Guinea_(1998) | C210: Carcharhinus | D210: Sharp-nosed sharks | E210: Large sharks (>=90 cm) | F210: Sharks & rays | G210: Sélaciens L prof | H210: 0.88964093 | I210: catch_composition | J210: medium | K210: composite_split | L210: Genus-level catch spans exactly the Table 6 groups containing its documented species. No habitat class overrides those placements. | M210: 60306.677
A211: LME_028 | B211: 28_646_Guinea_(1998) | C211: Trachinotus ovatus | D211: Pompano | E211: Medium pelagics (30 - 89 cm) | F211: Perch-likes | G211: Côtier pel L pred | H211: 1 | I211: single | J211: medium | K211: analogue | L211: Species not individually listed: its genus has one documented Table 6 group, supported by the catch's Medium pelagics (30 - 89 cm) class. Congeneric extension is inference. | M211: 59742.099
A212: LME_028 | B212: 28_646_Guinea_(1998) | C212: Pseudotolithus senegallus | D212: Law croaker | E212: Large demersals (>=90 cm) | F212: Perch-likes | G212: Bars | H212: 1 | I212: single | J212: high | K212: explicit_member | L212: Guénette & Diallo 2004 Table 6 p.131 explicitly lists this taxon in the named group(s); printed and accepted names checked against WoRMS. | M212: 59598.185
A213: LME_028 | B213: 28_646_Guinea_(1998) | C213: Mugil cephalus | D213: Flathead grey mullet | E213: Large benthopelagics (>=90 cm) | F213: Perch-likes | G213: Unresolved | J213: unresolved | K213: none | L213: This taxon is absent from Table 6 and lacks a unique documented guild/depth placement. A family or genus analogue may span several groups; habitat class alone cannot select the feeding guild. | M213: 58977.867
A214: LME_028 | B214: 28_646_Guinea_(1998) | C214: Ocypode cursor | D214: Tufted ghost crab | E214: Lobsters, crabs | F214: Crustaceans | G214: Crustacés | H214: 1 | I214: single | J214: high | K214: taxonomic_containment | L214: WoRMS crustacean taxonomy and SAU shrimp/crab/lobster class agree with the source Crustacés definition on p.125. | M214: 58921.226
A215: LME_028 | B215: 28_646_Guinea_(1998) | C215: Callinectes marginatus | D215: Marbled swimcrab | E215: Lobsters, crabs | F215: Crustaceans | G215: Crustacés | H215: 1 | I215: single | J215: high | K215: taxonomic_containment | L215: WoRMS crustacean taxonomy and SAU shrimp/crab/lobster class agree with the source Crustacés definition on p.125. | M215: 58904.172
A216: LME_028 | B216: 28_646_Guinea_(1998) | C216: Mytilidae | D216: Sea mussels | E216: Other demersal invertebrates | F216: Molluscs | G216: Benthos | H216: 1 | I216: single | J216: high | K216: taxonomic_containment | L216: Non-cephalopod benthic molluscs and echinoderms are explicitly included in Benthos on p.126. | M216: 58894.684
A217: LME_028 | B217: 28_646_Guinea_(1998) | C217: Seriola dumerili | D217: Greater amberjack | E217: Large reef assoc. fish (>=90 cm) | F217: Perch-likes | G217: Côtier pel L pred | H217: 1 | I217: single | J217: high | K217: explicit_member | L217: Guénette & Diallo 2004 Table 6 p.131 explicitly lists this taxon in the named group(s); printed and accepted names checked against WoRMS. | M217: 58852.398
A218: LME_028 | B218: 28_646_Guinea_(1998) | C218: Merluccius polli | D218: Benguela hake | E218: Medium bathydemersals (30 - 89 cm) | F218: Cod-likes | G218: Dem L pred | H218: 1 | I218: single | J218: high | K218: explicit_member | L218: Guénette & Diallo 2004 Table 6 p.131 explicitly lists this taxon in the named group(s); printed and accepted names checked against WoRMS. | M218: 57248.29
A219: LME_028 | B219: 28_646_Guinea_(1998) | C219: Cymbium | D219: Volutes | E219: Other demersal invertebrates | F219: Molluscs | G219: Benthos | H219: 1 | I219: single | J219: high | K219: taxonomic_containment | L219: Non-cephalopod benthic molluscs and echinoderms are explicitly included in Benthos on p.126. | M219: 55863.668
A220: LME_028 | B220: 28_646_Guinea_(1998) | C220: Mugil | D220: Grey mullets | E220: Medium demersals (30 - 89 cm) | F220: Perch-likes | G220: Dem M inv | H220: 0.92671063 | I220: catch_composition | J220: medium | K220: composite_split | L220: Genus-level catch spans exactly the Table 6 groups containing its documented species. No habitat class overrides those placements. | M220: 55086.687
A221: LME_028 | B221: 28_646_Guinea_(1998) | C221: Mugil | D221: Grey mullets | E221: Medium demersals (30 - 89 cm) | F221: Perch-likes | G221: Mulets | H221: 0.073289367 | I221: catch_composition | J221: medium | K221: composite_split | L221: Genus-level catch spans exactly the Table 6 groups containing its documented species. No habitat class overrides those placements. | M221: 55086.687
A222: LME_028 | B222: 28_646_Guinea_(1998) | C222: Epinephelus aeneus | D222: White grouper | E222: Large demersals (>=90 cm) | F222: Perch-likes | G222: Dem L pred | H222: 1 | I222: single | J222: high | K222: explicit_member | L222: Guénette & Diallo 2004 Table 6 p.131 explicitly lists this taxon in the named group(s); printed and accepted names checked against WoRMS. | M222: 51901.999
A223: LME_028 | B223: 28_646_Guinea_(1998) | C223: Pomadasys incisus | D223: Bastard grunt | E223: Medium demersals (30 - 89 cm) | F223: Perch-likes | G223: Côtier M inv | H223: 1 | I223: single | J223: high | K223: explicit_member | L223: Guénette & Diallo 2004 Table 6 p.131 explicitly lists this taxon in the named group(s); printed and accepted names checked against WoRMS. | M223: 51741.948
A224: LME_028 | B224: 28_646_Guinea_(1998) | C224: Aristaeopsis edwardsiana | D224: Scarlet shrimp | E224: Shrimps | F224: Crustaceans | G224: Crustacés | H224: 1 | I224: single | J224: high | K224: taxonomic_containment | L224: WoRMS crustacean taxonomy and SAU shrimp/crab/lobster class agree with the source Crustacés definition on p.125. | M224: 49302.079
A225: LME_028 | B225: 28_646_Guinea_(1998) | C225: Plectorhinchus mediterraneus | D225: Rubberlip grunt | E225: Medium demersals (30 - 89 cm) | F225: Perch-likes | G225: Dem M inv | H225: 1 | I225: single | J225: high | K225: explicit_member | L225: Guénette & Diallo 2004 Table 6 p.131 explicitly lists this taxon in the named group(s); printed and accepted names checked against WoRMS. | M225: 49082.835
A226: LME_028 | B226: 28_646_Guinea_(1998) | C226: Istiophoridae | D226: Billfishes | E226: Large pelagics (>=90 cm) | F226: Tuna & billfishes | G226: Thons majeurs | H226: 1 | I226: single | J226: medium | K226: taxonomic_containment | L226: Family catch spans the union of all Table 6 member groups belonging to Istiophoridae under WoRMS. Every candidate is supported by a source member; source placement outranks SAU habitat class. | M226: 47329.851
A227: LME_028 | B227: 28_646_Guinea_(1998) | C227: Brotula barbata | D227: Bearded brotula | E227: Medium benthopelagics (30 - 89 cm) | F227: Other fishes & inverts | G227: Unresolved | J227: unresolved | K227: none | L227: This taxon is absent from Table 6 and lacks a unique documented guild/depth placement. A family or genus analogue may span several groups; habitat class alone cannot select the feeding guild. | M227: 45754.683
A228: LME_028 | B228: 28_646_Guinea_(1998) | C228: Dentex angolensis | D228: Angolan dentex | E228: Small demersals (<30 cm) | F228: Perch-likes | G228: Unresolved | J228: unresolved | K228: none | L228: This taxon is absent from Table 6 and lacks a unique documented guild/depth placement. A family or genus analogue may span several groups; habitat class alone cannot select the feeding guild. | M228: 39612.801
A229: LME_028 | B229: 28_646_Guinea_(1998) | C229: Sphyraena afra | D229: Guinean barracuda | E229: Large pelagics (>=90 cm) | F229: Perch-likes | G229: Côtier pel L pred | H229: 1 | I229: single | J229: high | K229: explicit_member | L229: Guénette & Diallo 2004 Table 6 p.131 explicitly lists this taxon in the named group(s); printed and accepted names checked against WoRMS. | M229: 39527.703
A230: LME_028 | B230: 28_646_Guinea_(1998) | C230: Coryphaena hippurus | D230: Common dolphinfish | E230: Large pelagics (>=90 cm) | F230: Perch-likes | G230: Pel L pred | H230: 1 | I230: single | J230: high | K230: explicit_member | L230: Guénette & Diallo 2004 Table 6 p.131 explicitly lists this taxon in the named group(s); printed and accepted names checked against WoRMS. | M230: 39259.019
A231: LME_028 | B231: 28_646_Guinea_(1998) | C231: Centrophorus | D231: Gulper shark dogfishes | E231: Large sharks (>=90 cm) | F231: Sharks & rays | G231: Unresolved | J231: unresolved | K231: none | L231: The source separates selacians by size and coastal/deep occurrence; this taxon is absent from Table 6 and catch size class cannot establish that model-specific depth/guild placement. Table 7 analogues alone are insufficient membership evidence. | M231: 37800.275
A232: LME_028 | B232: 28_646_Guinea_(1998) | C232: Scorpaenidae | D232: Scorpionfishes, rockfishes | E232: Large reef assoc. fish (>=90 cm) | F232: Scorpionfishes | G232: Côtier S pred | H232: 1 | I232: single | J232: high | K232: explicit_member | L232: Guénette & Diallo 2004 Table 6 p.131 explicitly lists this taxon in the named group(s); printed and accepted names checked against WoRMS. | M232: 37644.847
A233: LME_028 | B233: 28_646_Guinea_(1998) | C233: Isurus oxyrinchus | D233: Shortfin mako | E233: Large sharks (>=90 cm) | F233: Sharks & rays | G233: Sélaciens L prof | H233: 1 | I233: single | J233: high | K233: explicit_member | L233: Guénette & Diallo 2004 Table 6 p.131 explicitly lists this taxon in the named group(s); printed and accepted names checked against WoRMS. | M233: 37387.723
A234: LME_028 | B234: 28_646_Guinea_(1998) | C234: Lutjanus endecacanthus | D234: Guinea snapper | E234: Medium reef assoc. fish (30 - 89 cm) | F234: Perch-likes | G234: Côtier L pred | H234: 1 | I234: single | J234: high | K234: explicit_member | L234: Guénette & Diallo 2004 Table 6 p.131 explicitly lists this taxon in the named group(s); printed and accepted names checked against WoRMS. | M234: 36935.128
A235: LME_028 | B235: 28_646_Guinea_(1998) | C235: Scorpaeniformes | D235: Scorpionfishes, flatheads | E235: Medium demersals (30 - 89 cm) | F235: Scorpionfishes | G235: Unresolved | J235: unresolved | K235: none | L235: This taxon is absent from Table 6 and lacks a unique documented guild/depth placement. A family or genus analogue may span several groups; habitat class alone cannot select the feeding guild. | M235: 32825.769
A236: LME_028 | B236: 28_646_Guinea_(1998) | C236: Mullidae | D236: Goatfishes | E236: Medium reef assoc. fish (30 - 89 cm) | F236: Perch-likes | G236: Dem M inv | H236: 1 | I236: single | J236: medium | K236: taxonomic_containment | L236: Family catch spans the union of all Table 6 member groups belonging to Mullidae under WoRMS. Every candidate is supported by a source member; source placement outranks SAU habitat class. | M236: 32334.591
A237: LME_028 | B237: 28_646_Guinea_(1998) | C237: Carcharhinidae | D237: Requiem sharks | E237: Large sharks (>=90 cm) | F237: Sharks & rays | G237: Sélaciens L côtiers | H237: 0.11035907 | I237: catch_composition | J237: medium | K237: composite_split | L237: Family catch spans the union of all Table 6 member groups belonging to Carcharhinidae under WoRMS. Every candidate is supported by a source member; source placement outranks SAU habitat class. | M237: 32100.807
A238: LME_028 | B238: 28_646_Guinea_(1998) | C238: Carcharhinidae | D238: Requiem sharks | E238: Large sharks (>=90 cm) | F238: Sharks & rays | G238: Sélaciens L prof | H238: 0.88964093 | I238: catch_composition | J238: medium | K238: composite_split | L238: Family catch spans the union of all Table 6 member groups belonging to Carcharhinidae under WoRMS. Every candidate is supported by a source member; source placement outranks SAU habitat class. | M238: 32100.807
A239: LME_028 | B239: 28_646_Guinea_(1998) | C239: Guentherus altivela | D239: Jellynose | E239: Large bathydemersals (>=90 cm) | F239: Other fishes & inverts | G239: Unresolved | J239: unresolved | K239: none | L239: This taxon is absent from Table 6 and lacks a unique documented guild/depth placement. A family or genus analogue may span several groups; habitat class alone cannot select the feeding guild. | M239: 31760.118
A240: LME_028 | B240: 28_646_Guinea_(1998) | C240: Lobotes surinamensis | D240: Tripletail | E240: Large benthopelagics (>=90 cm) | F240: Perch-likes | G240: Côtier L pred | H240: 1 | I240: single | J240: high | K240: explicit_member | L240: Guénette & Diallo 2004 Table 6 p.131 explicitly lists this taxon in the named group(s); printed and accepted names checked against WoRMS. | M240: 31453.521
A241: LME_028 | B241: 28_646_Guinea_(1998) | C241: Lethrinus atlanticus | D241: Atlantic emperor | E241: Medium reef assoc. fish (30 - 89 cm) | F241: Perch-likes | G241: Côtier M inv | H241: 1 | I241: single | J241: high | K241: explicit_member | L241: Guénette & Diallo 2004 Table 6 p.131 explicitly lists this taxon in the named group(s); printed and accepted names checked against WoRMS. | M241: 31149.141
A242: LME_028 | B242: 28_646_Guinea_(1998) | C242: Sphyrna | D242: Hammerhead sharks | E242: Large sharks (>=90 cm) | F242: Sharks & rays | G242: Sélaciens L prof | H242: 1 | I242: single | J242: medium | K242: taxonomic_containment | L242: Genus-level catch spans exactly the Table 6 groups containing its documented species. No habitat class overrides those placements. | M242: 30105.966
A243: LME_028 | B243: 28_646_Guinea_(1998) | C243: Rhinobatos | D243: Guitarfishes | E243: Large rays (>=90 cm) | F243: Sharks & rays | G243: Sélaciens L côtiers | H243: 0.93414408 | I243: catch_composition | J243: medium | K243: composite_split | L243: Genus-level catch spans exactly the Table 6 groups containing its documented species. No habitat class overrides those placements. | M243: 29710.026
A244: LME_028 | B244: 28_646_Guinea_(1998) | C244: Rhinobatos | D244: Guitarfishes | E244: Large rays (>=90 cm) | F244: Sharks & rays | G244: Sélaciens M côtiers | H244: 0.065855916 | I244: catch_composition | J244: medium | K244: composite_split | L244: Genus-level catch spans exactly the Table 6 groups containing its documented species. No habitat class overrides those placements. | M244: 29710.026
A245: LME_028 | B245: 28_646_Guinea_(1998) | C245: Lithognathus mormyrus | D245: Sand steenbras | E245: Medium benthopelagics (30 - 89 cm) | F245: Perch-likes | G245: Unresolved | J245: unresolved | K245: none | L245: This taxon is absent from Table 6 and lacks a unique documented guild/depth placement. A family or genus analogue may span several groups; habitat class alone cannot select the feeding guild. | M245: 29680.528
A246: LME_028 | B246: 28_646_Guinea_(1998) | C246: Palinuridae | D246: Spiny lobsters | E246: Lobsters, crabs | F246: Crustaceans | G246: Crustacés | H246: 1 | I246: single | J246: high | K246: taxonomic_containment | L246: WoRMS crustacean taxonomy and SAU shrimp/crab/lobster class agree with the source Crustacés definition on p.125. | M246: 29150.583
A247: LME_028 | B247: 28_646_Guinea_(1998) | C247: Raja | D247: Stingrays, skates | E247: Small to medium rays (<90 cm) | F247: Sharks & rays | G247: Sélaciens L prof | H247: 0.80972551 | I247: catch_composition | J247: medium | K247: composite_split | L247: Genus-level catch spans exactly the Table 6 groups containing its documented species. No habitat class overrides those placements. | M247: 27930.81
A248: LME_028 | B248: 28_646_Guinea_(1998) | C248: Raja | D248: Stingrays, skates | E248: Small to medium rays (<90 cm) | F248: Sharks & rays | G248: Sélaciens M prof | H248: 0.19027449 | I248: catch_composition | J248: medium | K248: composite_split | L248: Genus-level catch spans exactly the Table 6 groups containing its documented species. No habitat class overrides those placements. | M248: 27930.81
A249: LME_028 | B249: 28_646_Guinea_(1998) | C249: Pomatomus saltatrix | D249: Bluefish | E249: Large pelagics (>=90 cm) | F249: Perch-likes | G249: Côtier pel L pred | H249: 1 | I249: single | J249: high | K249: explicit_member | L249: Guénette & Diallo 2004 Table 6 p.131 explicitly lists this taxon in the named group(s); printed and accepted names checked against WoRMS. | M249: 27567.242
A250: LME_028 | B250: 28_646_Guinea_(1998) | C250: Parapenaeopsis atlantica | D250: Guinea shrimp | E250: Shrimps | F250: Crustaceans | G250: Crustacés | H250: 1 | I250: single | J250: high | K250: taxonomic_containment | L250: WoRMS crustacean taxonomy and SAU shrimp/crab/lobster class agree with the source Crustacés definition on p.125. | M250: 24645.831
A251: LME_028 | B251: 28_646_Guinea_(1998) | C251: Hemiramphus brasiliensis | D251: Ballyhoo halfbeak | E251: Medium pelagics (30 - 89 cm) | F251: Other fishes & inverts | G251: Côtier pel S inv | H251: 1 | I251: single | J251: high | K251: explicit_member | L251: Guénette & Diallo 2004 Table 6 p.131 explicitly lists this taxon in the named group(s); printed and accepted names checked against WoRMS. | M251: 24638.482
A252: LME_028 | B252: 28_646_Guinea_(1998) | C252: Kajikia albida | D252: Atlantic white marlin | E252: Large pelagics (>=90 cm) | F252: Tuna & billfishes | G252: Thons majeurs | H252: 1 | I252: single | J252: high | K252: explicit_member | L252: Guénette & Diallo 2004 Table 6 p.131 explicitly lists this taxon in the named group(s); printed and accepted names checked against WoRMS. | M252: 24175.695
A253: LME_028 | B253: 28_646_Guinea_(1998) | C253: Trichiurus | D253: Hairtails | E253: Large benthopelagics (>=90 cm) | F253: Perch-likes | G253: Côtier L pred | H253: 1 | I253: single | J253: medium | K253: taxonomic_containment | L253: Genus-level catch spans exactly the Table 6 groups containing its documented species. No habitat class overrides those placements. | M253: 23850.236
A254: LME_028 | B254: 28_646_Guinea_(1998) | C254: Brama brama | D254: Atlantic pomfret | E254: Medium bathypelagics (30 - 89 cm) | F254: Perch-likes | G254: Unresolved | J254: unresolved | K254: none | L254: This taxon is absent from Table 6 and lacks a unique documented guild/depth placement. A family or genus analogue may span several groups; habitat class alone cannot select the feeding guild. | M254: 23313.008
...

Sheet SPPR
A1: Specific PPR per taxon — LME_028, model 28_646_Guinea_(1998)
A2: sppr_simple is the trophic-chain estimate (1/TE)^(TL-1) at TE=0.1, applied to the taxon's own trophic level and needing no model.
A3: All basal sources, including imports. Blank means unavailable, not zero. sppr_simple is an unpartitioned reference.
A4: taxon | B4: trophic_level | C4: sppr_simple | D4: Ecopath group | E4: SPPR_1986 | F4: SPPR_1995_TE0.1 | G4: SPPR_1995_TEmean | H4: Ulanowicz_globalTEmean | I4: Ulanowicz_TE | J4: EwE_TE_noEE | K4: EwE_TE_EE | L4: SPPR_2015 | M4: new_TE_noEEfix | N4: new_TE_EEfix | O4: new_GE | P4: new_WithEgestion | Q4: sym_TE_asPP | R4: sym_TE_asDC | S4: sym_GE_asPP | T4: sym_GE_asDC | U4: sym_WithEgestion_asPP | V4: sym_WithEgestion_asDC | W4: MC_new_GE | X4: MC_new_TE_EEfix | Y4: SPPR_1995_TEmean_catch | Z4: Ulanowicz_globalTEmean_catch
A5: Marine fishes not identified | B5: 3.28 | C5: 190.54607 | D5: Côtier L pred | Côtier M pred | Côtier M inv | Côtier S pred | Côtier S inv | Dem L pred | Dem L inv | Dem M pred | Dem M inv | Dem S pred | Dem S inv | E5: 163.76577 | F5: 357.27432 | G5: 340.93336 | H5: 2733.0289 | I5: 1872.0884 | J5: 2944.6808 | K5: 2569.8387 | L5: 5569.7199 | M5: 5569.7199 | N5: 5569.7199 | O5: 2133.113 | P5: 753.31459 | Q5: 5569.7199 | R5: -19300.865 | S5: 2133.113 | T5: 2134.8825 | U5: 753.31459 | V5: -115006.95 | W5: 2350.8878 | X5: 6003.2923 | Y5: 209.62671 | Z5: 1161.3812
A6: Ethmalosa fimbriata | B6: 2.5 | C6: 31.622777 | D6: Ethmalose | E6: 163.76577 | F6: 32.757151 | G6: 31.91145 | H6: 65.818434 | I6: 85.31189 | J6: 85.31189 | K6: 81.046295 | L6: 91.491097 | M6: 91.491097 | N6: 91.491097 | O6: 73.367465 | P6: 43.161455 | Q6: 91.491097 | R6: 91.491097 | S6: 73.367465 | T6: 73.377987 | U6: 43.161455 | V6: -338.70528 | W6: 77.445951 | X6: 95.672556 | Y6: 24.291412 | Z6: 44.953839
A7: Sardinella | B7: 2.77 | C7: 58.884366 | D7: Côtier pel S inv | E7: 163.76577 | F7: 63.371783 | G7: 61.431046 | H7: 318.70905 | I7: 117.87126 | J7: 118.15177 | K7: 106.83023 | L7: 182.67852 | M7: 182.67852 | N7: 182.67852 | O7: 118.78705 | P7: 55.817264 | Q7: 182.67852 | R7: 182.67857 | S7: 118.78705 | T7: 118.80517 | U7: 55.817264 | V7: -489.07736 | W7: 128.84765 | X7: 189.69072 | Y7: 44.410268 | Z7: 180.28213
A8: Engraulis encrasicolus | B8: 3.11 | C8: 128.82495 | D8: Côtier pel S inv | E8: 163.76577 | F8: 63.371783 | G8: 61.431046 | H8: 318.70905 | I8: 117.87126 | J8: 118.15177 | K8: 106.83023 | L8: 182.67852 | M8: 182.67852 | N8: 182.67852 | O8: 118.78705 | P8: 55.817264 | Q8: 182.67852 | R8: 182.67857 | S8: 118.78705 | T8: 118.80517 | U8: 55.817264 | V8: -489.07736 | W8: 128.84765 | X8: 189.69072 | Y8: 44.410268 | Z8: 180.28213
A9: Pseudotolithus | B9: 3.79 | C9: 616.595 | D9: Bars | E9: 163.76577 | F9: 765.12621 | G9: 727.97256 | H9: 3298.268 | I9: 1392.3666 | J9: 1698.4222 | K9: 1593.2962 | L9: 2935.678 | M9: 2935.678 | N9: 2935.678 | O9: 1750.5603 | P9: 663.60855 | Q9: 2935.678 | R9: -12167.664 | S9: 1750.5603 | T9: 1751.3114 | U9: 663.60855 | V9: -129143.72 | W9: 1958.6858 | X9: 3084.9171 | Y9: 433.12482 | Z9: 1494.315
A10: Sardinella aurita | B10: 3.4 | C10: 251.18864 | D10: Côtier pel S inv | E10: 163.76577 | F10: 63.371783 | G10: 61.431046 | H10: 318.70905 | I10: 117.87126 | J10: 118.15177 | K10: 106.83023 | L10: 182.67852 | M10: 182.67852 | N10: 182.67852 | O10: 118.78705 | P10: 55.817264 | Q10: 182.67852 | R10: 182.67857 | S10: 118.78705 | T10: 118.80517 | U10: 55.817264 | V10: -489.07736 | W10: 128.84765 | X10: 189.69072 | Y10: 44.410268 | Z10: 180.28213
A11: Cephalopoda | B11: 3.81 | C11: 645.65423 | D11: Céphalopodes | E11: 163.76577 | F11: 822.92693 | G11: 782.5392 | H11: 2911.8736 | I11: 776.13375 | J11: 776.13375 | K11: 737.32706 | L11: 1169.0624 | M11: 1169.0624 | N11: 1169.0624 | O11: 633.53273 | P11: 262.848 | Q11: 1169.0624 | R11: 1169.1261 | S11: 633.53273 | T11: 633.69043 | U11: 262.848 | V11: -2693.9774 | W11: 696.07488 | X11: 1245.601 | Y11: 462.94661 | Z11: 1388.4758
A12: Brachydeuterus auritus | B12: 3.03 | C12: 107.15193 | D12: Côtier S inv | E12: 163.76577 | F12: 79.510256 | G12: 76.944312 | H12: 373.18042 | I12: 228.22673 | J12: 228.83034 | K12: 223.01936 | L12: 302.46033 | M12: 302.46033 | N12: 302.46033 | O12: 244.22608 | P12: 127.65942 | Q12: 302.46033 | R12: 303.40073 | S12: 244.22608 | T12: 245.02594 | U12: 127.65942 | V12: -1352.0642 | W12: 266.01382 | X12: 316.47961 | Y12: 54.647132 | Z12: 203.05019
A13: Trachurus | B13: 3.69 | C13: 489.77882 | D13: Pel S inv | E13: 163.76577 | F13: 157.97086 | G13: 152.0881 | H13: 577.27166 | I13: 239.81024 | J13: 250.6317 | K13: 247.59703 | L13: 317.63086 | M13: 317.63086 | N13: 317.63086 | O13: 109.89232 | P13: 46.754763 | Q13: 317.63086 | R13: 317.63245 | S13: 109.89232 | T13: 109.90468 | U13: 46.754763 | V13: -281.1473 | W13: 116.06651 | X13: 339.62288 | Y13: 102.36962 | Z13: 312.79001
A14: Sardinella maderensis | B14: 3.2 | C14: 158.48932 | D14: Côtier pel S inv | E14: 163.76577 | F14: 63.371783 | G14: 61.431046 | H14: 318.70905 | I14: 117.87126 | J14: 118.15177 | K14: 106.83023 | L14: 182.67852 | M14: 182.67852 | N14: 182.67852 | O14: 118.78705 | P14: 55.817264 | Q14: 182.67852 | R14: 182.67857 | S14: 118.78705 | T14: 118.80517 | U14: 55.817264 | V14: -489.07736 | W14: 128.84765 | X14: 189.69072 | Y14: 44.410268 | Z14: 180.28213
A15: Katsuwonus pelamis | B15: 4.43 | C15: 2691.5348 | D15: Thons majeurs | E15: 163.76577 | F15: 2736.4228 | G15: 2578.7911 | H15: 17894.358 | I15: 8524.6617 | J15: 8877.0948 | K15: 4438.5474 | L15: 13559.459 | M15: 13559.459 | N15: 13559.459 | O15: 3620.8764 | P15: 1183.5978 | Q15: 13559.459 | R15: -35797.7 | S15: 3620.8764 | T15: 3622.2343 | U15: 1183.5978 | V15: -69439.827 | W15: 4014.2071 | X15: 14860.336 | Y15: 1388.7868 | Z15: 6982.2622
A16: Thunnus albacares | B16: 4.41 | C16: 2570.3958 | D16: Thons majeurs | E16: 163.76577 | F16: 2736.4228 | G16: 2578.7911 | H16: 17894.358 | I16: 8524.6617 | J16: 8877.0948 | K16: 4438.5474 | L16: 13559.459 | M16: 13559.459 | N16: 13559.459 | O16: 3620.8764 | P16: 1183.5978 | Q16: 13559.459 | R16: -35797.7 | S16: 3620.8764 | T16: 3622.2343 | U16: 1183.5978 | V16: -69439.827 | W16: 4014.2071 | X16: 14860.336 | Y16: 1388.7868 | Z16: 6982.2622
... A24: Chloroscombrus chrysurus | B24: 3.54 | C24: 346.73685 | D24: Côtier pel L pred | E24: 163.76577 | F24: 1052.5579 | G24: 999.05539 | H24: 11777.424 | I24: 6532.7765 | J24: 7781.6303 | K24: 7457.9507 | L24: 14096.896 | M24: 14096.896 | N24: 14096.896 | O24: 6109.5785 | P24: 1921.9564 | Q24: 14096.896 | R24: -57719.913 | S24: 6109.5785 | T24: 6113.693 | U24: 1921.9564 | V24: -289813.59 | W24: 6783.1589 | X24: 15274.307 | Y24: 579.77062 | Z24: 4535.5492
A25: Sarotherodon melanotheron | B25: 2.23 | C25: 16.982437 | D25: Unresolved
A26: Sepia | B26: 3.69 | C26: 489.77882 | D26: Céphalopodes | E26: 163.76577 | F26: 822.92693 | G26: 782.5392 | H26: 2911.8736 | I26: 776.13375 | J26: 776.13375 | K26: 737.32706 | L26: 1169.0624 | M26: 1169.0624 | N26: 1169.0624 | O26: 633.53273 | P26: 262.848 | Q26: 1169.0624 | R26: 1169.1261 | S26: 633.53273 | T26: 633.69043 | U26: 262.848 | V26: -2693.9774 | W26: 696.07488 | X26: 1245.601 | Y26: 462.94661 | Z26: 1388.4758
A27: Clupeidae | B27: 3.16 | C27: 144.54398 | D27: Côtier pel S inv | Ethmalose | E27: 163.76577 | F27: 51.162121 | G27: 49.658104 | H27: 217.85175 | I27: 104.886 | J27: 105.05464 | K27: 96.547134 | L27: 146.31135 | M27: 146.31135 | N27: 146.31135 | O27: 100.67291 | P27: 50.769901 | Q27: 146.31135 | R27: 146.31138 | S27: 100.67291 | T27: 100.688 | U27: 50.769901 | V27: -429.10629 | W27: 108.34773 | X27: 152.19459 | Y27: 36.386509 | Z27: 126.31079
A28: Scombridae | B28: 4.26 | C28: 1819.7009 | D28: Thons majeurs | Thons mineurs | Pel S inv | E28: 163.76577 | F28: 1573.7995 | G28: 1485.3816 | H28: 10141.899 | I28: 4590.5367 | J28: 4766.4054 | K28: 2464.48 | L28: 7208.8607 | M28: 7208.8607 | N28: 7208.8607 | O28: 1977.2569 | P28: 659.01846 | Q28: 7208.8607 | R28: -16135.456 | S28: 1977.2569 | T28: 1978.0136 | U28: 659.01846 | V28: -33765.373 | W28: 2187.8562 | X28: 7875.2841 | Y28: 813.5835 | Z28: 4029.8871
A29: Elasmobranchii | B29: 4.05 | C29: 1122.0185 | D29: Sélaciens L prof | Sélaciens L côtiers | Sélaciens M prof | Sélaciens M côtiers | E29: 163.76577 | F29: 2769.4595 | G29: 2609.2348 | H29: 29837.846 | I29: 101657.72 | J29: 104398.13 | K29: 54134.586 | L29: 481965.93 | M29: 481965.93 | N29: 481965.93 | O29: 42015.217 | P29: 10784.021 | Q29: 481965.93 | R29: -1054779 | S29: 42015.217 | T29: 42036.176 | U29: 10784.021 | V29: -804951.62 | W29: 47810.819 | X29: 582150.57 | Y29: 1401.4805 | Z29: 10590.21
A30: Polydactylus quadrifilis | B30: 4.01 | C30: 1023.293 | D30: Gros capitaine | E30: 163.76577 | F30: 1068.4537 | G30: 1014.0292 | H30: 8964.8175 | I30: 3381.1375 | J30: 3383.3127 | K30: 3347.1221 | L30: 4619.757 | M30: 4619.757 | N30: 4619.757 | O30: 3278.3664 | P30: 1130.3298 | Q30: 4619.757 | R30: -489404.94 | S30: 3278.3664 | T30: 3280.8043 | U30: 1130.3298 | V30: -1276978.3 | W30: 3567.7246 | X30: 4954.2336 | Y30: 587.77086 | Z30: 3503.6101
A31: Thunnus obesus | B31: 4.49 | C31: 3090.2954 | D31: Thons majeurs | E31: 163.76577 | F31: 2736.4228 | G31: 2578.7911 | H31: 17894.358 | I31: 8524.6617 | J31: 8877.0948 | K31: 4438.5474 | L31: 13559.459 | M31: 13559.459 | N31: 13559.459 | O31: 3620.8764 | P31: 1183.5978 | Q31: 13559.459 | R31: -35797.7 | S31: 3620.8764 | T31: 3622.2343 | U31: 1183.5978 | V31: -69439.827 | W31: 4014.2071 | X31: 14860.336 | Y31: 1388.7868 | Z31: 6982.2622
A32: Mugilidae | B32: 2.53 | C32: 33.884416 | D32: Dem M inv | Mulets | E32: 163.76577 | F32: 161.36533 | G32: 155.27724 | H32: 481.49753 | I32: 660.48913 | J32: 660.48913 | K32: 627.46467 | L32: 831.3346 | M32: 831.3346 | N32: 831.3346 | O32: 685.68599 | P32: 373.36083 | Q32: 831.3346 | R32: 831.3346 | S32: 685.68599 | T32: 685.81852 | U32: 373.36083 | V32: -4104.6066 | W32: 751.20106 | X32: 882.86904 | Y32: 103.9793 | Z32: 267.85386
A33: Polynemidae | B33: 3.62 | C33: 416.86938 | D33: Gros capitaine | Petit capitaine | Capitaine royal | E33: 163.76577 | F33: 716.99299 | G33: 682.30875 | H33: 3636.6125 | I33: 1465.3607 | J33: 1466.165 | K33: 1416.0002 | L33: 2017.4025 | M33: 2017.4025 | N33: 2017.4025 | O33: 1473.7227 | P33: 577.84367 | Q33: 2017.4025 | R33: -158991.51 | S33: 1473.7227 | T33: 1474.6474 | U33: 577.84367 | V33: -461307.75 | W33: 1613.7189 | X33: 2131.6103 | Y33: 406.88963 | Z33: 1576.5398
A34: Balistidae | B34: 3.25 | C34: 177.82794 | D34: Dem M inv | E34: 163.76577 | F34: 172.48506 | G34: 165.9524 | H34: 511.34772 | I34: 706.00458 | J34: 706.00458 | K34: 670.70435 | L34: 890.12817 | M34: 890.12817 | N34: 890.12817 | O34: 735.26237 | P34: 400.35159 | Q34: 890.12817 | R34: 890.12817 | S34: 735.26237 | T34: 735.40493 | U34: 400.35159 | V34: -4414.7395 | W34: 805.76896 | X34: 945.57459 | Y34: 110.93644 | Z34: 283.97695
A35: Nematocarcinus africanus | B35: 3.29 | C35: 194.98446 | D35: Crustacés | E35: 163.76577 | F35: 79.64922 | G35: 77.077782 | H35: 199.4204 | I35: 94.919134 | J35: 94.919134 | K35: 90.173177 | L35: 135.65117 | M35: 135.65117 | N35: 135.65117 | O35: 112.09709 | P35: 63.65447 | Q35: 135.65117 | R35: 135.65117 | S35: 112.09709 | T35: 112.1184 | U35: 63.65447 | V35: -691.7087 | W35: 122.92633 | X35: 140.8975 | Y35: 54.73445 | Z35: 122.75357
A36: Haemulidae | B36: 3.36 | C36: 229.08677 | D36: Côtier M inv | Côtier S inv | Dem M inv | E36: 163.76577 | F36: 133.78182 | G36: 128.90183 | H36: 476.91802 | I36: 376.11481 | J36: 376.36224 | K36: 365.24651 | L36: 482.43466 | M36: 482.43466 | N36: 482.43466 | O36: 402.22082 | P36: 215.97862 | Q36: 482.43466 | R36: 482.82015 | S36: 402.22082 | T36: 402.60742 | U36: 215.97862 | V36: -2362.7631 | W36: 439.71164 | X36: 508.78566 | Y36: 87.514658 | Z36: 261.67483
A37: Cynoglossus | B37: 3.36 | C37: 229.08677 | D37: Côtier M inv | E37: 163.76577 | F37: 170.83761 | G37: 164.37917 | H37: 573.17413 | I37: 332.81245 | J37: 332.81245 | K37: 331.19042 | L37: 425.73226 | M37: 425.73226 | N37: 425.73226 | O37: 368.42645 | P37: 198.24314 | Q37: 425.73226 | R37: 425.73226 | S37: 368.42645 | T37: 368.49829 | U37: 198.24314 | V37: -2197.0479 | W37: 402.61322 | X37: 447.45197 | Y37: 109.96726 | Z37: 314.24246
... A58: Pteroscion peli | B58: 3.56 | C58: 363.07806 | D58: Côtier S pred | E58: 163.76577 | F58: 545.7577 | G58: 520.57318 | H58: 4917.2227 | I58: 1275.4519 | J58: 1276.0859 | K58: 1149.7739 | L58: 1835.858 | M58: 1835.858 | N58: 1835.858 | O58: 1067.676 | P58: 415.50327 | Q58: 1835.858 | R58: 1836.5911 | S58: 1067.676 | T58: 1068.3914 | U58: 415.50327 | V58: -4249.6084 | W58: 1177.7431 | X58: 1944.1313 | Y58: 318.01975 | Z58: 2089.1413
A59: Sarotherodon galilaeus | B59: 2.29 | C59: 19.498446 | D59: Unresolved
A60: Pseudotolithus senegalensis | B60: 3.79 | C60: 616.595 | D60: Bars | E60: 163.76577 | F60: 765.12621 | G60: 727.97256 | H60: 3298.268 | I60: 1392.3666 | J60: 1698.4222 | K60: 1593.2962 | L60: 2935.678 | M60: 2935.678 | N60: 2935.678 | O60: 1750.5603 | P60: 663.60855 | Q60: 2935.678 | R60: -12167.664 | S60: 1750.5603 | T60: 1751.3114 | U60: 663.60855 | V60: -129143.72 | W60: 1958.6858 | X60: 3084.9171 | Y60: 433.12482 | Z60: 1494.315
A61: Parapenaeus longirostris | B61: 3.3 | C61: 199.52623 | D61: Crustacés | E61: 163.76577 | F61: 79.64922 | G61: 77.077782 | H61: 199.4204 | I61: 94.919134 | J61: 94.919134 | K61: 90.173177 | L61: 135.65117 | M61: 135.65117 | N61: 135.65117 | O61: 112.09709 | P61: 63.65447 | Q61: 135.65117 | R61: 135.65117 | S61: 112.09709 | T61: 112.1184 | U61: 63.65447 | V61: -691.7087 | W61: 122.92633 | X61: 140.8975 | Y61: 54.73445 | Z61: 122.75357
A62: Caranx hippos | B62: 3.56 | C62: 363.07806 | D62: Côtier pel L pred | E62: 163.76577 | F62: 1052.5579 | G62: 999.05539 | H62: 11777.424 | I62: 6532.7765 | J62: 7781.6303 | K62: 7457.9507 | L62: 14096.896 | M62: 14096.896 | N62: 14096.896 | O62: 6109.5785 | P62: 1921.9564 | Q62: 14096.896 | R62: -57719.913 | S62: 6109.5785 | T62: 6113.693 | U62: 1921.9564 | V62: -289813.59 | W62: 6783.1589 | X62: 15274.307 | Y62: 579.77062 | Z62: 4535.5492
A63: Marine pelagic fishes not identified | B63: 3.35 | C63: 223.87211 | D63: Côtier pel L pred | Côtier pel S inv | Pel L pred | Pel S inv | E63: 163.76577 | F63: 266.57574 | G63: 254.17511 | H63: 2537.1198 | I63: 1357.7476 | J63: 1596.0112 | K63: 1526.2199 | L63: 2851.7676 | M63: 2851.7676 | N63: 2851.7676 | O63: 1260.0452 | P63: 410.80024 | Q63: 2851.7676 | R63: -10978.789 | S63: 1260.0452 | T63: 1260.8401 | U63: 410.80024 | V63: -55673.207 | W63: 1396.2072 | X63: 3083.6396 | Y63: 155.29096 | Z63: 1028.7934
A64: Pentheroscion mbizi | B64: 3.7 | C64: 501.18723 | D64: Unresolved
A65: Pentanemus quinquarius | B65: 3.56 | C65: 363.07806 | D65: Capitaine royal | E65: 163.76577 | F65: 672.70764 | G65: 640.65969 | H65: 2114.2031 | I65: 1064.721 | J65: 1065.6836 | K65: 1012.3994 | L65: 1453.0394 | M65: 1453.0394 | N65: 1453.0394 | O65: 1093.569 | P65: 480.84595 | Q65: 1453.0394 | R65: -277697.53 | S65: 1093.569 | T65: 1094.4105 | U65: 480.84595 | V65: -1079545.5 | W65: 1199.7863 | X65: 1524.6818 | Y65: 385.03238 | Z65: 1049.8699
A66: Caranx | B66: 4.12 | C66: 1318.2567 | D66: Côtier pel L pred | E66: 163.76577 | F66: 1052.5579 | G66: 999.05539 | H66: 11777.424 | I66: 6532.7765 | J66: 7781.6303 | K66: 7457.9507 | L66: 14096.896 | M66: 14096.896 | N66: 14096.896 | O66: 6109.5785 | P66: 1921.9564 | Q66: 14096.896 | R66: -57719.913 | S66: 6109.5785 | T66: 6113.693 | U66: 1921.9564 | V66: -289813.59 | W66: 6783.1589 | X66: 15274.307 | Y66: 579.77062 | Z66: 4535.5492
A67: Carlarius heudelotii | B67: 3.77 | C67: 588.84366 | D67: Mâchoiron | E67: 163.76577 | F67: 446.27355 | G67: 426.32251 | H67: 2287.4334 | I67: 1227.2878 | J67: 1227.8602 | K67: 1177.6351 | L67: 1664.2477 | M67: 1664.2477 | N67: 1664.2477 | O67: 1262.7541 | P67: 551.93389 | Q67: 1664.2477 | R67: 12628.151 | S67: 1262.7541 | T67: 1263.5324 | U67: 551.93389 | V67: -515946.37 | W67: 1387.5999 | X67: 1742.1062 | Y67: 264.57266 | Z67: 1050.6269
A68: Scomber | B68: 3.65 | C68: 446.68359 | D68: Pel S inv | E68: 163.76577 | F68: 157.97086 | G68: 152.0881 | H68: 577.27166 | I68: 239.81024 | J68: 250.6317 | K68: 247.59703 | L68: 317.63086 | M68: 317.63086 | N68: 317.63086 | O68: 109.89232 | P68: 46.754763 | Q68: 317.63086 | R68: 317.63245 | S68: 109.89232 | T68: 109.90468 | U68: 46.754763 | V68: -281.1473 | W68: 116.06651 | X68: 339.62288 | Y68: 102.36962 | Z68: 312.79001
A69: Pagellus bellottii | B69: 3.6 | C69: 398.10717 | D69: Dem M inv | E69: 163.76577 | F69: 172.48506 | G69: 165.9524 | H69: 511.34772 | I69: 706.00458 | J69: 706.00458 | K69: 670.70435 | L69: 890.12817 | M69: 890.12817 | N69: 890.12817 | O69: 735.26237 | P69: 400.35159 | Q69: 890.12817 | R69: 890.12817 | S69: 735.26237 | T69: 735.40493 | U69: 400.35159 | V69: -4414.7395 | W69: 805.76896 | X69: 945.57459 | Y69: 110.93644 | Z69: 283.97695
A70: Pagrus | B70: 3.55 | C70: 354.81339 | D70: Dem L pred | E70: 163.76577 | F70: 702.92427 | G70: 669.21632 | H70: 8905.4956 | I70: 6777.6267 | J70: 6838.5436 | K70: 5761.9403 | L70: 11046.543 | M70: 11046.543 | N70: 11046.543 | O70: 5782.707 | P70: 2043.8032 | Q70: 11046.543 | R70: 11049.935 | S70: 5782.707 | T70: 5785.8894 | U70: 2043.8032 | V70: -21771.785 | W70: 6494.0062 | X70: 12063.059 | Y70: 400.81521 | Z70: 3457.5716
A71: Pomadasys jubelini | B71: 3.33 | C71: 213.79621 | D71: Côtier M inv | E71: 163.76577 | F71: 170.83761 | G71: 164.37917 | H71: 573.17413 | I71: 332.81245 | J71: 332.81245 | K71: 331.19042 | L71: 425.73226 | M71: 425.73226 | N71: 425.73226 | O71: 368.42645 | P71: 198.24314 | Q71: 425.73226 | R71: 425.73226 | S71: 368.42645 | T71: 368.49829 | U71: 198.24314 | V71: -2197.0479 | W71: 402.61322 | X71: 447.45197 | Y71: 109.96726 | Z71: 314.24246
A72: Auxis thazard | B72: 4.37 | C72: 2344.2288 | D72: Thons mineurs | E72: 163.76577 | F72: 1395.6349 | G72: 1321.8947 | H72: 9241.4121 | I72: 2965.0865 | J72: 2997.8186 | K72: 1727.3137 | L72: 4278.6986 | M72: 4278.6986 | N72: 4278.6986 | O72: 1413.6071 | P72: 516.92635 | Q72: 4278.6986 | R72: 4279.6912 | S72: 1413.6071 | T72: 1414.2997 | U72: 516.92635 | V72: -5162.6301 | W72: 1554.1514 | X72: 4550.0961 | Y72: 750.38172 | Z72: 3860.2274
A73: Elops lacerta | B73: 4.24 | C73: 1737.8008 | D73: Côtier pel L pred | E73: 163.76577 | F73: 1052.5579 | G73: 999.05539 | H73: 11777.424 | I73: 6532.7765 | J73: 7781.6303 | K73: 7457.9507 | L73: 14096.896 | M73: 14096.896 | N73: 14096.896 | O73: 6109.5785 | P73: 1921.9564 | Q73: 14096.896 | R73: -57719.913 | S73: 6109.5785 | T73: 6113.693 | U73: 1921.9564 | V73: -289813.59 | W73: 6783.1589 | X73: 15274.307 | Y73: 579.77062 | Z73: 4535.5492
A74: Pseudotolithus typus | B74: 3.7 | C74: 501.18723 | D74: Bars | E74: 163.76577 | F74: 765.12621 | G74: 727.97256 | H74: 3298.268 | I74: 1392.3666 | J74: 1698.4222 | K74: 1593.2962 | L74: 2935.678 | M74: 2935.678 | N74: 2935.678 | O74: 1750.5603 | P74: 663.60855 | Q74: 2935.678 | R74: -12167.664 | S74: 1750.5603 | T74: 1751.3114 | U74: 663.60855 | V74: -129143.72 | W74: 1958.6858 | X74: 3084.9171 | Y74: 433.12482 | Z74: 1494.315
A75: Octopus vulgaris | B75: 3.6 | C75: 398.10717 | D75: Céphalopodes | E75: 163.76577 | F75: 822.92693 | G75: 782.5392 | H75: 2911.8736 | I75: 776.13375 | J75: 776.13375 | K75: 737.32706 | L75: 1169.0624 | M75: 1169.0624 | N75: 1169.0624 | O75: 633.53273 | P75: 262.848 | Q75: 1169.0624 | R75: 1169.1261 | S75: 633.53273 | T75: 633.69043 | U75: 262.848 | V75: -2693.9774 | W75: 696.07488 | X75: 1245.601 | Y75: 462.94661 | Z75: 1388.4758
A76: Lutjanus | B76: 4.02 | C76: 1047.1285 | D76: Côtier L pred | E76: 163.76577 | F76: 834.7927 | G76: 793.73743 | H76: 7076.9779 | I76: 5090.7444 | J76: 9568.389 | K76: 8272.9951 | L76: 19279.705 | M76: 19279.705 | N76: 19279.705 | O76: 6360.7232 | P76: 2029.2983 | Q76: 19279.705 | R76: -84799.195 | S76: 6360.7232 | T76: 6366.2308 | U76: 2029.2983 | V76: -469234.86 | W76: 6996.154 | X76: 20790.116 | Y76: 469.04605 | Z76: 2908.7269
... A85: Pagellus | B85: 3.44 | C85: 275.42287 | D85: Dem M inv | E85: 163.76577 | F85: 172.48506 | G85: 165.9524 | H85: 511.34772 | I85: 706.00458 | J85: 706.00458 | K85: 670.70435 | L85: 890.12817 | M85: 890.12817 | N85: 890.12817 | O85: 735.26237 | P85: 400.35159 | Q85: 890.12817 | R85: 890.12817 | S85: 735.26237 | T85: 735.40493 | U85: 400.35159 | V85: -4414.7395 | W85: 805.76896 | X85: 945.57459 | Y85: 110.93644 | Z85: 283.97695
A86: Nematopalaemon hastatus | D86: Crustacés | E86: 163.76577 | F86: 79.64922 | G86: 77.077782 | H86: 199.4204 | I86: 94.919134 | J86: 94.919134 | K86: 90.173177 | L86: 135.65117 | M86: 135.65117 | N86: 135.65117 | O86: 112.09709 | P86: 63.65447 | Q86: 135.65117 | R86: 135.65117 | S86: 112.09709 | T86: 112.1184 | U86: 63.65447 | V86: -691.7087 | W86: 122.92633 | X86: 140.8975 | Y86: 54.73445 | Z86: 122.75357
A87: Selene dorsalis | B87: 4.08 | C87: 1202.2644 | D87: Côtier pel L pred | E87: 163.76577 | F87: 1052.5579 | G87: 999.05539 | H87: 11777.424 | I87: 6532.7765 | J87: 7781.6303 | K87: 7457.9507 | L87: 14096.896 | M87: 14096.896 | N87: 14096.896 | O87: 6109.5785 | P87: 1921.9564 | Q87: 14096.896 | R87: -57719.913 | S87: 6109.5785 | T87: 6113.693 | U87: 1921.9564 | V87: -289813.59 | W87: 6783.1589 | X87: 15274.307 | Y87: 579.77062 | Z87: 4535.5492
A88: Trachinotus | B88: 3.69 | C88: 489.77882 | D88: Côtier pel L pred | E88: 163.76577 | F88: 1052.5579 | G88: 999.05539 | H88: 11777.424 | I88: 6532.7765 | J88: 7781.6303 | K88: 7457.9507 | L88: 14096.896 | M88: 14096.896 | N88: 14096.896 | O88: 6109.5785 | P88: 1921.9564 | Q88: 14096.896 | R88: -57719.913 | S88: 6109.5785 | T88: 6113.693 | U88: 1921.9564 | V88: -289813.59 | W88: 6783.1589 | X88: 15274.307 | Y88: 579.77062 | Z88: 4535.5492
A89: Balistes capriscus | B89: 4.06 | C89: 1148.1536 | D89: Dem M inv | E89: 163.76577 | F89: 172.48506 | G89: 165.9524 | H89: 511.34772 | I89: 706.00458 | J89: 706.00458 | K89: 670.70435 | L89: 890.12817 | M89: 890.12817 | N89: 890.12817 | O89: 735.26237 | P89: 400.35159 | Q89: 890.12817 | R89: 890.12817 | S89: 735.26237 | T89: 735.40493 | U89: 400.35159 | V89: -4414.7395 | W89: 805.76896 | X89: 945.57459 | Y89: 110.93644 | Z89: 283.97695
A90: Pseudupeneus prayensis | B90: 3.24 | C90: 173.78008 | D90: Dem M inv | E90: 163.76577 | F90: 172.48506 | G90: 165.9524 | H90: 511.34772 | I90: 706.00458 | J90: 706.00458 | K90: 670.70435 | L90: 890.12817 | M90: 890.12817 | N90: 890.12817 | O90: 735.26237 | P90: 400.35159 | Q90: 890.12817 | R90: 890.12817 | S90: 735.26237 | T90: 735.40493 | U90: 400.35159 | V90: -4414.7395 | W90: 805.76896 | X90: 945.57459 | Y90: 110.93644 | Z90: 283.97695
A91: Prionace glauca | B91: 4.35 | C91: 2238.7211 | D91: Sélaciens L prof | E91: 163.76577 | F91: 2984.3567 | G91: 2810.6147 | H91: 33756.076 | I91: 124489.07 | J91: 128867.66 | K91: 64433.829 | L91: 630808.94 | M91: 630808.94 | N91: 630808.94 | O91: 51235.428 | P91: 12872.105 | Q91: 630808.94 | R91: -1411467.8 | S91: 51235.428 | T91: 51258.187 | U91: 12872.105 | V91: -997628.83 | W91: 58369.962 | X91: 764652.41 | Y91: 1503.4023 | Z91: 11832.506
A92: Thunnus thynnus | B92: 4.45 | C92: 2818.3829 | D92: Thons majeurs | E92: 163.76577 | F92: 2736.4228 | G92: 2578.7911 | H92: 17894.358 | I92: 8524.6617 | J92: 8877.0948 | K92: 4438.5474 | L92: 13559.459 | M92: 13559.459 | N92: 13559.459 | O92: 3620.8764 | P92: 1183.5978 | Q92: 13559.459 | R92: -35797.7 | S92: 3620.8764 | T92: 3622.2343 | U92: 1183.5978 | V92: -69439.827 | W92: 4014.2071 | X92: 14860.336 | Y92: 1388.7868 | Z92: 6982.2622
A93: Thunnus alalunga | B93: 4.3 | C93: 1995.2623 | D93: Thons majeurs | E93: 163.76577 | F93: 2736.4228 | G93: 2578.7911 | H93: 17894.358 | I93: 8524.6617 | J93: 8877.0948 | K93: 4438.5474 | L93: 13559.459 | M93: 13559.459 | N93: 13559.459 | O93: 3620.8764 | P93: 1183.5978 | Q93: 13559.459 | R93: -35797.7 | S93: 3620.8764 | T93: 3622.2343 | U93: 1183.5978 | V93: -69439.827 | W93: 4014.2071 | X93: 14860.336 | Y93: 1388.7868 | Z93: 6982.2622
A94: Sepiida | B94: 3.7 | C94: 501.18723 | D94: Céphalopodes | E94: 163.76577 | F94: 822.92693 | G94: 782.5392 | H94: 2911.8736 | I94: 776.13375 | J94: 776.13375 | K94: 737.32706 | L94: 1169.0624 | M94: 1169.0624 | N94: 1169.0624 | O94: 633.53273 | P94: 262.848 | Q94: 1169.0624 | R94: 1169.1261 | S94: 633.53273 | T94: 633.69043 | U94: 262.848 | V94: -2693.9774 | W94: 696.07488 | X94: 1245.601 | Y94: 462.94661 | Z94: 1388.4758
A95: Octopoda | B95: 3.58 | C95: 380.1894 | D95: Céphalopodes | E95: 163.76577 | F95: 822.92693 | G95: 782.5392 | H95: 2911.8736 | I95: 776.13375 | J95: 776.13375 | K95: 737.32706 | L95: 1169.0624 | M95: 1169.0624 | N95: 1169.0624 | O95: 633.53273 | P95: 262.848 | Q95: 1169.0624 | R95: 1169.1261 | S95: 633.53273 | T95: 633.69043 | U95: 262.848 | V95: -2693.9774 | W95: 696.07488 | X95: 1245.601 | Y95: 462.94661 | Z95: 1388.4758
A96: Euthynnus alletteratus | B96: 4.49 | C96: 3090.2954 | D96: Thons mineurs | E96: 163.76577 | F96: 1395.6349 | G96: 1321.8947 | H96: 9241.4121 | I96: 2965.0865 | J96: 2997.8186 | K96: 1727.3137 | L96: 4278.6986 | M96: 4278.6986 | N96: 4278.6986 | O96: 1413.6071 | P96: 516.92635 | Q96: 4278.6986 | R96: 4279.6912 | S96: 1413.6071 | T96: 1414.2997 | U96: 516.92635 | V96: -5162.6301 | W96: 1554.1514 | X96: 4550.0961 | Y96: 750.38172 | Z96: 3860.2274
A97: Rajiformes | B97: 3.61 | C97: 407.38028 | D97: Sélaciens L prof | Sélaciens M prof | E97: 163.76577 | F97: 2943.2658 | G97: 2772.1954 | H97: 30340.406 | I97: 106443.47 | J97: 110085.49 | K97: 55042.744 | L97: 519045.52 | M97: 519045.52 | N97: 519045.52 | O97: 43711.326 | P97: 11190.605 | Q97: 519045.52 | R97: -1134636.9 | S97: 43711.326 | T97: 43730.559 | U97: 11190.605 | V97: -815704.52 | W97: 49790.246 | X97: 628102.1 | Y97: 1484.4159 | Z97: 10771.97
A98: Solea | B98: 3.13 | C98: 134.89629 | D98: Côtier S inv | E98: 163.76577 | F98: 79.510256 | G98: 76.944312 | H98: 373.18042 | I98: 228.22673 | J98: 228.83034 | K98: 223.01936 | L98: 302.46033 | M98: 302.46033 | N98: 302.46033 | O98: 244.22608 | P98: 127.65942 | Q98: 302.46033 | R98: 303.40073 | S98: 244.22608 | T98: 245.02594 | U98: 127.65942 | V98: -1352.0642 | W98: 266.01382 | X98: 316.47961 | Y98: 54.647132 | Z98: 203.05019
... A136: Octopus | B136: 3.8 | C136: 630.95734 | D136: Céphalopodes | E136: 163.76577 | F136: 822.92693 | G136: 782.5392 | H136: 2911.8736 | I136: 776.13375 | J136: 776.13375 | K136: 737.32706 | L136: 1169.0624 | M136: 1169.0624 | N136: 1169.0624 | O136: 633.53273 | P136: 262.848 | Q136: 1169.0624 | R136: 1169.1261 | S136: 633.53273 | T136: 633.69043 | U136: 262.848 | V136: -2693.9774 | W136: 696.07488 | X136: 1245.601 | Y136: 462.94661 | Z136: 1388.4758
A137: Gobiidae | B137: 3.11 | C137: 128.82495 | D137: Unresolved
A138: Carcharhinus | B138: 4.26 | C138: 1819.7009 | D138: Sélaciens L côtiers | Sélaciens L prof | E138: 163.76577 | F138: 2781.8231 | G138: 2620.7297 | H138: 32914.182 | I138: 117377.64 | J138: 120596.1 | K138: 62653.256 | L138: 577178.2 | M138: 577178.2 | N138: 577178.2 | O138: 48624.33 | P138: 12260.175 | Q138: 577178.2 | R138: -1291627.7 | S138: 48624.33 | T138: 48648.922 | U138: 12260.175 | V138: -968882.51 | W138: 55338.259 | X138: 698320.19 | Y138: 1406.8182 | Z138: 11543.641
A139: Trachinotus ovatus | B139: 3.73 | C139: 537.0318 | D139: Côtier pel L pred | E139: 163.76577 | F139: 1052.5579 | G139: 999.05539 | H139: 11777.424 | I139: 6532.7765 | J139: 7781.6303 | K139: 7457.9507 | L139: 14096.896 | M139: 14096.896 | N139: 14096.896 | O139: 6109.5785 | P139: 1921.9564 | Q139: 14096.896 | R139: -57719.913 | S139: 6109.5785 | T139: 6113.693 | U139: 1921.9564 | V139: -289813.59 | W139: 6783.1589 | X139: 15274.307 | Y139: 579.77062 | Z139: 4535.5492
A140: Pseudotolithus senegallus | B140: 3.89 | C140: 776.24712 | D140: Bars | E140: 163.76577 | F140: 765.12621 | G140: 727.97256 | H140: 3298.268 | I140: 1392.3666 | J140: 1698.4222 | K140: 1593.2962 | L140: 2935.678 | M140: 2935.678 | N140: 2935.678 | O140: 1750.5603 | P140: 663.60855 | Q140: 2935.678 | R140: -12167.664 | S140: 1750.5603 | T140: 1751.3114 | U140: 663.60855 | V140: -129143.72 | W140: 1958.6858 | X140: 3084.9171 | Y140: 433.12482 | Z140: 1494.315
A141: Mugil cephalus | B141: 2.14 | C141: 13.803843 | D141: Unresolved
A142: Ocypode cursor | B142: 3.02 | C142: 104.71286 | D142: Crustacés | E142: 163.76577 | F142: 79.64922 | G142: 77.077782 | H142: 199.4204 | I142: 94.919134 | J142: 94.919134 | K142: 90.173177 | L142: 135.65117 | M142: 135.65117 | N142: 135.65117 | O142: 112.09709 | P142: 63.65447 | Q142: 135.65117 | R142: 135.65117 | S142: 112.09709 | T142: 112.1184 | U142: 63.65447 | V142: -691.7087 | W142: 122.92633 | X142: 140.8975 | Y142: 54.73445 | Z142: 122.75357
A143: Callinectes marginatus | B143: 3.63 | C143: 426.57952 | D143: Crustacés | E143: 163.76577 | F143: 79.64922 | G143: 77.077782 | H143: 199.4204 | I143: 94.919134 | J143: 94.919134 | K143: 90.173177 | L143: 135.65117 | M143: 135.65117 | N143: 135.65117 | O143: 112.09709 | P143: 63.65447 | Q143: 135.65117 | R143: 135.65117 | S143: 112.09709 | T143: 112.1184 | U143: 63.65447 | V143: -691.7087 | W143: 122.92633 | X143: 140.8975 | Y143: 54.73445 | Z143: 122.75357
A144: Mytilidae | B144: 2 | C144: 10 | D144: Benthos | E144: 163.76577 | F144: 14.225293 | G144: 13.944959 | H144: 22.648952 | I144: 39.053581 | J144: 39.053581 | K144: 28.888889 | L144: 46.572283 | M144: 46.572283 | N144: 46.572283 | O144: 43.496371 | P144: 33.04828 | Q144: 46.572283 | R144: 46.572283 | S144: 43.496371 | T144: 43.50535 | U144: 33.04828 | V144: -381.52108 | W144: 46.817883 | X144: 48.197268 | Y144: 11.33053 | Z144: 16.922572
A145: Seriola dumerili | B145: 4.5 | C145: 3162.2777 | D145: Côtier pel L pred | E145: 163.76577 | F145: 1052.5579 | G145: 999.05539 | H145: 11777.424 | I145: 6532.7765 | J145: 7781.6303 | K145: 7457.9507 | L145: 14096.896 | M145: 14096.896 | N145: 14096.896 | O145: 6109.5785 | P145: 1921.9564 | Q145: 14096.896 | R145: -57719.913 | S145: 6109.5785 | T145: 6113.693 | U145: 1921.9564 | V145: -289813.59 | W145: 6783.1589 | X145: 15274.307 | Y145: 579.77062 | Z145: 4535.5492
A146: Merluccius polli | B146: 4.5 | C146: 3162.2777 | D146: Dem L pred | E146: 163.76577 | F146: 702.92427 | G146: 669.21632 | H146: 8905.4956 | I146: 6777.6267 | J146: 6838.5436 | K146: 5761.9403 | L146: 11046.543 | M146: 11046.543 | N146: 11046.543 | O146: 5782.707 | P146: 2043.8032 | Q146: 11046.543 | R146: 11049.935 | S146: 5782.707 | T146: 5785.8894 | U146: 2043.8032 | V146: -21771.785 | W146: 6494.0062 | X146: 12063.059 | Y146: 400.81521 | Z146: 3457.5716
A147: Cymbium | B147: 2 | C147: 10 | D147: Benthos | E147: 163.76577 | F147: 14.225293 | G147: 13.944959 | H147: 22.648952 | I147: 39.053581 | J147: 39.053581 | K147: 28.888889 | L147: 46.572283 | M147: 46.572283 | N147: 46.572283 | O147: 43.496371 | P147: 33.04828 | Q147: 46.572283 | R147: 46.572283 | S147: 43.496371 | T147: 43.50535 | U147: 33.04828 | V147: -381.52108 | W147: 46.817883 | X147: 48.197268 | Y147: 11.33053 | Z147: 16.922572
A148: Mugil | B148: 2.26 | C148: 18.197009 | D148: Dem M inv | Mulets | E148: 163.76577 | F148: 161.36533 | G148: 155.27724 | H148: 481.49753 | I148: 660.48913 | J148: 660.48913 | K148: 627.46467 | L148: 831.3346 | M148: 831.3346 | N148: 831.3346 | O148: 685.68599 | P148: 373.36083 | Q148: 831.3346 | R148: 831.3346 | S148: 685.68599 | T148: 685.81852 | U148: 373.36083 | V148: -4104.6066 | W148: 751.20106 | X148: 882.86904 | Y148: 103.9793 | Z148: 267.85386
A149: Epinephelus aeneus | B149: 4.02 | C149: 1047.1285 | D149: Dem L pred | E149: 163.76577 | F149: 702.92427 | G149: 669.21632 | H149: 8905.4956 | I149: 6777.6267 | J149: 6838.5436 | K149: 5761.9403 | L149: 11046.543 | M149: 11046.543 | N149: 11046.543 | O149: 5782.707 | P149: 2043.8032 | Q149: 11046.543 | R149: 11049.935 | S149: 5782.707 | T149: 5785.8894 | U149: 2043.8032 | V149: -21771.785 | W149: 6494.0062 | X149: 12063.059 | Y149: 400.81521 | Z149: 3457.5716
A150: Pomadasys incisus | B150: 3.8 | C150: 630.95734 | D150: Côtier M inv | E150: 163.76577 | F150: 170.83761 | G150: 164.37917 | H150: 573.17413 | I150: 332.81245 | J150: 332.81245 | K150: 331.19042 | L150: 425.73226 | M150: 425.73226 | N150: 425.73226 | O150: 368.42645 | P150: 198.24314 | Q150: 425.73226 | R150: 425.73226 | S150: 368.42645 | T150: 368.49829 | U150: 198.24314 | V150: -2197.0479 | W150: 402.61322 | X150: 447.45197 | Y150: 109.96726 | Z150: 314.24246
A151: Aristaeopsis edwardsiana | B151: 2.3 | C151: 19.952623 | D151: Crustacés | E151: 163.76577 | F151: 79.64922 | G151: 77.077782 | H151: 199.4204 | I151: 94.919134 | J151: 94.919134 | K151: 90.173177 | L151: 135.65117 | M151: 135.65117 | N151: 135.65117 | O151: 112.09709 | P151: 63.65447 | Q151: 135.65117 | R151: 135.65117 | S151: 112.09709 | T151: 112.1184 | U151: 63.65447 | V151: -691.7087 | W151: 122.92633 | X151: 140.8975 | Y151: 54.73445 | Z151: 122.75357
A152: Plectorhinchus mediterraneus | B152: 3.49 | C152: 309.02954 | D152: Dem M inv | E152: 163.76577 | F152: 172.48506 | G152: 165.9524 | H152: 511.34772 | I152: 706.00458 | J152: 706.00458 | K152: 670.70435 | L152: 890.12817 | M152: 890.12817 | N152: 890.12817 | O152: 735.26237 | P152: 400.35159 | Q152: 890.12817 | R152: 890.12817 | S152: 735.26237 | T152: 735.40493 | U152: 400.35159 | V152: -4414.7395 | W152: 805.76896 | X152: 945.57459 | Y152: 110.93644 | Z152: 283.97695
A153: Istiophoridae | B153: 4.48 | C153: 3019.9517 | D153: Thons majeurs | E153: 163.76577 | F153: 2736.4228 | G153: 2578.7911 | H153: 17894.358 | I153: 8524.6617 | J153: 8877.0948 | K153: 4438.5474 | L153: 13559.459 | M153: 13559.459 | N153: 13559.459 | O153: 3620.8764 | P153: 1183.5978 | Q153: 13559.459 | R153: -35797.7 | S153: 3620.8764 | T153: 3622.2343 | U153: 1183.5978 | V153: -69439.827 | W153: 4014.2071 | X153: 14860.336 | Y153: 1388.7868 | Z153: 6982.2622
A154: Brotula barbata | B154: 3.8 | C154: 630.95734 | D154: Unresolved
A155: Dentex angolensis | B155: 3.52 | C155: 331.13112 | D155: Unresolved
A156: Sphyraena afra | B156: 4.07 | C156: 1174.8976 | D156: Côtier pel L pred | E156: 163.76577 | F156: 1052.5579 | G156: 999.05539 | H156: 11777.424 | I156: 6532.7765 | J156: 7781.6303 | K156: 7457.9507 | L156: 14096.896 | M156: 14096.896 | N156: 14096.896 | O156: 6109.5785 | P156: 1921.9564 | Q156: 14096.896 | R156: -57719.913 | S156: 6109.5785 | T156: 6113.693 | U156: 1921.9564 | V156: -289813.59 | W156: 6783.1589 | X156: 15274.307 | Y156: 579.77062 | Z156: 4535.5492
A157: Coryphaena hippurus | B157: 4.37 | C157: 2344.2288 | D157: Pel L pred | E157: 163.76577 | F157: 1087.8868 | G157: 1032.3329 | H157: 5007.0666 | I157: 3058.8713 | J157: 3141.8528 | K157: 2984.7602 | L157: 5671.231 | M157: 5671.231 | N157: 5671.231 | O157: 2818.571 | P157: 998.22498 | Q157: 5671.231 | R157: -68817.831 | S157: 2818.571 | T157: 2819.3018 | U157: 998.22498 | V157: -142557.85 | W157: 3155.5485 | X157: 6096.564 | Y157: 597.53759 | Z157: 2190.3
A158: Centrophorus | B158: 4.34 | C158: 2187.7616 | D158: Unresolved
A159: Scorpaenidae | B159: 3.92 | C159: 831.76377 | D159: Côtier S pred | E159: 163.76577 | F159: 545.7577 | G159: 520.57318 | H159: 4917.2227 | I159: 1275.4519 | J159: 1276.0859 | K159: 1149.7739 | L159: 1835.858 | M159: 1835.858 | N159: 1835.858 | O159: 1067.676 | P159: 415.50327 | Q159: 1835.858 | R159: 1836.5911 | S159: 1067.676 | T159: 1068.3914 | U159: 415.50327 | V159: -4249.6084 | W159: 1177.7431 | X159: 1944.1313 | Y159: 318.01975 | Z159: 2089.1413
A160: Isurus oxyrinchus | B160: 4.5 | C160: 3162.2777 | D160: Sélaciens L prof | E160: 163.76577 | F160: 2984.3567 | G160: 2810.6147 | H160: 33756.076 | I160: 124489.07 | J160: 128867.66 | K160: 64433.829 | L160: 630808.94 | M160: 630808.94 | N160: 630808.94 | O160: 51235.428 | P160: 12872.105 | Q160: 630808.94 | R160: -1411467.8 | S160: 51235.428 | T160: 51258.187 | U160: 12872.105 | V160: -997628.83 | W160: 58369.962 | X160: 764652.41 | Y160: 1503.4023 | Z160: 11832.506
A161: Lutjanus endecacanthus | B161: 4.11 | C161: 1288.2496 | D161: Côtier L pred | E161: 163.76577 | F161: 834.7927 | G161: 793.73743 | H161: 7076.9779 | I161: 5090.7444 | J161: 9568.389 | K161: 8272.9951 | L161: 19279.705 | M161: 19279.705 | N161: 19279.705 | O161: 6360.7232 | P161: 2029.2983 | Q161: 19279.705 | R161: -84799.195 | S161: 6360.7232 | T161: 6366.2308 | U161: 2029.2983 | V161: -469234.86 | W161: 6996.154 | X161: 20790.116 | Y161: 469.04605 | Z161: 2908.7269
A162: Scorpaeniformes | B162: 3.78 | C162: 602.55959 | D162: Unresolved
A163: Mullidae | B163: 3.46 | C163: 288.40315 | D163: Dem M inv | E163: 163.76577 | F163: 172.48506 | G163: 165.9524 | H163: 511.34772 | I163: 706.00458 | J163: 706.00458 | K163: 670.70435 | L163: 890.12817 | M163: 890.12817 | N163: 890.12817 | O163: 735.26237 | P163: 400.35159 | Q163: 890.12817 | R163: 890.12817 | S163: 735.26237 | T163: 735.40493 | U163: 400.35159 | V163: -4414.7395 | W163: 805.76896 | X163: 945.57459 | Y163: 110.93644 | Z163: 283.97695
A164: Carcharhinidae | B164: 4.24 | C164: 1737.8008 | D164: Sélaciens L côtiers | Sélaciens L prof | E164: 163.76577 | F164: 2781.8231 | G164: 2620.7297 | H164: 32914.182 | I164: 117377.64 | J164: 120596.1 | K164: 62653.256 | L164: 577178.2 | M164: 577178.2 | N164: 577178.2 | O164: 48624.33 | P164: 12260.175 | Q164: 577178.2 | R164: -1291627.7 | S164: 48624.33 | T164: 48648.922 | U164: 12260.175 | V164: -968882.51 | W164: 55338.259 | X164: 698320.19 | Y164: 1406.8182 | Z164: 11543.641
A165: Guentherus altivela | B165: 3.45 | C165: 281.83829 | D165: Unresolved
A166: Lobotes surinamensis | B166: 4.04 | C166: 1096.4782 | D166: Côtier L pred | E166: 163.76577 | F166: 834.7927 | G166: 793.73743 | H166: 7076.9779 | I166: 5090.7444 | J166: 9568.389 | K166: 8272.9951 | L166: 19279.705 | M166: 19279.705 | N166: 19279.705 | O166: 6360.7232 | P166: 2029.2983 | Q166: 19279.705 | R166: -84799.195 | S166: 6360.7232 | T166: 6366.2308 | U166: 2029.2983 | V166: -469234.86 | W166: 6996.154 | X166: 20790.116 | Y166: 469.04605 | Z166: 2908.7269
A167: Lethrinus atlanticus | B167: 3.54 | C167: 346.73685 | D167: Côtier M inv | E167: 163.76577 | F167: 170.83761 | G167: 164.37917 | H167: 573.17413 | I167: 332.81245 | J167: 332.81245 | K167: 331.19042 | L167: 425.73226 | M167: 425.73226 | N167: 425.73226 | O167: 368.42645 | P167: 198.24314 | Q167: 425.73226 | R167: 425.73226 | S167: 368.42645 | T167: 368.49829 | U167: 198.24314 | V167: -2197.0479 | W167: 402.61322 | X167: 447.45197 | Y167: 109.96726 | Z167: 314.24246
A168: Sphyrna | B168: 4.2 | C168: 1584.8932 | D168: Sélaciens L prof | E168: 163.76577 | F168: 2984.3567 | G168: 2810.6147 | H168: 33756.076 | I168: 124489.07 | J168: 128867.66 | K168: 64433.829 | L168: 630808.94 | M168: 630808.94 | N168: 630808.94 | O168: 51235.428 | P168: 12872.105 | Q168: 630808.94 | R168: -1411467.8 | S168: 51235.428 | T168: 51258.187 | U168: 12872.105 | V168: -997628.83 | W168: 58369.962 | X168: 764652.41 | Y168: 1503.4023 | Z168: 11832.506
A169: Rhinobatos | B169: 3.73 | C169: 537.0318 | D169: Sélaciens L côtiers | Sélaciens M côtiers | E169: 163.76577 | F169: 1153.0615 | G169: 1093.7016 | H169: 25164.033 | I169: 57150.226 | J169: 51505.776 | K169: 45688.727 | L169: 137125.9 | M169: 137125.9 | N169: 137125.9 | O169: 26241.404 | P169: 7002.7874 | Q169: 137125.9 | R169: -312100.91 | S169: 26241.404 | T169: 26278.42 | U169: 7002.7874 | V169: -704949.71 | W169: 29402.155 | X169: 154801.5 | Y169: 630.18181 | Z169: 8899.8347
A170: Lithognathus mormyrus | B170: 3.42 | C170: 263.0268 | D170: Unresolved
A171: Palinuridae | B171: 3.14 | C171: 138.03843 | D171: Crustacés | E171: 163.76577 | F171: 79.64922 | G171: 77.077782 | H171: 199.4204 | I171: 94.919134 | J171: 94.919134 | K171: 90.173177 | L171: 135.65117 | M171: 135.65117 | N171: 135.65117 | O171: 112.09709 | P171: 63.65447 | Q171: 135.65117 | R171: 135.65117 | S171: 112.09709 | T171: 112.1184 | U171: 63.65447 | V171: -691.7087 | W171: 122.92633 | X171: 140.8975 | Y171: 54.73445 | Z171: 122.75357
A172: Raja | B172: 3.8 | C172: 630.95734 | D172: Sélaciens L prof | Sélaciens M prof | E172: 163.76577 | F172: 2943.2658 | G172: 2772.1954 | H172: 30340.406 | I172: 106443.47 | J172: 110085.49 | K172: 55042.744 | L172: 519045.52 | M172: 519045.52 | N172: 519045.52 | O172: 43711.326 | P172: 11190.605 | Q172: 519045.52 | R172: -1134636.9 | S172: 43711.326 | T172: 43730.559 | U172: 11190.605 | V172: -815704.52 | W172: 49790.246 | X172: 628102.1 | Y172: 1484.4159 | Z172: 10771.97
...

Sheet PPR by method
A1: Total PPR by method and year — every taxon summed, tonnes wet weight equivalent of primary production.
A2: All basal sources, including imports. The simple chain rows are unpartitioned references; model rows use this scope.
A3: Methods are not alternatives to be averaged. They rest on different assumptions and the spread between them is the result.
A4: The two grey rows aggregate the catch to a group before exponentiating, which understates the total: SPPR is convex in trophic level, so they measure the Jensen effect rather than the PPR.
A5: method | B5: status | C5: 1950 | D5: 1951 | E5: 1952 | F5: 1953 | G5: 1954 | H5: 1955 | I5: 1956 | J5: 1957 | K5: 1958 | L5: 1959 | M5: 1960 | N5: 1961 | O5: 1962 | P5: 1963 | Q5: 1964 | R5: 1965 | S5: 1966 | T5: 1967 | U5: 1968 | V5: 1969 | W5: 1970 | X5: 1971 | Y5: 1972 | Z5: 1973 | AA5: 1974 | AB5: 1975 | AC5: 1976 | AD5: 1977 | AE5: 1978 | AF5: 1979 | AG5: 1980 | AH5: 1981 | AI5: 1982 | AJ5: 1983 | AK5: 1984 | AL5: 1985 | AM5: 1986 | AN5: 1987 | AO5: 1988 | AP5: 1989 | AQ5: 1990 | AR5: 1991 | AS5: 1992 | AT5: 1993 | AU5: 1994 | AV5: 1995 | AW5: 1996 | AX5: 1997 | AY5: 1998 | AZ5: 1999 | BA5: 2000 | BB5: 2001 | BC5: 2002 | BD5: 2003 | BE5: 2004 | BF5: 2005 | BG5: 2006 | BH5: 2007 | BI5: 2008 | BJ5: 2009 | BK5: 2010 | BL5: 2011 | BM5: 2012 | BN5: 2013 | BO5: 2014 | BP5: 2015 | BQ5: 2016 | BR5: 2017 | BS5: 2018 | BT5: 2019
A6: simple trophic chain, per taxon | B6: ok | C6: 1.5777897e+08 | D6: 1.6497001e+08 | E6: 1.6542396e+08 | F6: 1.7822319e+08 | G6: 1.7913348e+08 | H6: 1.7903778e+08 | I6: 2.0785974e+08 | J6: 3.0515436e+08 | K6: 2.945763e+08 | L6: 3.8845973e+08 | M6: 4.3350172e+08 | N6: 4.6538133e+08 | O6: 5.414234e+08 | P6: 5.9004639e+08 | Q6: 7.0488601e+08 | R6: 7.544453e+08 | S6: 6.696884e+08 | T6: 5.9957907e+08 | U6: 6.822549e+08 | V6: 7.2549366e+08 | W6: 7.6732209e+08 | X6: 9.0211285e+08 | Y6: 9.4291395e+08 | Z6: 8.9200379e+08 | AA6: 1.0873755e+09 | AB6: 1.0373327e+09 | AC6: 1.0658688e+09 | AD6: 1.2220754e+09 | AE6: 1.2296409e+09 | AF6: 1.1703203e+09 | AG6: 1.3458888e+09 | AH6: 1.3440626e+09 | AI6: 1.3917334e+09 | AJ6: 1.3452256e+09 | AK6: 9.8933963e+08 | AL6: 1.0381364e+09 | AM6: 1.1436846e+09 | AN6: 1.2837346e+09 | AO6: 1.217466e+09 | AP6: 1.3089284e+09 | AQ6: 1.3040652e+09 | AR6: 1.3499854e+09 | AS6: 1.2782046e+09 | AT6: 1.3247691e+09 | AU6: 1.2296888e+09 | AV6: 1.2285965e+09 | AW6: 1.329321e+09 | AX6: 1.3687115e+09 | AY6: 1.4374273e+09 | AZ6: 1.5584064e+09 | BA6: 1.5640069e+09 | BB6: 1.5642809e+09 | BC6: 1.5126009e+09 | BD6: 1.5143905e+09 | BE6: 1.5855307e+09 | BF6: 1.5669877e+09 | BG6: 1.5049472e+09 | BH6: 1.5729334e+09 | BI6: 1.6883616e+09 | BJ6: 1.6931501e+09 | BK6: 1.9238724e+09 | BL6: 1.9117131e+09 | BM6: 1.8384126e+09 | BN6: 1.8172565e+09 | BO6: 1.8751538e+09 | BP6: 2.1141906e+09 | BQ6: 2.2124671e+09 | BR6: 2.1809223e+09 | BS6: 2.1383564e+09 | BT6: 2.2563989e+09
A7: simple, aggregated to SAU functional group | B7: Jensen comparison, not a PPR estimate | C7: 1.2259153e+08 | D7: 1.2775021e+08 | E7: 1.3089805e+08 | F7: 1.3902863e+08 | G7: 1.4320949e+08 | H7: 1.4271409e+08 | I7: 1.6438626e+08 | J7: 2.5467709e+08 | K7: 2.4548033e+08 | L7: 3.1371394e+08 | M7: 3.5878892e+08 | N7: 3.8419402e+08 | O7: 4.4907444e+08 | P7: 4.948521e+08 | Q7: 5.9316206e+08 | R7: 6.4454012e+08 | S7: 5.6131435e+08 | T7: 4.8582742e+08 | U7: 5.6597383e+08 | V7: 5.8461512e+08 | W7: 6.2022482e+08 | X7: 7.3885996e+08 | Y7: 7.6108747e+08 | Z7: 7.2050109e+08 | AA7: 8.8268429e+08 | AB7: 8.3524156e+08 | AC7: 8.6342871e+08 | AD7: 9.8099375e+08 | AE7: 1.0401962e+09 | AF7: 9.7625894e+08 | AG7: 1.1207608e+09 | AH7: 1.1426436e+09 | AI7: 1.1748398e+09 | AJ7: 1.1386793e+09 | AK7: 8.0636441e+08 | AL7: 8.256393e+08 | AM7: 9.3196941e+08 | AN7: 1.0478849e+09 | AO7: 1.0039458e+09 | AP7: 1.0358923e+09 | AQ7: 1.0585171e+09 | AR7: 1.0820741e+09 | AS7: 1.0336584e+09 | AT7: 1.0793954e+09 | AU7: 1.0066664e+09 | AV7: 1.0064263e+09 | AW7: 1.1059741e+09 | AX7: 1.1378626e+09 | AY7: 1.1848534e+09 | AZ7: 1.2583537e+09 | BA7: 1.313694e+09 | BB7: 1.2997646e+09 | BC7: 1.2572084e+09 | BD7: 1.2656916e+09 | BE7: 1.2889772e+09 | BF7: 1.2640456e+09 | BG7: 1.1923282e+09 | BH7: 1.2531133e+09 | BI7: 1.3306622e+09 | BJ7: 1.3215611e+09 | BK7: 1.4652518e+09 | BL7: 1.4989334e+09 | BM7: 1.4124506e+09 | BN7: 1.4162452e+09 | BO7: 1.4834394e+09 | BP7: 1.6659943e+09 | BQ7: 1.7524233e+09 | BR7: 1.7155301e+09 | BS7: 1.7004712e+09 | BT7: 1.7691698e+09
A8: simple, aggregated to SAU commercial group | B8: Jensen comparison, not a PPR estimate | C8: 1.0366572e+08 | D8: 1.0885492e+08 | E8: 1.0970655e+08 | F8: 1.1922969e+08 | G8: 1.2268747e+08 | H8: 1.2149188e+08 | I8: 1.4613045e+08 | J8: 2.0073798e+08 | K8: 2.2494558e+08 | L8: 3.0810179e+08 | M8: 3.4664377e+08 | N8: 3.7327631e+08 | O8: 4.3752147e+08 | P8: 4.7886614e+08 | Q8: 5.7432493e+08 | R8: 6.2035046e+08 | S8: 5.2975154e+08 | T8: 4.7038924e+08 | U8: 5.5088421e+08 | V8: 5.8493604e+08 | W8: 6.1917293e+08 | X8: 7.3312127e+08 | Y8: 7.5700269e+08 | Z8: 7.0633317e+08 | AA8: 8.8110788e+08 | AB8: 8.3371942e+08 | AC8: 8.5433777e+08 | AD8: 9.7360625e+08 | AE8: 1.0022582e+09 | AF8: 9.4135525e+08 | AG8: 1.1080215e+09 | AH8: 1.1178143e+09 | AI8: 1.1349206e+09 | AJ8: 1.0804698e+09 | AK8: 7.715153e+08 | AL8: 7.9595002e+08 | AM8: 8.8158615e+08 | AN8: 9.8807861e+08 | AO8: 9.4652409e+08 | AP8: 1.0080508e+09 | AQ8: 1.0089086e+09 | AR8: 1.0392993e+09 | AS8: 9.8006989e+08 | AT8: 1.0373365e+09 | AU8: 9.5067747e+08 | AV8: 9.4633638e+08 | AW8: 1.0378975e+09 | AX8: 1.0455167e+09 | AY8: 1.0957128e+09 | AZ8: 1.206248e+09 | BA8: 1.231142e+09 | BB8: 1.2296561e+09 | BC8: 1.1713551e+09 | BD8: 1.1817091e+09 | BE8: 1.2282799e+09 | BF8: 1.216399e+09 | BG8: 1.1707449e+09 | BH8: 1.2352049e+09 | BI8: 1.3482602e+09 | BJ8: 1.3513698e+09 | BK8: 1.5234112e+09 | BL8: 1.5037051e+09 | BM8: 1.4316499e+09 | BN8: 1.426287e+09 | BO8: 1.4517475e+09 | BP8: 1.603691e+09 | BQ8: 1.702607e+09 | BR8: 1.6717872e+09 | BS8: 1.64355e+09 | BT8: 1.7242629e+09
A9: SPPR_1986 | B9: ok | C9: 76693376 | D9: 80082347 | E9: 81215213 | F9: 87230586 | G9: 89557527 | H9: 89131133 | I9: 1.0136344e+08 | J9: 1.1457708e+08 | K9: 1.1622822e+08 | L9: 1.3259711e+08 | M9: 1.3695704e+08 | N9: 1.4840927e+08 | O9: 1.607635e+08 | P9: 1.7130565e+08 | Q9: 1.9365226e+08 | R9: 1.9550671e+08 | S9: 1.992132e+08 | T9: 1.9590924e+08 | U9: 2.0287509e+08 | V9: 2.1918218e+08 | W9: 2.4001825e+08 | X9: 2.7627377e+08 | Y9: 2.9304575e+08 | Z9: 2.8683281e+08 | AA9: 3.0765909e+08 | AB9: 3.2657052e+08 | AC9: 3.4496226e+08 | AD9: 3.8329685e+08 | AE9: 3.9240292e+08 | AF9: 3.6426254e+08 | AG9: 4.2271822e+08 | AH9: 4.3482578e+08 | AI9: 4.2893846e+08 | AJ9: 4.2335901e+08 | AK9: 3.981214e+08 | AL9: 4.1746554e+08 | AM9: 4.4896427e+08 | AN9: 4.9349862e+08 | AO9: 4.6893036e+08 | AP9: 4.831946e+08 | AQ9: 4.8320315e+08 | AR9: 4.6157755e+08 | AS9: 4.497701e+08 | AT9: 4.5046381e+08 | AU9: 4.4203667e+08 | AV9: 4.569442e+08 | AW9: 4.878189e+08 | AX9: 5.0556609e+08 | AY9: 5.1459006e+08 | AZ9: 5.3216174e+08 | BA9: 5.7301393e+08 | BB9: 5.6038067e+08 | BC9: 5.6155922e+08 | BD9: 5.430443e+08 | BE9: 5.4267111e+08 | BF9: 5.315652e+08 | BG9: 5.341137e+08 | BH9: 5.4629992e+08 | BI9: 5.6586348e+08 | BJ9: 5.4974527e+08 | BK9: 5.8952638e+08 | BL9: 6.0875773e+08 | BM9: 5.4629059e+08 | BN9: 5.8255225e+08 | BO9: 6.1613006e+08 | BP9: 6.4863588e+08 | BQ9: 6.5041225e+08 | BR9: 6.8440018e+08 | BS9: 6.9703689e+08 | BT9: 7.2205784e+08
A10: SPPR_1995_TE0.1 | B10: ok | C10: 1.5558746e+08 | D10: 1.6264239e+08 | E10: 1.6735075e+08 | F10: 1.7859313e+08 | G10: 1.8255733e+08 | H10: 1.805352e+08 | I10: 2.1008962e+08 | J10: 2.7734127e+08 | K10: 3.0147776e+08 | L10: 4.0208492e+08 | M10: 4.4998681e+08 | N10: 4.6934505e+08 | O10: 5.4802117e+08 | P10: 6.0970436e+08 | Q10: 7.2116295e+08 | R10: 7.7889129e+08 | S10: 6.9167367e+08 | T10: 6.0380268e+08 | U10: 6.8493585e+08 | V10: 7.2237469e+08 | W10: 7.7108463e+08 | X10: 8.9805401e+08 | Y10: 9.1989548e+08 | Z10: 8.8256995e+08 | AA10: 1.0583301e+09 | AB10: 1.0156948e+09 | AC10: 1.0612575e+09 | AD10: 1.1922319e+09 | AE10: 1.2401965e+09 | AF10: 1.1834794e+09 | AG10: 1.349547e+09 | AH10: 1.3615598e+09 | AI10: 1.3933495e+09 | AJ10: 1.3685978e+09 | AK10: 1.0526567e+09 | AL10: 1.0853516e+09 | AM10: 1.2044747e+09 | AN10: 1.3049412e+09 | AO10: 1.2771376e+09 | AP10: 1.3464945e+09 | AQ10: 1.3967283e+09 | AR10: 1.3886041e+09 | AS10: 1.2966682e+09 | AT10: 1.3835464e+09 | AU10: 1.3044267e+09 | AV10: 1.2938154e+09 | AW10: 1.3852709e+09 | AX10: 1.4581463e+09 | AY10: 1.5067422e+09 | AZ10: 1.6504928e+09 | BA10: 1.6795562e+09 | BB10: 1.6886107e+09 | BC10: 1.6225473e+09 | BD10: 1.596121e+09 | BE10: 1.6452092e+09 | BF10: 1.6359795e+09 | BG10: 1.5440462e+09 | BH10: 1.6137662e+09 | BI10: 1.7185749e+09 | BJ10: 1.7080719e+09 | BK10: 1.8804782e+09 | BL10: 1.9379413e+09 | BM10: 1.8300209e+09 | BN10: 1.8802589e+09 | BO10: 1.9202584e+09 | BP10: 2.1227586e+09 | BQ10: 2.2000639e+09 | BR10: 2.1534053e+09 | BS10: 2.1164916e+09 | BT10: 2.2120043e+09
A11: SPPR_1995_TEmean | B11: ok | C11: 1.4815602e+08 | D11: 1.5487763e+08 | E11: 1.5935705e+08 | F11: 1.7006702e+08 | G11: 1.7385486e+08 | H11: 1.7192802e+08 | I11: 2.0005729e+08 | J11: 2.6375199e+08 | K11: 2.8644886e+08 | L11: 3.8167224e+08 | M11: 4.2687096e+08 | N11: 4.4529515e+08 | O11: 5.1964827e+08 | P11: 5.7799156e+08 | Q11: 6.833912e+08 | R11: 7.378446e+08 | S11: 6.5586392e+08 | T11: 5.7311768e+08 | U11: 6.4973692e+08 | V11: 6.8538995e+08 | W11: 7.3178428e+08 | X11: 8.5218599e+08 | Y11: 8.7302867e+08 | Z11: 8.3777393e+08 | AA11: 1.0038698e+09 | AB11: 9.6399141e+08 | AC11: 1.0075125e+09 | AD11: 1.1319234e+09 | AE11: 1.1770431e+09 | AF11: 1.1232975e+09 | AG11: 1.2808256e+09 | AH11: 1.2923728e+09 | AI11: 1.3223368e+09 | AJ11: 1.2989947e+09 | AK11: 1.0010529e+09 | AL11: 1.0322079e+09 | AM11: 1.1454231e+09 | AN11: 1.2408559e+09 | AO11: 1.2140696e+09 | AP11: 1.2798755e+09 | AQ11: 1.3272489e+09 | AR11: 1.3189313e+09 | AS11: 1.2318385e+09 | AT11: 1.3139787e+09 | AU11: 1.2393987e+09 | AV11: 1.2296346e+09 | AW11: 1.3162239e+09 | AX11: 1.3856375e+09 | AY11: 1.4317198e+09 | AZ11: 1.5674751e+09 | BA11: 1.5961312e+09 | BB11: 1.6043451e+09 | BC11: 1.5421619e+09 | BD11: 1.5166484e+09 | BE11: 1.5629561e+09 | BF11: 1.5542328e+09 | BG11: 1.4676307e+09 | BH11: 1.5336913e+09 | BI11: 1.6326388e+09 | BJ11: 1.6220918e+09 | BK11: 1.785727e+09 | BL11: 1.8405173e+09 | BM11: 1.7370008e+09 | BN11: 1.7852405e+09 | BO11: 1.8239268e+09 | BP11: 2.0160641e+09 | BQ11: 2.0891103e+09 | BR11: 2.0457981e+09 | BS11: 2.0112305e+09 | BT11: 2.102096e+09
A12: Ulanowicz_globalTEmean | B12: ok | C12: 1.2134176e+09 | D12: 1.264783e+09 | E12: 1.2861552e+09 | F12: 1.3669787e+09 | G12: 1.3861949e+09 | H12: 1.3648049e+09 | I12: 1.5990189e+09 | J12: 2.003052e+09 | K12: 2.1880657e+09 | L12: 2.8818648e+09 | M12: 3.1895469e+09 | N12: 3.2826822e+09 | O12: 3.7943892e+09 | P12: 4.232361e+09 | Q12: 5.000554e+09 | R12: 5.378232e+09 | S12: 4.8424973e+09 | T12: 4.2498251e+09 | U12: 4.7970466e+09 | V12: 5.0983812e+09 | W12: 5.5424497e+09 | X12: 6.4153052e+09 | Y12: 6.5473707e+09 | Z12: 6.2560624e+09 | AA12: 7.4798534e+09 | AB12: 7.3847589e+09 | AC12: 7.5790765e+09 | AD12: 8.4955376e+09 | AE12: 8.6857592e+09 | AF12: 8.3470733e+09 | AG12: 9.3977174e+09 | AH12: 9.387603e+09 | AI12: 9.7709607e+09 | AJ12: 9.5994905e+09 | AK12: 7.3724047e+09 | AL12: 7.6582035e+09 | AM12: 8.5306812e+09 | AN12: 9.1811496e+09 | AO12: 9.0668916e+09 | AP12: 9.553128e+09 | AQ12: 9.9421221e+09 | AR12: 9.7045034e+09 | AS12: 9.1004402e+09 | AT12: 9.7882465e+09 | AU12: 9.3074349e+09 | AV12: 9.073015e+09 | AW12: 9.7897998e+09 | AX12: 1.029756e+10 | AY12: 1.0606796e+10 | AZ12: 1.1851462e+10 | BA12: 1.1829116e+10 | BB12: 1.1906643e+10 | BC12: 1.1591389e+10 | BD12: 1.1318399e+10 | BE12: 1.1783247e+10 | BF12: 1.1789557e+10 | BG12: 1.1027255e+10 | BH12: 1.1604658e+10 | BI12: 1.2364674e+10 | BJ12: 1.2295602e+10 | BK12: 1.397029e+10 | BL12: 1.4418059e+10 | BM12: 1.3897728e+10 | BN12: 1.4299236e+10 | BO12: 1.4562159e+10 | BP12: 1.6059968e+10 | BQ12: 1.6629861e+10 | BR12: 1.6199842e+10 | BS12: 1.5635304e+10 | BT12: 1.6500568e+10
A13: Ulanowicz_TE | B13: ok | C13: 1.205628e+09 | D13: 1.2454888e+09 | E13: 1.2916733e+09 | F13: 1.3562832e+09 | G13: 1.3771465e+09 | H13: 1.3709389e+09 | I13: 1.6325255e+09 | J13: 1.772489e+09 | K13: 1.902362e+09 | L13: 2.3005981e+09 | M13: 2.530761e+09 | N13: 2.5046515e+09 | O13: 2.7725331e+09 | P13: 3.2985065e+09 | Q13: 3.6482066e+09 | R13: 3.9164347e+09 | S13: 3.8538155e+09 | T13: 3.2919088e+09 | U13: 3.6250692e+09 | V13: 3.885318e+09 | W13: 4.3087814e+09 | X13: 4.8642586e+09 | Y13: 5.038175e+09 | Z13: 5.0289322e+09 | AA13: 5.8648738e+09 | AB13: 6.9152111e+09 | AC13: 6.9338678e+09 | AD13: 7.2097648e+09 | AE13: 7.5438312e+09 | AF13: 7.4679042e+09 | AG13: 8.1273204e+09 | AH13: 7.3592695e+09 | AI13: 8.6910931e+09 | AJ13: 8.5764482e+09 | AK13: 6.7875176e+09 | AL13: 7.349602e+09 | AM13: 7.5390111e+09 | AN13: 8.2370435e+09 | AO13: 8.1608037e+09 | AP13: 7.8842835e+09 | AQ13: 8.2879251e+09 | AR13: 8.053771e+09 | AS13: 7.9152716e+09 | AT13: 8.7083361e+09 | AU13: 8.7164e+09 | AV13: 8.0662708e+09 | AW13: 9.1651591e+09 | AX13: 9.9918207e+09 | AY13: 9.9268014e+09 | AZ13: 1.1208286e+10 | BA13: 1.0618239e+10 | BB13: 1.064354e+10 | BC13: 1.1006008e+10 | BD13: 1.0464722e+10 | BE13: 1.0991196e+10 | BF13: 1.1723747e+10 | BG13: 1.0390151e+10 | BH13: 1.1031253e+10 | BI13: 1.1997445e+10 | BJ13: 1.2450847e+10 | BK13: 1.447457e+10 | BL13: 1.4261488e+10 | BM13: 1.4233079e+10 | BN13: 1.46695e+10 | BO13: 1.4533247e+10 | BP13: 1.5673855e+10 | BQ13: 1.5734017e+10 | BR13: 1.4978429e+10 | BS13: 1.4009132e+10 | BT13: 1.4812058e+10
A14: EwE_TE_noEE | B14: ok | C14: 1.4504847e+09 | D14: 1.5010036e+09 | E14: 1.5541378e+09 | F14: 1.6333642e+09 | G14: 1.661702e+09 | H14: 1.6421898e+09 | I14: 1.9509683e+09 | J14: 2.132346e+09 | K14: 2.2695882e+09 | L14: 2.7306536e+09 | M14: 2.9682568e+09 | N14: 2.9582577e+09 | O14: 3.242742e+09 | P14: 3.8171067e+09 | Q14: 4.2209315e+09 | R14: 4.525372e+09 | S14: 4.4919288e+09 | T14: 3.91822e+09 | U14: 4.3007676e+09 | V14: 4.6008666e+09 | W14: 5.0557229e+09 | X14: 5.6956492e+09 | Y14: 5.8885434e+09 | Z14: 5.877177e+09 | AA14: 6.7938709e+09 | AB14: 7.9163862e+09 | AC14: 8.1035815e+09 | AD14: 8.508665e+09 | AE14: 8.8000981e+09 | AF14: 8.7229831e+09 | AG14: 9.5848465e+09 | AH14: 8.8266785e+09 | AI14: 1.0256745e+10 | AJ14: 1.0141226e+10 | AK14: 8.2933929e+09 | AL14: 8.9203212e+09 | AM14: 9.3352957e+09 | AN14: 1.013396e+10 | AO14: 1.000297e+10 | AP14: 9.7936787e+09 | AQ14: 1.0145112e+10 | AR14: 9.7067743e+09 | AS14: 9.4781079e+09 | AT14: 1.0388324e+10 | AU14: 1.0414046e+10 | AV14: 9.7344166e+09 | AW14: 1.0895838e+10 | AX14: 1.1872315e+10 | AY14: 1.1804324e+10 | AZ14: 1.3226804e+10 | BA14: 1.275389e+10 | BB14: 1.2725804e+10 | BC14: 1.3165424e+10 | BD14: 1.2429031e+10 | BE14: 1.2984968e+10 | BF14: 1.3746654e+10 | BG14: 1.2279735e+10 | BH14: 1.3047421e+10 | BI14: 1.3965307e+10 | BJ14: 1.4320934e+10 | BK14: 1.6528256e+10 | BL14: 1.6597484e+10 | BM14: 1.6238522e+10 | BN14: 1.6956903e+10 | BO14: 1.6953451e+10 | BP14: 1.8297396e+10 | BQ14: 1.840735e+10 | BR14: 1.761302e+10 | BS14: 1.6605179e+10 | BT14: 1.7574468e+10
A15: EwE_TE_EE | B15: ok | C15: 1.0908254e+09 | D15: 1.1316105e+09 | E15: 1.1632218e+09 | F15: 1.2248958e+09 | G15: 1.2474691e+09 | H15: 1.2287956e+09 | I15: 1.4587872e+09 | J15: 1.604747e+09 | K15: 1.6608108e+09 | L15: 1.9713349e+09 | M15: 2.0971097e+09 | N15: 2.090163e+09 | O15: 2.260089e+09 | P15: 2.5947856e+09 | Q15: 2.8715036e+09 | R15: 3.0446798e+09 | S15: 3.0782852e+09 | T15: 2.8073916e+09 | U15: 3.0399332e+09 | V15: 3.2652655e+09 | W15: 3.6955953e+09 | X15: 4.1746654e+09 | Y15: 4.2900367e+09 | Z15: 4.2667969e+09 | AA15: 4.8296197e+09 | AB15: 5.4977887e+09 | AC15: 5.6594186e+09 | AD15: 6.073394e+09 | AE15: 6.1717408e+09 | AF15: 6.1017187e+09 | AG15: 6.6494043e+09 | AH15: 6.3122532e+09 | AI15: 7.0750537e+09 | AJ15: 6.9833498e+09 | AK15: 6.0047629e+09 | AL15: 6.4107042e+09 | AM15: 6.8781335e+09 | AN15: 7.3776286e+09 | AO15: 7.2455187e+09 | AP15: 7.3308964e+09 | AQ15: 7.5525854e+09 | AR15: 7.0670512e+09 | AS15: 6.830699e+09 | AT15: 7.3866589e+09 | AU15: 7.4471321e+09 | AV15: 7.0897708e+09 | AW15: 7.7517871e+09 | AX15: 8.4202193e+09 | AY15: 8.4722937e+09 | AZ15: 9.3589061e+09 | BA15: 9.3015593e+09 | BB15: 9.2125594e+09 | BC15: 9.4847184e+09 | BD15: 8.9509381e+09 | BE15: 9.3182024e+09 | BF15: 9.6718391e+09 | BG15: 8.8998967e+09 | BH15: 9.4071658e+09 | BI15: 9.8662834e+09 | BJ15: 9.8697872e+09 | BK15: 1.1393258e+10 | BL15: 1.1655096e+10 | BM15: 1.116017e+10 | BN15: 1.175531e+10 | BO15: 1.1971959e+10 | BP15: 1.3034619e+10 | BQ15: 1.313259e+10 | BR15: 1.2820812e+10 | BS15: 1.2248905e+10 | BT15: 1.2989622e+10
A16: SPPR_2015 | B16: IMPLAUSIBLE - up to 29x the trophic-chain estimate; the solve is near-singular for this model | C16: 4.20896e+09 | D16: 4.3336792e+09 | E16: 4.5411859e+09 | F16: 4.7474716e+09 | G16: 4.8251048e+09 | H16: 4.8140131e+09 | I16: 5.7367047e+09 | J16: 5.8237735e+09 | K16: 6.205588e+09 | L16: 7.1834905e+09 | M16: 7.8402118e+09 | N16: 7.6582357e+09 | O16: 8.1688934e+09 | P16: 1.0220895e+10 | Q16: 1.0754306e+10 | R16: 1.1549316e+10 | S16: 1.2195952e+10 | T16: 1.0246717e+10 | U16: 1.1085952e+10 | V16: 1.1972411e+10 | W16: 1.2835755e+10 | X16: 1.4148282e+10 | Y16: 1.4892271e+10 | Z16: 1.5283002e+10 | AA16: 1.7612932e+10 | AB16: 2.3189038e+10 | AC16: 2.3443456e+10 | AD16: 2.3385884e+10 | AE16: 2.4571766e+10 | AF16: 2.4927867e+10 | AG16: 2.7055749e+10 | AH16: 2.2937525e+10 | AI16: 2.9564538e+10 | AJ16: 2.9559689e+10 | AK16: 2.3891774e+10 | AL16: 2.6261594e+10 | AM16: 2.5943272e+10 | AN16: 2.8570821e+10 | AO16: 2.8292892e+10 | AP16: 2.5449998e+10 | AQ16: 2.6658863e+10 | AR16: 2.6022273e+10 | AS16: 2.6349557e+10 | AT16: 2.9496676e+10 | AU16: 3.023698e+10 | AV16: 2.7223262e+10 | AW16: 3.1660326e+10 | AX16: 3.5331194e+10 | AY16: 3.4160169e+10 | AZ16: 3.8665077e+10 | BA16: 3.5802539e+10 | BB16: 3.5857097e+10 | BC16: 3.8487342e+10 | BD16: 3.5903986e+10 | BE16: 3.7624747e+10 | BF16: 4.1831392e+10 | BG16: 3.5763144e+10 | BH16: 3.8174422e+10 | BI16: 4.1831009e+10 | BJ16: 4.441563e+10 | BK16: 5.2135238e+10 | BL16: 5.0576546e+10 | BM16: 5.1108159e+10 | BN16: 5.2871938e+10 | BO16: 5.1755849e+10 | BP16: 5.5002428e+10 | BQ16: 5.464968e+10 | BR16: 5.1070801e+10 | BS16: 4.6826253e+10 | BT16: 4.9722496e+10
... A30: Ulanowicz_globalTEmean_catch | B30: ok | C30: 4.9885672e+08 | D30: 5.2036879e+08 | E30: 5.2987791e+08 | F30: 5.6377571e+08 | G30: 5.7276584e+08 | H30: 5.6393995e+08 | I30: 6.5968256e+08 | J30: 8.2662073e+08 | K30: 8.9631592e+08 | L30: 1.1774197e+09 | M30: 1.2979858e+09 | N30: 1.3403387e+09 | O30: 1.5450692e+09 | P30: 1.7175511e+09 | Q30: 2.0247525e+09 | R30: 2.1727425e+09 | S30: 1.9662991e+09 | T30: 1.739172e+09 | U30: 1.955356e+09 | V30: 2.0797926e+09 | W30: 2.2580563e+09 | X30: 2.6138805e+09 | Y30: 2.6721457e+09 | Z30: 2.5567304e+09 | AA30: 3.0420246e+09 | AB30: 2.9962013e+09 | AC30: 3.0911372e+09 | AD30: 3.4731985e+09 | AE30: 3.5454621e+09 | AF30: 3.4036268e+09 | AG30: 3.8428664e+09 | AH30: 3.8517791e+09 | AI30: 3.98807e+09 | AJ30: 3.9212902e+09 | AK30: 3.0590463e+09 | AL30: 3.1737405e+09 | AM30: 3.5356624e+09 | AN30: 3.8089363e+09 | AO30: 3.7459945e+09 | AP30: 3.9509538e+09 | AQ30: 4.097605e+09 | AR30: 3.9953816e+09 | AS30: 3.7465852e+09 | AT30: 4.0131126e+09 | AU30: 3.8212696e+09 | AV30: 3.7460147e+09 | AW30: 4.0282295e+09 | AX30: 4.2380901e+09 | AY30: 4.3667298e+09 | AZ30: 4.8432637e+09 | BA30: 4.8770503e+09 | BB30: 4.8978521e+09 | BC30: 4.767702e+09 | BD30: 4.6518791e+09 | BE30: 4.8265268e+09 | BF30: 4.8200628e+09 | BG30: 4.5355443e+09 | BH30: 4.7628603e+09 | BI30: 5.0553762e+09 | BJ30: 5.0106809e+09 | BK30: 5.6607759e+09 | BL30: 5.8533884e+09 | BM30: 5.5942786e+09 | BN30: 5.7715485e+09 | BO30: 5.8987201e+09 | BP30: 6.5012757e+09 | BQ30: 6.7288187e+09 | BR30: 6.5833825e+09 | BS30: 6.3858529e+09 | BT30: 6.730947e+09
A32: Catch tonnage on a named group: 165,272,511 of 167,652,884 (98.6 %). Unresolved taxa contribute nothing to the model rows and everything to the simple row, so the two are not directly comparable until coverage is 100 %.
A33: 7 of 22 methods are flagged above. A flagged row is a property of this model under that method, not of the mapping; see model_health in the SPPR workbook.
A34: Coverage by year, %:
A35: catch on a named group, % | C35: 97.05 | D35: 97.1 | E35: 97.06 | F35: 97.18 | G35: 97.72 | H35: 97.64 | I35: 98.16 | J35: 98.16 | K35: 98.54 | L35: 98.63 | M35: 98.37 | N35: 98.32 | O35: 98.34 | P35: 98.14 | Q35: 98.23 | R35: 97.83 | S35: 97.68 | T35: 98.33 | U35: 98.34 | V35: 98.37 | W35: 98.86 | X35: 98.97 | Y35: 99.02 | Z35: 99.02 | AA35: 99.08 | AB35: 99.19 | AC35: 99.33 | AD35: 99.2 | AE35: 99.11 | AF35: 99.15 | AG35: 99.28 | AH35: 99.27 | AI35: 99.24 | AJ35: 99.09 | AK35: 98.98 | AL35: 98.91 | AM35: 98.89 | AN35: 98.78 | AO35: 98.46 | AP35: 98.45 | AQ35: 98.22 | AR35: 98.05 | AS35: 98.01 | AT35: 98.01 | AU35: 98.02 | AV35: 98.26 | AW35: 98.33 | AX35: 98.42 | AY35: 98.42 | AZ35: 98.38 | BA35: 98.37 | BB35: 98.4 | BC35: 98.32 | BD35: 98.22 | BE35: 98.13 | BF35: 98.34 | BG35: 98.8 | BH35: 98.82 | BI35: 98.61 | BJ35: 98.87 | BK35: 98.86 | BL35: 98.65 | BM35: 98.53 | BN35: 98.66 | BO35: 98.71 | BP35: 98.68 | BQ35: 98.59 | BR35: 98.59 | BS35: 98.71 | BT35: 98.66

Sheet sppr_inner
A1: Specific PPR per taxon — LME_028, model 28_646_Guinea_(1998)
A2: sppr_simple is the trophic-chain estimate (1/TE)^(TL-1) at TE=0.1, applied to the taxon's own trophic level and needing no model.
A3: Internal sources: primary producers and detritus; excludes imports. Blank means unavailable, not zero. sppr_simple is an unpartitioned reference.
A4: taxon | B4: trophic_level | C4: sppr_simple | D4: Ecopath group | E4: SPPR_1986 | F4: SPPR_1995_TE0.1 | G4: SPPR_1995_TEmean | H4: Ulanowicz_globalTEmean | I4: Ulanowicz_TE | J4: EwE_TE_noEE | K4: EwE_TE_EE | L4: SPPR_2015 | M4: new_TE_noEEfix | N4: new_TE_EEfix | O4: new_GE | P4: new_WithEgestion | Q4: sym_TE_asPP | R4: sym_TE_asDC | S4: sym_GE_asPP | T4: sym_GE_asDC | U4: sym_WithEgestion_asPP | V4: sym_WithEgestion_asDC | W4: MC_new_GE | X4: MC_new_TE_EEfix | Y4: SPPR_1995_TEmean_catch | Z4: Ulanowicz_globalTEmean_catch
A5: Marine fishes not identified | B5: 3.28 | C5: 190.54607 | D5: Côtier L pred | Côtier M pred | Côtier M inv | Côtier S pred | Côtier S inv | Dem L pred | Dem L inv | Dem M pred | Dem M inv | Dem S pred | Dem S inv | E5: 163.76577 | F5: 357.27432 | G5: 340.93336 | H5: 2733.003 | I5: 1872.0622 | J5: 2944.6438 | K5: 2569.806 | L5: 5569.672 | M5: 5569.672 | N5: 5569.672 | O5: 2133.0836 | P5: 753.29794 | Q5: 5569.672 | R5: -19290.871 | S5: 2133.0836 | T5: 2133.4738 | U5: 753.29794 | V5: -114985.18 | W5: 2350.858 | X5: 6003.2435 | Y5: 209.62671 | Z5: 1161.3635
A6: Ethmalosa fimbriata | B6: 2.5 | C6: 31.622777 | D6: Ethmalose | E6: 163.76577 | F6: 32.757151 | G6: 31.91145 | H6: 65.818434 | I6: 85.31189 | J6: 85.31189 | K6: 81.046295 | L6: 91.491097 | M6: 91.491097 | N6: 91.491097 | O6: 73.367465 | P6: 43.161455 | Q6: 91.491097 | R6: 91.491097 | S6: 73.367465 | T6: 73.377987 | U6: 43.161455 | V6: -338.70528 | W6: 77.445951 | X6: 95.672556 | Y6: 24.291412 | Z6: 44.953839
A7: Sardinella | B7: 2.77 | C7: 58.884366 | D7: Côtier pel S inv | E7: 163.76577 | F7: 63.371783 | G7: 61.431046 | H7: 318.70905 | I7: 117.87126 | J7: 118.15177 | K7: 106.83022 | L7: 182.67852 | M7: 182.67852 | N7: 182.67852 | O7: 118.78705 | P7: 55.817264 | Q7: 182.67852 | R7: 182.67852 | S7: 118.78705 | T7: 118.80516 | U7: 55.817264 | V7: -489.07734 | W7: 128.84765 | X7: 189.69072 | Y7: 44.410268 | Z7: 180.28213
A8: Engraulis encrasicolus | B8: 3.11 | C8: 128.82495 | D8: Côtier pel S inv | E8: 163.76577 | F8: 63.371783 | G8: 61.431046 | H8: 318.70905 | I8: 117.87126 | J8: 118.15177 | K8: 106.83022 | L8: 182.67852 | M8: 182.67852 | N8: 182.67852 | O8: 118.78705 | P8: 55.817264 | Q8: 182.67852 | R8: 182.67852 | S8: 118.78705 | T8: 118.80516 | U8: 55.817264 | V8: -489.07734 | W8: 128.84765 | X8: 189.69072 | Y8: 44.410268 | Z8: 180.28213
A9: Pseudotolithus | B9: 3.79 | C9: 616.595 | D9: Bars | E9: 163.76577 | F9: 765.12621 | G9: 727.97256 | H9: 3298.2562 | I9: 1392.3584 | J9: 1698.4101 | K9: 1593.2849 | L9: 2935.6624 | M9: 2935.6624 | N9: 2935.6624 | O9: 1750.5491 | P9: 663.60328 | Q9: 2935.6624 | R9: -12163.718 | S9: 1750.5491 | T9: 1750.8693 | U9: 663.60328 | V9: -129126.84 | W9: 1958.6741 | X9: 3084.9012 | Y9: 433.12482 | Z9: 1494.3082
A10: Sardinella aurita | B10: 3.4 | C10: 251.18864 | D10: Côtier pel S inv | E10: 163.76577 | F10: 63.371783 | G10: 61.431046 | H10: 318.70905 | I10: 117.87126 | J10: 118.15177 | K10: 106.83022 | L10: 182.67852 | M10: 182.67852 | N10: 182.67852 | O10: 118.78705 | P10: 55.817264 | Q10: 182.67852 | R10: 182.67852 | S10: 118.78705 | T10: 118.80516 | U10: 55.817264 | V10: -489.07734 | W10: 128.84765 | X10: 189.69072 | Y10: 44.410268 | Z10: 180.28213
A11: Cephalopoda | B11: 3.81 | C11: 645.65423 | D11: Céphalopodes | E11: 163.76577 | F11: 822.92693 | G11: 782.5392 | H11: 2911.8693 | I11: 776.13251 | J11: 776.13251 | K11: 737.32588 | L11: 1169.0608 | M11: 1169.0608 | N11: 1169.0608 | O11: 633.53134 | P11: 262.8472 | Q11: 1169.0608 | R11: 1169.0608 | S11: 633.53134 | T11: 633.6434 | U11: 262.8472 | V11: -2693.7897 | W11: 696.07346 | X11: 1245.5994 | Y11: 462.94661 | Z11: 1388.4729
A12: Brachydeuterus auritus | B12: 3.03 | C12: 107.15193 | D12: Côtier S inv | E12: 163.76577 | F12: 79.510256 | G12: 76.944312 | H12: 373.15093 | I12: 228.20441 | J12: 228.80803 | K12: 222.99761 | L12: 302.43669 | M12: 302.43669 | N12: 302.43669 | O12: 244.20308 | P12: 127.64123 | Q12: 302.43669 | R12: 302.43669 | S12: 244.20308 | T12: 244.24861 | U12: 127.64123 | V12: -1347.8236 | W12: 265.99065 | X12: 316.45577 | Y12: 54.647132 | Z12: 203.02556
A13: Trachurus | B13: 3.69 | C13: 489.77882 | D13: Pel S inv | E13: 163.76577 | F13: 157.97086 | G13: 152.0881 | H13: 577.27166 | I13: 239.81024 | J13: 250.63167 | K13: 247.597 | L13: 317.63082 | M13: 317.63082 | N13: 317.63082 | O13: 109.89231 | P13: 46.754759 | Q13: 317.63082 | R13: 317.63082 | S13: 109.89231 | T13: 109.90435 | U13: 46.754759 | V13: -281.14646 | W13: 116.0665 | X13: 339.62284 | Y13: 102.36962 | Z13: 312.79001
A14: Sardinella maderensis | B14: 3.2 | C14: 158.48932 | D14: Côtier pel S inv | E14: 163.76577 | F14: 63.371783 | G14: 61.431046 | H14: 318.70905 | I14: 117.87126 | J14: 118.15177 | K14: 106.83022 | L14: 182.67852 | M14: 182.67852 | N14: 182.67852 | O14: 118.78705 | P14: 55.817264 | Q14: 182.67852 | R14: 182.67852 | S14: 118.78705 | T14: 118.80516 | U14: 55.817264 | V14: -489.07734 | W14: 128.84765 | X14: 189.69072 | Y14: 44.410268 | Z14: 180.28213
A15: Katsuwonus pelamis | B15: 4.43 | C15: 2691.5348 | D15: Thons majeurs | E15: 163.76577 | F15: 2736.4228 | G15: 2578.7911 | H15: 17894.302 | I15: 8524.6222 | J15: 8877.0519 | K15: 4438.5259 | L15: 13559.408 | M15: 13559.408 | N15: 13559.408 | O15: 3620.8555 | P15: 1183.5884 | Q15: 13559.408 | R15: -35792.677 | S15: 3620.8555 | T15: 3621.4924 | U15: 1183.5884 | V15: -69430.652 | W15: 4014.1857 | X15: 14860.283 | Y15: 1388.7868 | Z15: 6982.2324
A16: Thunnus albacares | B16: 4.41 | C16: 2570.3958 | D16: Thons majeurs | E16: 163.76577 | F16: 2736.4228 | G16: 2578.7911 | H16: 17894.302 | I16: 8524.6222 | J16: 8877.0519 | K16: 4438.5259 | L16: 13559.408 | M16: 13559.408 | N16: 13559.408 | O16: 3620.8555 | P16: 1183.5884 | Q16: 13559.408 | R16: -35792.677 | S16: 3620.8555 | T16: 3621.4924 | U16: 1183.5884 | V16: -69430.652 | W16: 4014.1857 | X16: 14860.283 | Y16: 1388.7868 | Z16: 6982.2324
... A24: Chloroscombrus chrysurus | B24: 3.54 | C24: 346.73685 | D24: Côtier pel L pred | E24: 163.76577 | F24: 1052.5579 | G24: 999.05539 | H24: 11777.345 | I24: 6532.703 | J24: 7781.5435 | K24: 7457.8675 | L24: 14096.783 | M24: 14096.783 | N24: 14096.783 | O24: 6109.5036 | P24: 1921.92 | Q24: 14096.783 | R24: -57701.402 | S24: 6109.5036 | T24: 6110.5937 | U24: 1921.92 | V24: -289768.06 | W24: 6783.0827 | X24: 15274.19 | Y24: 579.77062 | Z24: 4535.5031
A25: Sarotherodon melanotheron | B25: 2.23 | C25: 16.982437 | D25: Unresolved
A26: Sepia | B26: 3.69 | C26: 489.77882 | D26: Céphalopodes | E26: 163.76577 | F26: 822.92693 | G26: 782.5392 | H26: 2911.8693 | I26: 776.13251 | J26: 776.13251 | K26: 737.32588 | L26: 1169.0608 | M26: 1169.0608 | N26: 1169.0608 | O26: 633.53134 | P26: 262.8472 | Q26: 1169.0608 | R26: 1169.0608 | S26: 633.53134 | T26: 633.6434 | U26: 262.8472 | V26: -2693.7897 | W26: 696.07346 | X26: 1245.5994 | Y26: 462.94661 | Z26: 1388.4729
A27: Clupeidae | B27: 3.16 | C27: 144.54398 | D27: Côtier pel S inv | Ethmalose | E27: 163.76577 | F27: 51.162121 | G27: 49.658104 | H27: 217.85175 | I27: 104.886 | J27: 105.05464 | K27: 96.547133 | L27: 146.31135 | M27: 146.31135 | N27: 146.31135 | O27: 100.67291 | P27: 50.769901 | Q27: 146.31135 | R27: 146.31135 | S27: 100.67291 | T27: 100.68799 | U27: 50.769901 | V27: -429.10628 | W27: 108.34773 | X27: 152.19459 | Y27: 36.386509 | Z27: 126.31079
A28: Scombridae | B28: 4.26 | C28: 1819.7009 | D28: Thons majeurs | Thons mineurs | Pel S inv | E28: 163.76577 | F28: 1573.7995 | G28: 1485.3816 | H28: 10141.867 | I28: 4590.5144 | J28: 4766.3815 | K28: 2464.4678 | L28: 7208.8327 | M28: 7208.8327 | N28: 7208.8327 | O28: 1977.2449 | P28: 659.01275 | Q28: 7208.8327 | R28: -16133.242 | S28: 1977.2449 | T28: 1977.5894 | U28: 659.01275 | V28: -33760.733 | W28: 2187.8438 | X28: 7875.2548 | Y28: 813.5835 | Z28: 4029.8687
A29: Elasmobranchii | B29: 4.05 | C29: 1122.0185 | D29: Sélaciens L prof | Sélaciens L côtiers | Sélaciens M prof | Sélaciens M côtiers | E29: 163.76577 | F29: 2769.4595 | G29: 2609.2348 | H29: 29837.724 | I29: 101657.16 | J29: 104397.53 | K29: 54134.261 | L29: 481963.8 | M29: 481963.8 | N29: 481963.8 | O29: 42014.911 | P29: 10783.91 | Q29: 481963.8 | R29: -1054493.3 | S29: 42014.911 | T29: 42022.332 | U29: 10783.91 | V29: -804804.47 | W29: 47810.498 | X29: 582148.08 | Y29: 1401.4805 | Z29: 10590.149
A30: Polydactylus quadrifilis | B30: 4.01 | C30: 1023.293 | D30: Gros capitaine | E30: 163.76577 | F30: 1068.4537 | G30: 1014.0292 | H30: 8964.7139 | I30: 3381.0787 | J30: 3383.2539 | K30: 3347.0639 | L30: 4619.6946 | M30: 4619.6946 | N30: 4619.6946 | O30: 3278.3102 | P30: 1130.3019 | Q30: 4619.6946 | R30: -489362.96 | S30: 3278.3102 | T30: 3278.9059 | U30: 1130.3019 | V30: -1276833.8 | W30: 3567.6679 | X30: 4954.169 | Y30: 587.77086 | Z30: 3503.5507
A31: Thunnus obesus | B31: 4.49 | C31: 3090.2954 | D31: Thons majeurs | E31: 163.76577 | F31: 2736.4228 | G31: 2578.7911 | H31: 17894.302 | I31: 8524.6222 | J31: 8877.0519 | K31: 4438.5259 | L31: 13559.408 | M31: 13559.408 | N31: 13559.408 | O31: 3620.8555 | P31: 1183.5884 | Q31: 13559.408 | R31: -35792.677 | S31: 3620.8555 | T31: 3621.4924 | U31: 1183.5884 | V31: -69430.652 | W31: 4014.1857 | X31: 14860.283 | Y31: 1388.7868 | Z31: 6982.2324
A32: Mugilidae | B32: 2.53 | C32: 33.884416 | D32: Dem M inv | Mulets | E32: 163.76577 | F32: 161.36533 | G32: 155.27724 | H32: 481.49753 | I32: 660.48913 | J32: 660.48913 | K32: 627.46467 | L32: 831.3346 | M32: 831.3346 | N32: 831.3346 | O32: 685.68599 | P32: 373.36083 | Q32: 831.3346 | R32: 831.3346 | S32: 685.68599 | T32: 685.81852 | U32: 373.36083 | V32: -4104.6066 | W32: 751.20106 | X32: 882.86904 | Y32: 103.9793 | Z32: 267.85386
A33: Polynemidae | B33: 3.62 | C33: 416.86938 | D33: Gros capitaine | Petit capitaine | Capitaine royal | E33: 163.76577 | F33: 716.99299 | G33: 682.30875 | H33: 3636.5773 | I33: 1465.3399 | J33: 1466.1442 | K33: 1415.98 | L33: 2017.3805 | M33: 2017.3805 | N33: 2017.3805 | O33: 1473.7028 | P33: 577.83306 | Q33: 2017.3805 | R33: -158976.52 | S33: 1473.7028 | T33: 1473.974 | U33: 577.83306 | V33: -461257.21 | W33: 1613.6987 | X33: 2131.5876 | Y33: 406.88963 | Z33: 1576.5185
A34: Balistidae | B34: 3.25 | C34: 177.82794 | D34: Dem M inv | E34: 163.76577 | F34: 172.48506 | G34: 165.9524 | H34: 511.34772 | I34: 706.00458 | J34: 706.00458 | K34: 670.70435 | L34: 890.12817 | M34: 890.12817 | N34: 890.12817 | O34: 735.26237 | P34: 400.35159 | Q34: 890.12817 | R34: 890.12817 | S34: 735.26237 | T34: 735.40493 | U34: 400.35159 | V34: -4414.7395 | W34: 805.76896 | X34: 945.57459 | Y34: 110.93644 | Z34: 283.97695
A35: Nematocarcinus africanus | B35: 3.29 | C35: 194.98446 | D35: Crustacés | E35: 163.76577 | F35: 79.64922 | G35: 77.077782 | H35: 199.4204 | I35: 94.919134 | J35: 94.919134 | K35: 90.173177 | L35: 135.65117 | M35: 135.65117 | N35: 135.65117 | O35: 112.09709 | P35: 63.65447 | Q35: 135.65117 | R35: 135.65117 | S35: 112.09709 | T35: 112.1184 | U35: 63.65447 | V35: -691.7087 | W35: 122.92633 | X35: 140.8975 | Y35: 54.73445 | Z35: 122.75357
A36: Haemulidae | B36: 3.36 | C36: 229.08677 | D36: Côtier M inv | Côtier S inv | Dem M inv | E36: 163.76577 | F36: 133.78182 | G36: 128.90183 | H36: 476.90593 | I36: 376.10566 | J36: 376.35309 | K36: 365.2376 | L36: 482.42498 | M36: 482.42498 | N36: 482.42498 | O36: 402.21139 | P36: 215.97116 | Q36: 482.42498 | R36: 482.42498 | S36: 402.21139 | T36: 402.28878 | U36: 215.97116 | V36: -2361.0249 | W36: 439.70214 | X36: 508.77589 | Y36: 87.514658 | Z36: 261.66473
A37: Cynoglossus | B37: 3.36 | C37: 229.08677 | D37: Côtier M inv | E37: 163.76577 | F37: 170.83761 | G37: 164.37917 | H37: 573.17413 | I37: 332.81245 | J37: 332.81245 | K37: 331.19042 | L37: 425.73226 | M37: 425.73226 | N37: 425.73226 | O37: 368.42645 | P37: 198.24314 | Q37: 425.73226 | R37: 425.73226 | S37: 368.42645 | T37: 368.49829 | U37: 198.24314 | V37: -2197.0479 | W37: 402.61322 | X37: 447.45197 | Y37: 109.96726 | Z37: 314.24246
... A58: Pteroscion peli | B58: 3.56 | C58: 363.07806 | D58: Côtier S pred | E58: 163.76577 | F58: 545.7577 | G58: 520.57318 | H58: 4917.1892 | I58: 1275.4347 | J58: 1276.0688 | K58: 1149.7584 | L58: 1835.8395 | M58: 1835.8395 | N58: 1835.8395 | O58: 1067.66 | P58: 415.49333 | Q58: 1835.8395 | R58: 1835.8395 | S58: 1067.66 | T58: 1067.85 | U58: 415.49333 | V58: -4247.2916 | W58: 1177.7268 | X58: 1944.1126 | Y58: 318.01975 | Z58: 2089.1188
A59: Sarotherodon galilaeus | B59: 2.29 | C59: 19.498446 | D59: Unresolved
A60: Pseudotolithus senegalensis | B60: 3.79 | C60: 616.595 | D60: Bars | E60: 163.76577 | F60: 765.12621 | G60: 727.97256 | H60: 3298.2562 | I60: 1392.3584 | J60: 1698.4101 | K60: 1593.2849 | L60: 2935.6624 | M60: 2935.6624 | N60: 2935.6624 | O60: 1750.5491 | P60: 663.60328 | Q60: 2935.6624 | R60: -12163.718 | S60: 1750.5491 | T60: 1750.8693 | U60: 663.60328 | V60: -129126.84 | W60: 1958.6741 | X60: 3084.9012 | Y60: 433.12482 | Z60: 1494.3082
A61: Parapenaeus longirostris | B61: 3.3 | C61: 199.52623 | D61: Crustacés | E61: 163.76577 | F61: 79.64922 | G61: 77.077782 | H61: 199.4204 | I61: 94.919134 | J61: 94.919134 | K61: 90.173177 | L61: 135.65117 | M61: 135.65117 | N61: 135.65117 | O61: 112.09709 | P61: 63.65447 | Q61: 135.65117 | R61: 135.65117 | S61: 112.09709 | T61: 112.1184 | U61: 63.65447 | V61: -691.7087 | W61: 122.92633 | X61: 140.8975 | Y61: 54.73445 | Z61: 122.75357
A62: Caranx hippos | B62: 3.56 | C62: 363.07806 | D62: Côtier pel L pred | E62: 163.76577 | F62: 1052.5579 | G62: 999.05539 | H62: 11777.345 | I62: 6532.703 | J62: 7781.5435 | K62: 7457.8675 | L62: 14096.783 | M62: 14096.783 | N62: 14096.783 | O62: 6109.5036 | P62: 1921.92 | Q62: 14096.783 | R62: -57701.402 | S62: 6109.5036 | T62: 6110.5937 | U62: 1921.92 | V62: -289768.06 | W62: 6783.0827 | X62: 15274.19 | Y62: 579.77062 | Z62: 4535.5031
A63: Marine pelagic fishes not identified | B63: 3.35 | C63: 223.87211 | D63: Côtier pel L pred | Côtier pel S inv | Pel L pred | Pel S inv | E63: 163.76577 | F63: 266.57574 | G63: 254.17511 | H63: 2537.1049 | I63: 1357.7337 | J63: 1595.9948 | K63: 1526.2041 | L63: 2851.7462 | M63: 2851.7462 | N63: 2851.7462 | O63: 1260.031 | P63: 410.79334 | Q63: 2851.7462 | R63: -10975.266 | S63: 1260.031 | T63: 1260.2526 | U63: 410.79334 | V63: -55664.543 | W63: 1396.1928 | X63: 3083.6175 | Y63: 155.29096 | Z63: 1028.7846
A64: Pentheroscion mbizi | B64: 3.7 | C64: 501.18723 | D64: Unresolved
A65: Pentanemus quinquarius | B65: 3.56 | C65: 363.07806 | D65: Capitaine royal | E65: 163.76577 | F65: 672.70764 | G65: 640.65969 | H65: 2114.1741 | I65: 1064.7009 | J65: 1065.6635 | K65: 1012.3803 | L65: 1453.0182 | M65: 1453.0182 | N65: 1453.0182 | O65: 1093.5494 | P65: 480.83353 | Q65: 1453.0182 | R65: -277661.66 | S65: 1093.5494 | T65: 1093.7469 | U65: 480.83353 | V65: -1079438.8 | W65: 1199.7663 | X65: 1524.6603 | Y65: 385.03238 | Z65: 1049.8497
A66: Caranx | B66: 4.12 | C66: 1318.2567 | D66: Côtier pel L pred | E66: 163.76577 | F66: 1052.5579 | G66: 999.05539 | H66: 11777.345 | I66: 6532.703 | J66: 7781.5435 | K66: 7457.8675 | L66: 14096.783 | M66: 14096.783 | N66: 14096.783 | O66: 6109.5036 | P66: 1921.92 | Q66: 14096.783 | R66: -57701.402 | S66: 6109.5036 | T66: 6110.5937 | U66: 1921.92 | V66: -289768.06 | W66: 6783.0827 | X66: 15274.19 | Y66: 579.77062 | Z66: 4535.5031
A67: Carlarius heudelotii | B67: 3.77 | C67: 588.84366 | D67: Mâchoiron | E67: 163.76577 | F67: 446.27355 | G67: 426.32251 | H67: 2287.4105 | I67: 1227.2707 | J67: 1227.8431 | K67: 1177.6187 | L67: 1664.2296 | M67: 1664.2296 | N67: 1664.2296 | O67: 1262.7376 | P67: 551.92416 | Q67: 1664.2296 | R67: 12631.634 | S67: 1262.7376 | T67: 1262.9732 | U67: 551.92416 | V67: -515875.08 | W67: 1387.583 | X67: 1742.0878 | Y67: 264.57266 | Z67: 1050.612
A68: Scomber | B68: 3.65 | C68: 446.68359 | D68: Pel S inv | E68: 163.76577 | F68: 157.97086 | G68: 152.0881 | H68: 577.27166 | I68: 239.81024 | J68: 250.63167 | K68: 247.597 | L68: 317.63082 | M68: 317.63082 | N68: 317.63082 | O68: 109.89231 | P68: 46.754759 | Q68: 317.63082 | R68: 317.63082 | S68: 109.89231 | T68: 109.90435 | U68: 46.754759 | V68: -281.14646 | W68: 116.0665 | X68: 339.62284 | Y68: 102.36962 | Z68: 312.79001
A69: Pagellus bellottii | B69: 3.6 | C69: 398.10717 | D69: Dem M inv | E69: 163.76577 | F69: 172.48506 | G69: 165.9524 | H69: 511.34772 | I69: 706.00458 | J69: 706.00458 | K69: 670.70435 | L69: 890.12817 | M69: 890.12817 | N69: 890.12817 | O69: 735.26237 | P69: 400.35159 | Q69: 890.12817 | R69: 890.12817 | S69: 735.26237 | T69: 735.40493 | U69: 400.35159 | V69: -4414.7395 | W69: 805.76896 | X69: 945.57459 | Y69: 110.93644 | Z69: 283.97695
A70: Pagrus | B70: 3.55 | C70: 354.81339 | D70: Dem L pred | E70: 163.76577 | F70: 702.92427 | G70: 669.21632 | H70: 8905.4331 | I70: 6777.5601 | J70: 6838.4767 | K70: 5761.884 | L70: 11046.457 | M70: 11046.457 | N70: 11046.457 | O70: 5782.6426 | P70: 2043.7713 | Q70: 11046.457 | R70: 11046.457 | S70: 5782.6426 | T70: 5783.7141 | U70: 2043.7713 | V70: -21764.359 | W70: 6493.9392 | X70: 12062.969 | Y70: 400.81521 | Z70: 3457.5353
A71: Pomadasys jubelini | B71: 3.33 | C71: 213.79621 | D71: Côtier M inv | E71: 163.76577 | F71: 170.83761 | G71: 164.37917 | H71: 573.17413 | I71: 332.81245 | J71: 332.81245 | K71: 331.19042 | L71: 425.73226 | M71: 425.73226 | N71: 425.73226 | O71: 368.42645 | P71: 198.24314 | Q71: 425.73226 | R71: 425.73226 | S71: 368.42645 | T71: 368.49829 | U71: 198.24314 | V71: -2197.0479 | W71: 402.61322 | X71: 447.45197 | Y71: 109.96726 | Z71: 314.24246
A72: Auxis thazard | B72: 4.37 | C72: 2344.2288 | D72: Thons mineurs | E72: 163.76577 | F72: 1395.6349 | G72: 1321.8947 | H72: 9241.3709 | I72: 2965.0642 | J72: 2997.7963 | K72: 1727.3008 | L72: 4278.6736 | M72: 4278.6736 | N72: 4278.6736 | O72: 1413.5935 | P72: 516.91823 | Q72: 4278.6736 | R72: 4278.6736 | S72: 1413.5935 | T72: 1413.8384 | U72: 516.91823 | V72: -5160.7383 | W72: 1554.1375 | X72: 4550.0708 | Y72: 750.38172 | Z72: 3860.2006
A73: Elops lacerta | B73: 4.24 | C73: 1737.8008 | D73: Côtier pel L pred | E73: 163.76577 | F73: 1052.5579 | G73: 999.05539 | H73: 11777.345 | I73: 6532.703 | J73: 7781.5435 | K73: 7457.8675 | L73: 14096.783 | M73: 14096.783 | N73: 14096.783 | O73: 6109.5036 | P73: 1921.92 | Q73: 14096.783 | R73: -57701.402 | S73: 6109.5036 | T73: 6110.5937 | U73: 1921.92 | V73: -289768.06 | W73: 6783.0827 | X73: 15274.19 | Y73: 579.77062 | Z73: 4535.5031
A74: Pseudotolithus typus | B74: 3.7 | C74: 501.18723 | D74: Bars | E74: 163.76577 | F74: 765.12621 | G74: 727.97256 | H74: 3298.2562 | I74: 1392.3584 | J74: 1698.4101 | K74: 1593.2849 | L74: 2935.6624 | M74: 2935.6624 | N74: 2935.6624 | O74: 1750.5491 | P74: 663.60328 | Q74: 2935.6624 | R74: -12163.718 | S74: 1750.5491 | T74: 1750.8693 | U74: 663.60328 | V74: -129126.84 | W74: 1958.6741 | X74: 3084.9012 | Y74: 433.12482 | Z74: 1494.3082
A75: Octopus vulgaris | B75: 3.6 | C75: 398.10717 | D75: Céphalopodes | E75: 163.76577 | F75: 822.92693 | G75: 782.5392 | H75: 2911.8693 | I75: 776.13251 | J75: 776.13251 | K75: 737.32588 | L75: 1169.0608 | M75: 1169.0608 | N75: 1169.0608 | O75: 633.53134 | P75: 262.8472 | Q75: 1169.0608 | R75: 1169.0608 | S75: 633.53134 | T75: 633.6434 | U75: 262.8472 | V75: -2693.7897 | W75: 696.07346 | X75: 1245.5994 | Y75: 462.94661 | Z75: 1388.4729
A76: Lutjanus | B76: 4.02 | C76: 1047.1285 | D76: Côtier L pred | E76: 163.76577 | F76: 834.7927 | G76: 793.73743 | H76: 7076.9242 | I76: 5090.6783 | J76: 9568.2771 | K76: 8272.8984 | L76: 19279.553 | M76: 19279.553 | N76: 19279.553 | O76: 6360.6431 | P76: 2029.2582 | Q76: 19279.553 | R76: -84755.375 | S76: 6360.6431 | T76: 6361.7943 | U76: 2029.2582 | V76: -469150.66 | W76: 6996.0731 | X76: 20789.961 | Y76: 469.04605 | Z76: 2908.6936
... A85: Pagellus | B85: 3.44 | C85: 275.42287 | D85: Dem M inv | E85: 163.76577 | F85: 172.48506 | G85: 165.9524 | H85: 511.34772 | I85: 706.00458 | J85: 706.00458 | K85: 670.70435 | L85: 890.12817 | M85: 890.12817 | N85: 890.12817 | O85: 735.26237 | P85: 400.35159 | Q85: 890.12817 | R85: 890.12817 | S85: 735.26237 | T85: 735.40493 | U85: 400.35159 | V85: -4414.7395 | W85: 805.76896 | X85: 945.57459 | Y85: 110.93644 | Z85: 283.97695
A86: Nematopalaemon hastatus | D86: Crustacés | E86: 163.76577 | F86: 79.64922 | G86: 77.077782 | H86: 199.4204 | I86: 94.919134 | J86: 94.919134 | K86: 90.173177 | L86: 135.65117 | M86: 135.65117 | N86: 135.65117 | O86: 112.09709 | P86: 63.65447 | Q86: 135.65117 | R86: 135.65117 | S86: 112.09709 | T86: 112.1184 | U86: 63.65447 | V86: -691.7087 | W86: 122.92633 | X86: 140.8975 | Y86: 54.73445 | Z86: 122.75357
A87: Selene dorsalis | B87: 4.08 | C87: 1202.2644 | D87: Côtier pel L pred | E87: 163.76577 | F87: 1052.5579 | G87: 999.05539 | H87: 11777.345 | I87: 6532.703 | J87: 7781.5435 | K87: 7457.8675 | L87: 14096.783 | M87: 14096.783 | N87: 14096.783 | O87: 6109.5036 | P87: 1921.92 | Q87: 14096.783 | R87: -57701.402 | S87: 6109.5036 | T87: 6110.5937 | U87: 1921.92 | V87: -289768.06 | W87: 6783.0827 | X87: 15274.19 | Y87: 579.77062 | Z87: 4535.5031
A88: Trachinotus | B88: 3.69 | C88: 489.77882 | D88: Côtier pel L pred | E88: 163.76577 | F88: 1052.5579 | G88: 999.05539 | H88: 11777.345 | I88: 6532.703 | J88: 7781.5435 | K88: 7457.8675 | L88: 14096.783 | M88: 14096.783 | N88: 14096.783 | O88: 6109.5036 | P88: 1921.92 | Q88: 14096.783 | R88: -57701.402 | S88: 6109.5036 | T88: 6110.5937 | U88: 1921.92 | V88: -289768.06 | W88: 6783.0827 | X88: 15274.19 | Y88: 579.77062 | Z88: 4535.5031
A89: Balistes capriscus | B89: 4.06 | C89: 1148.1536 | D89: Dem M inv | E89: 163.76577 | F89: 172.48506 | G89: 165.9524 | H89: 511.34772 | I89: 706.00458 | J89: 706.00458 | K89: 670.70435 | L89: 890.12817 | M89: 890.12817 | N89: 890.12817 | O89: 735.26237 | P89: 400.35159 | Q89: 890.12817 | R89: 890.12817 | S89: 735.26237 | T89: 735.40493 | U89: 400.35159 | V89: -4414.7395 | W89: 805.76896 | X89: 945.57459 | Y89: 110.93644 | Z89: 283.97695
A90: Pseudupeneus prayensis | B90: 3.24 | C90: 173.78008 | D90: Dem M inv | E90: 163.76577 | F90: 172.48506 | G90: 165.9524 | H90: 511.34772 | I90: 706.00458 | J90: 706.00458 | K90: 670.70435 | L90: 890.12817 | M90: 890.12817 | N90: 890.12817 | O90: 735.26237 | P90: 400.35159 | Q90: 890.12817 | R90: 890.12817 | S90: 735.26237 | T90: 735.40493 | U90: 400.35159 | V90: -4414.7395 | W90: 805.76896 | X90: 945.57459 | Y90: 110.93644 | Z90: 283.97695
A91: Prionace glauca | B91: 4.35 | C91: 2238.7211 | D91: Sélaciens L prof | E91: 163.76577 | F91: 2984.3567 | G91: 2810.6147 | H91: 33755.938 | I91: 124488.42 | J91: 128866.94 | K91: 64433.468 | L91: 630806.18 | M91: 630806.18 | N91: 630806.18 | O91: 51235.063 | P91: 12871.978 | Q91: 630806.18 | R91: -1411127.8 | S91: 51235.063 | T91: 51244.103 | U91: 12871.978 | V91: -997488.46 | W91: 58369.579 | X91: 764649.17 | Y91: 1503.4023 | Z91: 11832.438
A92: Thunnus thynnus | B92: 4.45 | C92: 2818.3829 | D92: Thons majeurs | E92: 163.76577 | F92: 2736.4228 | G92: 2578.7911 | H92: 17894.302 | I92: 8524.6222 | J92: 8877.0519 | K92: 4438.5259 | L92: 13559.408 | M92: 13559.408 | N92: 13559.408 | O92: 3620.8555 | P92: 1183.5884 | Q92: 13559.408 | R92: -35792.677 | S92: 3620.8555 | T92: 3621.4924 | U92: 1183.5884 | V92: -69430.652 | W92: 4014.1857 | X92: 14860.283 | Y92: 1388.7868 | Z92: 6982.2324
A93: Thunnus alalunga | B93: 4.3 | C93: 1995.2623 | D93: Thons majeurs | E93: 163.76577 | F93: 2736.4228 | G93: 2578.7911 | H93: 17894.302 | I93: 8524.6222 | J93: 8877.0519 | K93: 4438.5259 | L93: 13559.408 | M93: 13559.408 | N93: 13559.408 | O93: 3620.8555 | P93: 1183.5884 | Q93: 13559.408 | R93: -35792.677 | S93: 3620.8555 | T93: 3621.4924 | U93: 1183.5884 | V93: -69430.652 | W93: 4014.1857 | X93: 14860.283 | Y93: 1388.7868 | Z93: 6982.2324
A94: Sepiida | B94: 3.7 | C94: 501.18723 | D94: Céphalopodes | E94: 163.76577 | F94: 822.92693 | G94: 782.5392 | H94: 2911.8693 | I94: 776.13251 | J94: 776.13251 | K94: 737.32588 | L94: 1169.0608 | M94: 1169.0608 | N94: 1169.0608 | O94: 633.53134 | P94: 262.8472 | Q94: 1169.0608 | R94: 1169.0608 | S94: 633.53134 | T94: 633.6434 | U94: 262.8472 | V94: -2693.7897 | W94: 696.07346 | X94: 1245.5994 | Y94: 462.94661 | Z94: 1388.4729
A95: Octopoda | B95: 3.58 | C95: 380.1894 | D95: Céphalopodes | E95: 163.76577 | F95: 822.92693 | G95: 782.5392 | H95: 2911.8693 | I95: 776.13251 | J95: 776.13251 | K95: 737.32588 | L95: 1169.0608 | M95: 1169.0608 | N95: 1169.0608 | O95: 633.53134 | P95: 262.8472 | Q95: 1169.0608 | R95: 1169.0608 | S95: 633.53134 | T95: 633.6434 | U95: 262.8472 | V95: -2693.7897 | W95: 696.07346 | X95: 1245.5994 | Y95: 462.94661 | Z95: 1388.4729
A96: Euthynnus alletteratus | B96: 4.49 | C96: 3090.2954 | D96: Thons mineurs | E96: 163.76577 | F96: 1395.6349 | G96: 1321.8947 | H96: 9241.3709 | I96: 2965.0642 | J96: 2997.7963 | K96: 1727.3008 | L96: 4278.6736 | M96: 4278.6736 | N96: 4278.6736 | O96: 1413.5935 | P96: 516.91823 | Q96: 4278.6736 | R96: 4278.6736 | S96: 1413.5935 | T96: 1413.8384 | U96: 516.91823 | V96: -5160.7383 | W96: 1554.1375 | X96: 4550.0708 | Y96: 750.38172 | Z96: 3860.2006
A97: Rajiformes | B97: 3.61 | C97: 407.38028 | D97: Sélaciens L prof | Sélaciens M prof | E97: 163.76577 | F97: 2943.2658 | G97: 2772.1954 | H97: 30340.285 | I97: 106442.92 | J97: 110084.88 | K97: 55042.439 | L97: 519043.25 | M97: 519043.25 | N97: 519043.25 | O97: 43711.019 | P97: 11190.497 | Q97: 519043.25 | R97: -1134362.8 | S97: 43711.019 | T97: 43718.735 | U97: 11190.497 | V97: -815589.49 | W97: 49789.922 | X97: 628099.45 | Y97: 1484.4159 | Z97: 10771.911
A98: Solea | B98: 3.13 | C98: 134.89629 | D98: Côtier S inv | E98: 163.76577 | F98: 79.510256 | G98: 76.944312 | H98: 373.15093 | I98: 228.20441 | J98: 228.80803 | K98: 222.99761 | L98: 302.43669 | M98: 302.43669 | N98: 302.43669 | O98: 244.20308 | P98: 127.64123 | Q98: 302.43669 | R98: 302.43669 | S98: 244.20308 | T98: 244.24861 | U98: 127.64123 | V98: -1347.8236 | W98: 265.99065 | X98: 316.45577 | Y98: 54.647132 | Z98: 203.02556
... A136: Octopus | B136: 3.8 | C136: 630.95734 | D136: Céphalopodes | E136: 163.76577 | F136: 822.92693 | G136: 782.5392 | H136: 2911.8693 | I136: 776.13251 | J136: 776.13251 | K136: 737.32588 | L136: 1169.0608 | M136: 1169.0608 | N136: 1169.0608 | O136: 633.53134 | P136: 262.8472 | Q136: 1169.0608 | R136: 1169.0608 | S136: 633.53134 | T136: 633.6434 | U136: 262.8472 | V136: -2693.7897 | W136: 696.07346 | X136: 1245.5994 | Y136: 462.94661 | Z136: 1388.4729
A137: Gobiidae | B137: 3.11 | C137: 128.82495 | D137: Unresolved
A138: Carcharhinus | B138: 4.26 | C138: 1819.7009 | D138: Sélaciens L côtiers | Sélaciens L prof | E138: 163.76577 | F138: 2781.8231 | G138: 2620.7297 | H138: 32914.045 | I138: 117376.99 | J138: 120595.39 | K138: 62652.874 | L138: 577175.63 | M138: 577175.63 | N138: 577175.63 | O138: 48623.971 | P138: 12260.046 | Q138: 577175.63 | R138: -1291278.9 | S138: 48623.971 | T138: 48632.556 | U138: 12260.046 | V138: -968705.23 | W138: 55337.883 | X138: 698317.2 | Y138: 1406.8182 | Z138: 11543.574
A139: Trachinotus ovatus | B139: 3.73 | C139: 537.0318 | D139: Côtier pel L pred | E139: 163.76577 | F139: 1052.5579 | G139: 999.05539 | H139: 11777.345 | I139: 6532.703 | J139: 7781.5435 | K139: 7457.8675 | L139: 14096.783 | M139: 14096.783 | N139: 14096.783 | O139: 6109.5036 | P139: 1921.92 | Q139: 14096.783 | R139: -57701.402 | S139: 6109.5036 | T139: 6110.5937 | U139: 1921.92 | V139: -289768.06 | W139: 6783.0827 | X139: 15274.19 | Y139: 579.77062 | Z139: 4535.5031
A140: Pseudotolithus senegallus | B140: 3.89 | C140: 776.24712 | D140: Bars | E140: 163.76577 | F140: 765.12621 | G140: 727.97256 | H140: 3298.2562 | I140: 1392.3584 | J140: 1698.4101 | K140: 1593.2849 | L140: 2935.6624 | M140: 2935.6624 | N140: 2935.6624 | O140: 1750.5491 | P140: 663.60328 | Q140: 2935.6624 | R140: -12163.718 | S140: 1750.5491 | T140: 1750.8693 | U140: 663.60328 | V140: -129126.84 | W140: 1958.6741 | X140: 3084.9012 | Y140: 433.12482 | Z140: 1494.3082
A141: Mugil cephalus | B141: 2.14 | C141: 13.803843 | D141: Unresolved
A142: Ocypode cursor | B142: 3.02 | C142: 104.71286 | D142: Crustacés | E142: 163.76577 | F142: 79.64922 | G142: 77.077782 | H142: 199.4204 | I142: 94.919134 | J142: 94.919134 | K142: 90.173177 | L142: 135.65117 | M142: 135.65117 | N142: 135.65117 | O142: 112.09709 | P142: 63.65447 | Q142: 135.65117 | R142: 135.65117 | S142: 112.09709 | T142: 112.1184 | U142: 63.65447 | V142: -691.7087 | W142: 122.92633 | X142: 140.8975 | Y142: 54.73445 | Z142: 122.75357
A143: Callinectes marginatus | B143: 3.63 | C143: 426.57952 | D143: Crustacés | E143: 163.76577 | F143: 79.64922 | G143: 77.077782 | H143: 199.4204 | I143: 94.919134 | J143: 94.919134 | K143: 90.173177 | L143: 135.65117 | M143: 135.65117 | N143: 135.65117 | O143: 112.09709 | P143: 63.65447 | Q143: 135.65117 | R143: 135.65117 | S143: 112.09709 | T143: 112.1184 | U143: 63.65447 | V143: -691.7087 | W143: 122.92633 | X143: 140.8975 | Y143: 54.73445 | Z143: 122.75357
A144: Mytilidae | B144: 2 | C144: 10 | D144: Benthos | E144: 163.76577 | F144: 14.225293 | G144: 13.944959 | H144: 22.648952 | I144: 39.053581 | J144: 39.053581 | K144: 28.888889 | L144: 46.572283 | M144: 46.572283 | N144: 46.572283 | O144: 43.496371 | P144: 33.04828 | Q144: 46.572283 | R144: 46.572283 | S144: 43.496371 | T144: 43.50535 | U144: 33.04828 | V144: -381.52108 | W144: 46.817883 | X144: 48.197268 | Y144: 11.33053 | Z144: 16.922572
A145: Seriola dumerili | B145: 4.5 | C145: 3162.2777 | D145: Côtier pel L pred | E145: 163.76577 | F145: 1052.5579 | G145: 999.05539 | H145: 11777.345 | I145: 6532.703 | J145: 7781.5435 | K145: 7457.8675 | L145: 14096.783 | M145: 14096.783 | N145: 14096.783 | O145: 6109.5036 | P145: 1921.92 | Q145: 14096.783 | R145: -57701.402 | S145: 6109.5036 | T145: 6110.5937 | U145: 1921.92 | V145: -289768.06 | W145: 6783.0827 | X145: 15274.19 | Y145: 579.77062 | Z145: 4535.5031
A146: Merluccius polli | B146: 4.5 | C146: 3162.2777 | D146: Dem L pred | E146: 163.76577 | F146: 702.92427 | G146: 669.21632 | H146: 8905.4331 | I146: 6777.5601 | J146: 6838.4767 | K146: 5761.884 | L146: 11046.457 | M146: 11046.457 | N146: 11046.457 | O146: 5782.6426 | P146: 2043.7713 | Q146: 11046.457 | R146: 11046.457 | S146: 5782.6426 | T146: 5783.7141 | U146: 2043.7713 | V146: -21764.359 | W146: 6493.9392 | X146: 12062.969 | Y146: 400.81521 | Z146: 3457.5353
A147: Cymbium | B147: 2 | C147: 10 | D147: Benthos | E147: 163.76577 | F147: 14.225293 | G147: 13.944959 | H147: 22.648952 | I147: 39.053581 | J147: 39.053581 | K147: 28.888889 | L147: 46.572283 | M147: 46.572283 | N147: 46.572283 | O147: 43.496371 | P147: 33.04828 | Q147: 46.572283 | R147: 46.572283 | S147: 43.496371 | T147: 43.50535 | U147: 33.04828 | V147: -381.52108 | W147: 46.817883 | X147: 48.197268 | Y147: 11.33053 | Z147: 16.922572
A148: Mugil | B148: 2.26 | C148: 18.197009 | D148: Dem M inv | Mulets | E148: 163.76577 | F148: 161.36533 | G148: 155.27724 | H148: 481.49753 | I148: 660.48913 | J148: 660.48913 | K148: 627.46467 | L148: 831.3346 | M148: 831.3346 | N148: 831.3346 | O148: 685.68599 | P148: 373.36083 | Q148: 831.3346 | R148: 831.3346 | S148: 685.68599 | T148: 685.81852 | U148: 373.36083 | V148: -4104.6066 | W148: 751.20106 | X148: 882.86904 | Y148: 103.9793 | Z148: 267.85386
A149: Epinephelus aeneus | B149: 4.02 | C149: 1047.1285 | D149: Dem L pred | E149: 163.76577 | F149: 702.92427 | G149: 669.21632 | H149: 8905.4331 | I149: 6777.5601 | J149: 6838.4767 | K149: 5761.884 | L149: 11046.457 | M149: 11046.457 | N149: 11046.457 | O149: 5782.6426 | P149: 2043.7713 | Q149: 11046.457 | R149: 11046.457 | S149: 5782.6426 | T149: 5783.7141 | U149: 2043.7713 | V149: -21764.359 | W149: 6493.9392 | X149: 12062.969 | Y149: 400.81521 | Z149: 3457.5353
A150: Pomadasys incisus | B150: 3.8 | C150: 630.95734 | D150: Côtier M inv | E150: 163.76577 | F150: 170.83761 | G150: 164.37917 | H150: 573.17413 | I150: 332.81245 | J150: 332.81245 | K150: 331.19042 | L150: 425.73226 | M150: 425.73226 | N150: 425.73226 | O150: 368.42645 | P150: 198.24314 | Q150: 425.73226 | R150: 425.73226 | S150: 368.42645 | T150: 368.49829 | U150: 198.24314 | V150: -2197.0479 | W150: 402.61322 | X150: 447.45197 | Y150: 109.96726 | Z150: 314.24246
A151: Aristaeopsis edwardsiana | B151: 2.3 | C151: 19.952623 | D151: Crustacés | E151: 163.76577 | F151: 79.64922 | G151: 77.077782 | H151: 199.4204 | I151: 94.919134 | J151: 94.919134 | K151: 90.173177 | L151: 135.65117 | M151: 135.65117 | N151: 135.65117 | O151: 112.09709 | P151: 63.65447 | Q151: 135.65117 | R151: 135.65117 | S151: 112.09709 | T151: 112.1184 | U151: 63.65447 | V151: -691.7087 | W151: 122.92633 | X151: 140.8975 | Y151: 54.73445 | Z151: 122.75357
A152: Plectorhinchus mediterraneus | B152: 3.49 | C152: 309.02954 | D152: Dem M inv | E152: 163.76577 | F152: 172.48506 | G152: 165.9524 | H152: 511.34772 | I152: 706.00458 | J152: 706.00458 | K152: 670.70435 | L152: 890.12817 | M152: 890.12817 | N152: 890.12817 | O152: 735.26237 | P152: 400.35159 | Q152: 890.12817 | R152: 890.12817 | S152: 735.26237 | T152: 735.40493 | U152: 400.35159 | V152: -4414.7395 | W152: 805.76896 | X152: 945.57459 | Y152: 110.93644 | Z152: 283.97695
A153: Istiophoridae | B153: 4.48 | C153: 3019.9517 | D153: Thons majeurs | E153: 163.76577 | F153: 2736.4228 | G153: 2578.7911 | H153: 17894.302 | I153: 8524.6222 | J153: 8877.0519 | K153: 4438.5259 | L153: 13559.408 | M153: 13559.408 | N153: 13559.408 | O153: 3620.8555 | P153: 1183.5884 | Q153: 13559.408 | R153: -35792.677 | S153: 3620.8555 | T153: 3621.4924 | U153: 1183.5884 | V153: -69430.652 | W153: 4014.1857 | X153: 14860.283 | Y153: 1388.7868 | Z153: 6982.2324
A154: Brotula barbata | B154: 3.8 | C154: 630.95734 | D154: Unresolved
A155: Dentex angolensis | B155: 3.52 | C155: 331.13112 | D155: Unresolved
A156: Sphyraena afra | B156: 4.07 | C156: 1174.8976 | D156: Côtier pel L pred | E156: 163.76577 | F156: 1052.5579 | G156: 999.05539 | H156: 11777.345 | I156: 6532.703 | J156: 7781.5435 | K156: 7457.8675 | L156: 14096.783 | M156: 14096.783 | N156: 14096.783 | O156: 6109.5036 | P156: 1921.92 | Q156: 14096.783 | R156: -57701.402 | S156: 6109.5036 | T156: 6110.5937 | U156: 1921.92 | V156: -289768.06 | W156: 6783.0827 | X156: 15274.19 | Y156: 579.77062 | Z156: 4535.5031
A157: Coryphaena hippurus | B157: 4.37 | C157: 2344.2288 | D157: Pel L pred | E157: 163.76577 | F157: 1087.8868 | G157: 1032.3329 | H157: 5007.0565 | I157: 3058.8649 | J157: 3141.8462 | K157: 2984.7539 | L157: 5671.2212 | M157: 5671.2212 | N157: 5671.2212 | O157: 2818.563 | P157: 998.22203 | Q157: 5671.2212 | R157: -68811.518 | S157: 2818.563 | T157: 2819.0315 | U157: 998.22203 | V157: -142542.66 | W157: 3155.5402 | X157: 6096.5535 | Y157: 597.53759 | Z157: 2190.2951
A158: Centrophorus | B158: 4.34 | C158: 2187.7616 | D158: Unresolved
A159: Scorpaenidae | B159: 3.92 | C159: 831.76377 | D159: Côtier S pred | E159: 163.76577 | F159: 545.7577 | G159: 520.57318 | H159: 4917.1892 | I159: 1275.4347 | J159: 1276.0688 | K159: 1149.7584 | L159: 1835.8395 | M159: 1835.8395 | N159: 1835.8395 | O159: 1067.66 | P159: 415.49333 | Q159: 1835.8395 | R159: 1835.8395 | S159: 1067.66 | T159: 1067.85 | U159: 415.49333 | V159: -4247.2916 | W159: 1177.7268 | X159: 1944.1126 | Y159: 318.01975 | Z159: 2089.1188
A160: Isurus oxyrinchus | B160: 4.5 | C160: 3162.2777 | D160: Sélaciens L prof | E160: 163.76577 | F160: 2984.3567 | G160: 2810.6147 | H160: 33755.938 | I160: 124488.42 | J160: 128866.94 | K160: 64433.468 | L160: 630806.18 | M160: 630806.18 | N160: 630806.18 | O160: 51235.063 | P160: 12871.978 | Q160: 630806.18 | R160: -1411127.8 | S160: 51235.063 | T160: 51244.103 | U160: 12871.978 | V160: -997488.46 | W160: 58369.579 | X160: 764649.17 | Y160: 1503.4023 | Z160: 11832.438
A161: Lutjanus endecacanthus | B161: 4.11 | C161: 1288.2496 | D161: Côtier L pred | E161: 163.76577 | F161: 834.7927 | G161: 793.73743 | H161: 7076.9242 | I161: 5090.6783 | J161: 9568.2771 | K161: 8272.8984 | L161: 19279.553 | M161: 19279.553 | N161: 19279.553 | O161: 6360.6431 | P161: 2029.2582 | Q161: 19279.553 | R161: -84755.375 | S161: 6360.6431 | T161: 6361.7943 | U161: 2029.2582 | V161: -469150.66 | W161: 6996.0731 | X161: 20789.961 | Y161: 469.04605 | Z161: 2908.6936
A162: Scorpaeniformes | B162: 3.78 | C162: 602.55959 | D162: Unresolved
A163: Mullidae | B163: 3.46 | C163: 288.40315 | D163: Dem M inv | E163: 163.76577 | F163: 172.48506 | G163: 165.9524 | H163: 511.34772 | I163: 706.00458 | J163: 706.00458 | K163: 670.70435 | L163: 890.12817 | M163: 890.12817 | N163: 890.12817 | O163: 735.26237 | P163: 400.35159 | Q163: 890.12817 | R163: 890.12817 | S163: 735.26237 | T163: 735.40493 | U163: 400.35159 | V163: -4414.7395 | W163: 805.76896 | X163: 945.57459 | Y163: 110.93644 | Z163: 283.97695
A164: Carcharhinidae | B164: 4.24 | C164: 1737.8008 | D164: Sélaciens L côtiers | Sélaciens L prof | E164: 163.76577 | F164: 2781.8231 | G164: 2620.7297 | H164: 32914.045 | I164: 117376.99 | J164: 120595.39 | K164: 62652.874 | L164: 577175.63 | M164: 577175.63 | N164: 577175.63 | O164: 48623.971 | P164: 12260.046 | Q164: 577175.63 | R164: -1291278.9 | S164: 48623.971 | T164: 48632.556 | U164: 12260.046 | V164: -968705.23 | W164: 55337.883 | X164: 698317.2 | Y164: 1406.8182 | Z164: 11543.574
A165: Guentherus altivela | B165: 3.45 | C165: 281.83829 | D165: Unresolved
A166: Lobotes surinamensis | B166: 4.04 | C166: 1096.4782 | D166: Côtier L pred | E166: 163.76577 | F166: 834.7927 | G166: 793.73743 | H166: 7076.9242 | I166: 5090.6783 | J166: 9568.2771 | K166: 8272.8984 | L166: 19279.553 | M166: 19279.553 | N166: 19279.553 | O166: 6360.6431 | P166: 2029.2582 | Q166: 19279.553 | R166: -84755.375 | S166: 6360.6431 | T166: 6361.7943 | U166: 2029.2582 | V166: -469150.66 | W166: 6996.0731 | X166: 20789.961 | Y166: 469.04605 | Z166: 2908.6936
A167: Lethrinus atlanticus | B167: 3.54 | C167: 346.73685 | D167: Côtier M inv | E167: 163.76577 | F167: 170.83761 | G167: 164.37917 | H167: 573.17413 | I167: 332.81245 | J167: 332.81245 | K167: 331.19042 | L167: 425.73226 | M167: 425.73226 | N167: 425.73226 | O167: 368.42645 | P167: 198.24314 | Q167: 425.73226 | R167: 425.73226 | S167: 368.42645 | T167: 368.49829 | U167: 198.24314 | V167: -2197.0479 | W167: 402.61322 | X167: 447.45197 | Y167: 109.96726 | Z167: 314.24246
A168: Sphyrna | B168: 4.2 | C168: 1584.8932 | D168: Sélaciens L prof | E168: 163.76577 | F168: 2984.3567 | G168: 2810.6147 | H168: 33755.938 | I168: 124488.42 | J168: 128866.94 | K168: 64433.468 | L168: 630806.18 | M168: 630806.18 | N168: 630806.18 | O168: 51235.063 | P168: 12871.978 | Q168: 630806.18 | R168: -1411127.8 | S168: 51235.063 | T168: 51244.103 | U168: 12871.978 | V168: -997488.46 | W168: 58369.579 | X168: 764649.17 | Y168: 1503.4023 | Z168: 11832.438
A169: Rhinobatos | B169: 3.73 | C169: 537.0318 | D169: Sélaciens L côtiers | Sélaciens M côtiers | E169: 163.76577 | F169: 1153.0615 | G169: 1093.7016 | H169: 25163.913 | I169: 57149.644 | J169: 51505.191 | K169: 45688.206 | L169: 137124.99 | M169: 137124.99 | N169: 137124.99 | O169: 26241.114 | P169: 7002.6532 | Q169: 137124.99 | R169: -311707.36 | S169: 26241.114 | T169: 26245.79 | U169: 7002.6532 | V169: -704503.82 | W169: 29401.859 | X169: 154800.53 | Y169: 630.18181 | Z169: 8899.7725
A170: Lithognathus mormyrus | B170: 3.42 | C170: 263.0268 | D170: Unresolved
A171: Palinuridae | B171: 3.14 | C171: 138.03843 | D171: Crustacés | E171: 163.76577 | F171: 79.64922 | G171: 77.077782 | H171: 199.4204 | I171: 94.919134 | J171: 94.919134 | K171: 90.173177 | L171: 135.65117 | M171: 135.65117 | N171: 135.65117 | O171: 112.09709 | P171: 63.65447 | Q171: 135.65117 | R171: 135.65117 | S171: 112.09709 | T171: 112.1184 | U171: 63.65447 | V171: -691.7087 | W171: 122.92633 | X171: 140.8975 | Y171: 54.73445 | Z171: 122.75357
A172: Raja | B172: 3.8 | C172: 630.95734 | D172: Sélaciens L prof | Sélaciens M prof | E172: 163.76577 | F172: 2943.2658 | G172: 2772.1954 | H172: 30340.285 | I172: 106442.92 | J172: 110084.88 | K172: 55042.439 | L172: 519043.25 | M172: 519043.25 | N172: 519043.25 | O172: 43711.019 | P172: 11190.497 | Q172: 519043.25 | R172: -1134362.8 | S172: 43711.019 | T172: 43718.735 | U172: 11190.497 | V172: -815589.49 | W172: 49789.922 | X172: 628099.45 | Y172: 1484.4159 | Z172: 10771.911
...

Sheet PPR inner
A1: Total PPR by method and year — every taxon summed, tonnes wet weight equivalent of primary production.
A2: Internal sources: primary producers and detritus; excludes imports. The simple chain rows are unpartitioned references; model rows use this scope.
A3: Methods are not alternatives to be averaged. They rest on different assumptions and the spread between them is the result.
A4: The two grey rows aggregate the catch to a group before exponentiating, which understates the total: SPPR is convex in trophic level, so they measure the Jensen effect rather than the PPR.
A5: method | B5: status | C5: 1950 | D5: 1951 | E5: 1952 | F5: 1953 | G5: 1954 | H5: 1955 | I5: 1956 | J5: 1957 | K5: 1958 | L5: 1959 | M5: 1960 | N5: 1961 | O5: 1962 | P5: 1963 | Q5: 1964 | R5: 1965 | S5: 1966 | T5: 1967 | U5: 1968 | V5: 1969 | W5: 1970 | X5: 1971 | Y5: 1972 | Z5: 1973 | AA5: 1974 | AB5: 1975 | AC5: 1976 | AD5: 1977 | AE5: 1978 | AF5: 1979 | AG5: 1980 | AH5: 1981 | AI5: 1982 | AJ5: 1983 | AK5: 1984 | AL5: 1985 | AM5: 1986 | AN5: 1987 | AO5: 1988 | AP5: 1989 | AQ5: 1990 | AR5: 1991 | AS5: 1992 | AT5: 1993 | AU5: 1994 | AV5: 1995 | AW5: 1996 | AX5: 1997 | AY5: 1998 | AZ5: 1999 | BA5: 2000 | BB5: 2001 | BC5: 2002 | BD5: 2003 | BE5: 2004 | BF5: 2005 | BG5: 2006 | BH5: 2007 | BI5: 2008 | BJ5: 2009 | BK5: 2010 | BL5: 2011 | BM5: 2012 | BN5: 2013 | BO5: 2014 | BP5: 2015 | BQ5: 2016 | BR5: 2017 | BS5: 2018 | BT5: 2019
