Workbook

Sheet Summary
A1: LME_047 — East China Sea
A2: Ecopath model: 47_1_East_China_Sea_(1997)
A3: `47_1_East_China_Sea_(1997)` — mapping notes
A5: region type | B5: LME
A6: latitude | B6: 29.9554
A7: longitude | B7: 123.82371
A8: catch years | B8: 1950-2019
A9: taxa in catch | B9: 276
A10: taxa apportioned across groups | B10: 21
A11: taxa unresolved | B11: 2
A12: catch tonnage on a named group, % | B12: 100
A13: SPPR methods | B13: 20
A14: methods flagged as unusable | B14: 1
A15: headline method below | B15: new_TE_EEfix
A17: year | B17: catch_tonnes | C17: ppr_simple | D17: ppr_new_TE_EEfix | E17: ppr_simple / NPP % | F17: ppr_new_TE_EEfix / NPP %
A18: 1950 | B18: 1156011.3 | C18: 6.4809035e+08 | D18: 7.2277718e+08 | E18: 283.1457 | F18: 315.7758
A19: 1951 | B19: 1258211.8 | C19: 7.2409106e+08 | D19: 7.5135326e+08 | E19: 316.3498 | F19: 328.2605
A20: 1952 | B20: 1335173 | C20: 8.0191284e+08 | D20: 7.7421917e+08 | E20: 350.3496 | F20: 338.2504
A21: 1953 | B21: 1363247.8 | C21: 7.9965053e+08 | D21: 8.6007575e+08 | E21: 349.3612 | F21: 375.7605
A22: 1954 | B22: 1465827 | C22: 8.8618455e+08 | D22: 9.0070358e+08 | E22: 387.1672 | F22: 393.5105
A23: 1955 | B23: 1544889.2 | C23: 9.86329e+08 | D23: 9.661806e+08 | E23: 430.9196 | F23: 422.1169
A24: 1956 | B24: 1691946.8 | C24: 1.0846661e+09 | D24: 9.3655886e+08 | E24: 473.8823 | F24: 409.1754
A25: 1957 | B25: 1797170.3 | C25: 1.1569409e+09 | D25: 8.8700072e+08 | E25: 505.4586 | F25: 387.5238
A26: 1958 | B26: 1846967.4 | C26: 1.1885565e+09 | D26: 8.32406e+08 | E26: 519.2712 | F26: 363.6718
A27: 1959 | B27: 1838622.5 | C27: 1.2421763e+09 | D27: 9.570996e+08 | E27: 542.6973 | F27: 418.1495
A28: 1960 | B28: 1887277.9 | C28: 1.2555335e+09 | D28: 1.0649319e+09 | E28: 548.533 | F28: 465.2606
A29: 1961 | B29: 1971222.4 | C29: 1.3086496e+09 | D29: 9.6837406e+08 | E29: 571.739 | F29: 423.0752
... A87: 2019 | B87: 5649830 | C87: 3.3966449e+09 | D87: 1.7370378e+09 | E87: 1483.9681 | F87: 758.8985

Sheet Catch
A1: taxon | B1: common_name | C1: functional_group | D1: commercial_group | E1: 1950 | F1: 1951 | G1: 1952 | H1: 1953 | I1: 1954 | J1: 1955 | K1: 1956 | L1: 1957 | M1: 1958 | N1: 1959 | O1: 1960 | P1: 1961 | Q1: 1962 | R1: 1963 | S1: 1964 | T1: 1965 | U1: 1966 | V1: 1967 | W1: 1968 | X1: 1969 | Y1: 1970 | Z1: 1971 | AA1: 1972 | AB1: 1973 | AC1: 1974 | AD1: 1975 | AE1: 1976 | AF1: 1977 | AG1: 1978 | AH1: 1979 | AI1: 1980 | AJ1: 1981 | AK1: 1982 | AL1: 1983 | AM1: 1984 | AN1: 1985 | AO1: 1986 | AP1: 1987 | AQ1: 1988 | AR1: 1989 | AS1: 1990 | AT1: 1991 | AU1: 1992 | AV1: 1993 | AW1: 1994 | AX1: 1995 | AY1: 1996 | AZ1: 1997 | BA1: 1998 | BB1: 1999 | BC1: 2000 | BD1: 2001 | BE1: 2002 | BF1: 2003 | BG1: 2004 | BH1: 2005 | BI1: 2006 | BJ1: 2007 | BK1: 2008 | BL1: 2009 | BM1: 2010 | BN1: 2011 | BO1: 2012 | BP1: 2013 | BQ1: 2014 | BR1: 2015 | BS1: 2016 | BT1: 2017 | BU1: 2018 | BV1: 2019
A2: Marine fishes not identified | B2: Marine fishes nei | C2: Medium demersals (30 - 89 cm) | D2: Other fishes & inverts | E2: 176494.05 | F2: 196371.8 | G2: 198518.45 | H2: 194040.93 | I2: 213793.25 | J2: 218882.06 | K2: 231549.29 | L2: 233103.99 | M2: 262233.58 | N2: 241327.77 | O2: 293976.65 | P2: 239439.43 | Q2: 275200.18 | R2: 268973.12 | S2: 273057.45 | T2: 286361.66 | U2: 322645.06 | V2: 308373.09 | W2: 320571.3 | X2: 364804.93 | Y2: 425916.34 | Z2: 438710.33 | AA2: 474943.28 | AB2: 553095.57 | AC2: 570224.88 | AD2: 528388.77 | AE2: 517133.56 | AF2: 545306.05 | AG2: 543126.79 | AH2: 565154.12 | AI2: 544569.81 | AJ2: 602708.39 | AK2: 576580.7 | AL2: 576418.59 | AM2: 657428.44 | AN2: 690329.21 | AO2: 672109.68 | AP2: 728773.43 | AQ2: 801387.99 | AR2: 788541.78 | AS2: 794007.84 | AT2: 709687.69 | AU2: 705060.75 | AV2: 738879.24 | AW2: 678744.11 | AX2: 679500.34 | AY2: 695061.07 | AZ2: 716139.9 | BA2: 722022.93 | BB2: 592334.24 | BC2: 619571.59 | BD2: 643013.96 | BE2: 608769.04 | BF2: 674485.31 | BG2: 642639.2 | BH2: 634064.84 | BI2: 596851.06 | BJ2: 603426 | BK2: 605685.97 | BL2: 665597.45 | BM2: 636944.51 | BN2: 656654.34 | BO2: 695083.84 | BP2: 738023.46 | BQ2: 724713.75 | BR2: 558243.16 | BS2: 598738.77 | BT2: 601125.44 | BU2: 595034.76 | BV2: 541116.4
A3: Sardinops sagax | B3: South American pilchard | C3: Medium pelagics (30 - 89 cm) | D3: Herring-likes | E3: 82828.7 | F3: 82949.259 | G3: 82949.407 | H3: 114372.18 | I3: 81347.218 | J3: 69953.169 | K3: 68416.658 | L3: 70871.155 | M3: 45649.957 | N3: 40524.186 | O3: 25929.977 | P3: 42527.573 | Q3: 35959.88 | R3: 18045.408 | S3: 4808.703 | T3: 2280.33 | U3: 3880.897 | V3: 4947.796 | W3: 7564.157 | X3: 6592.494 | Y3: 5260.983 | Z3: 19672.489 | AA3: 20228.327 | AB3: 107925.17 | AC3: 126566.05 | AD3: 192038.1 | AE3: 392400.25 | AF3: 537639.08 | AG3: 625394.13 | AH3: 686172.93 | AI3: 817677.42 | AJ3: 1162458.9 | AK3: 1242937.9 | AL3: 1440713.8 | AM3: 1623521.5 | AN3: 1463598.9 | AO3: 1627857.3 | AP3: 1689759.2 | AQ3: 1729243.9 | AR3: 1581099.7 | AS3: 1419197.5 | AT3: 1143543 | AU3: 831501.65 | AV3: 643257.29 | AW3: 458904.05 | AX3: 254430.65 | AY3: 141910.2 | AZ3: 140565.68 | BA3: 97386.09 | BB3: 171699.21 | BC3: 96712.603 | BD3: 106973.3 | BE3: 70543.49 | BF3: 65995.626 | BG3: 71511.148 | BH3: 63395.085 | BI3: 82369.725 | BJ3: 89235.323 | BK3: 66199.837 | BL3: 66238.134 | BM3: 71564.269 | BN3: 117599.25 | BO3: 99926.953 | BP3: 133707.03 | BQ3: 130271.22 | BR3: 172748.14 | BS3: 197778.63 | BT3: 240215.38 | BU3: 244802.83 | BV3: 443565.53
A4: Trichiurus lepturus | B4: Largehead hairtail | C4: Large benthopelagics (>=90 cm) | D4: Perch-likes | E4: 51674.38 | F4: 66707.218 | G4: 78655.272 | H4: 77362.723 | I4: 92426.842 | J4: 98990.516 | K4: 119226.23 | L4: 114153.48 | M4: 113550.46 | N4: 120130.37 | O4: 125849.52 | P4: 124068.96 | Q4: 133589.49 | R4: 130131.28 | S4: 134441.92 | T4: 144480.38 | U4: 147436.62 | V4: 166745.72 | W4: 153066.89 | X4: 165049.5 | Y4: 162926.35 | Z4: 175657.43 | AA4: 221990.13 | AB4: 241881.36 | AC4: 259921.46 | AD4: 209245.55 | AE4: 178664.66 | AF4: 174337.57 | AG4: 176429.82 | AH4: 197647.21 | AI4: 204317.89 | AJ4: 239112.26 | AK4: 222326.62 | AL4: 226739.93 | AM4: 222583.44 | AN4: 205523.28 | AO4: 198029 | AP4: 194220.41 | AQ4: 184992.95 | AR4: 222279.29 | AS4: 236536.41 | AT4: 254676 | AU4: 266049.19 | AV4: 266851.96 | AW4: 374415.02 | AX4: 472178.34 | AY4: 465766.47 | AZ4: 388622.18 | BA4: 464974.95 | BB4: 467768.73 | BC4: 490085.82 | BD4: 479397.6 | BE4: 465337.58 | BF4: 435093.7 | BG4: 502591.28 | BH4: 458811.54 | BI4: 505072.53 | BJ4: 479304.05 | BK4: 494018.88 | BL4: 447103.43 | BM4: 436401.03 | BN4: 443577.32 | BO4: 432013.06 | BP4: 407412.43 | BQ4: 469404.85 | BR4: 407385.91 | BS4: 380356.92 | BT4: 383495.88 | BU4: 360539.11 | BV4: 355462.83
A5: Engraulis japonicus | B5: Japanese anchovy | C5: Small pelagics (<30 cm) | D5: Anchovies | E5: 68666.841 | F5: 70339.747 | G5: 70221.201 | H5: 64335.752 | I5: 81198.438 | J5: 68449.353 | K5: 101179.79 | L5: 124988.7 | M5: 123256.31 | N5: 107479.68 | O5: 105345.85 | P5: 111684.09 | Q5: 110770.16 | R5: 96659.202 | S5: 91814.444 | T5: 129819.16 | U5: 134047.71 | V5: 128539.17 | W5: 120817.41 | X5: 148636.94 | Y5: 119932.37 | Z5: 122370.9 | AA5: 143940.75 | AB5: 131747.65 | AC5: 152342.06 | AD5: 143408.05 | AE5: 114903.05 | AF5: 131183.49 | AG5: 125610.96 | AH5: 110880.33 | AI5: 119939.7 | AJ5: 129454.33 | AK5: 129492.81 | AL5: 118977.48 | AM5: 135911.3 | AN5: 125356.26 | AO5: 156358.93 | AP5: 118428.01 | AQ5: 108266.42 | AR5: 113831.15 | AS5: 179894.05 | AT5: 204167.04 | AU5: 220958.51 | AV5: 343345.06 | AW5: 278269.72 | AX5: 326309.52 | AY5: 359156.05 | AZ5: 492905.32 | BA5: 598584.89 | BB5: 515548.89 | BC5: 479829.1 | BD5: 526497.62 | BE5: 522443.4 | BF5: 579987.66 | BG5: 500593.27 | BH5: 468468.95 | BI5: 476594.8 | BJ5: 437457.12 | BK5: 407916.13 | BL5: 335614.17 | BM5: 380873.96 | BN5: 430920.11 | BO5: 410171.62 | BP5: 412306.53 | BQ5: 439769.59 | BR5: 418118.8 | BS5: 347006.38 | BT5: 339275.89 | BU5: 307509.22 | BV5: 454179.67
A6: Scomber japonicus | B6: Pacific chub mackerel | C6: Medium pelagics (30 - 89 cm) | D6: Perch-likes | E6: 26008.19 | F6: 35885.509 | G6: 42679.311 | H6: 42570.537 | I6: 50357.668 | J6: 52011.506 | K6: 54536.827 | L6: 51609.288 | M6: 48816.742 | N6: 49865.27 | O6: 49746.793 | P6: 49144.321 | Q6: 51949.193 | R6: 54560.91 | S6: 56265.181 | T6: 60240.039 | U6: 56586.432 | V6: 55927.331 | W6: 70136.658 | X6: 85233.513 | Y6: 135621.14 | Z6: 62840.461 | AA6: 87911.931 | AB6: 87950.079 | AC6: 97703.036 | AD6: 79988.502 | AE6: 91059.24 | AF6: 129456.61 | AG6: 202219.9 | AH6: 123865.54 | AI6: 82203.058 | AJ6: 106929.51 | AK6: 121609.07 | AL6: 164085.5 | AM6: 143037.51 | AN6: 111695.65 | AO6: 152974.8 | AP6: 173773.59 | AQ6: 244972.44 | AR6: 227655.75 | AS6: 177066.25 | AT6: 191397.58 | AU6: 209681.86 | AV6: 248877.73 | AW6: 309883.13 | AX6: 324967.74 | AY6: 386849.98 | AZ6: 296985.96 | BA6: 269104.27 | BB6: 269344.99 | BC6: 222777.5 | BD6: 267702.08 | BE6: 260127.08 | BF6: 263278.67 | BG6: 305376.09 | BH6: 301099.92 | BI6: 272052.36 | BJ6: 252348.54 | BK6: 398073.08 | BL6: 278695.23 | BM6: 301839.33 | BN6: 372193.91 | BO6: 333885.38 | BP6: 316307.46 | BQ6: 314266.04 | BR6: 316374.37 | BS6: 305168.04 | BT6: 298729.16 | BU6: 314239.31 | BV6: 427018.3
A7: Scomber | B7: Chub mackerels | C7: Medium pelagics (30 - 89 cm) | D7: Perch-likes | E7: 37898.322 | F7: 37771.519 | G7: 37771.519 | H7: 44658.694 | I7: 57437.123 | J7: 46420.594 | K7: 54455.127 | L7: 58969.854 | M7: 58870.532 | N7: 63367.363 | O7: 73406.229 | P7: 72229.5 | Q7: 87599.252 | R7: 100792.35 | S7: 108567.01 | T7: 143035.47 | U7: 134490.9 | V7: 146326.66 | W7: 213708.12 | X7: 214646.61 | Y7: 270582.73 | Z7: 260363.6 | AA7: 248629.1 | AB7: 237329.57 | AC7: 278134.79 | AD7: 276252.18 | AE7: 204853.44 | AF7: 283490.75 | AG7: 339643.22 | AH7: 295921.6 | AI7: 270988.93 | AJ7: 191432.36 | AK7: 151898.49 | AL7: 170511.06 | AM7: 173110.66 | AN7: 163826.44 | AO7: 200092.19 | AP7: 149784.29 | AQ7: 144450.18 | AR7: 125686.18 | AS7: 75788.357 | AT7: 69766.157 | AU7: 65572.081 | AV7: 152216.46 | AW7: 142270.17 | AX7: 107608.7 | AY7: 170138.52 | AZ7: 186211.73 | BA7: 115784.49 | BB7: 89146.972 | BC7: 80210.999 | BD7: 87119.426 | BE7: 67390.975 | BF7: 77869.663 | BG7: 78013.566 | BH7: 137600.29 | BI7: 143562.51 | BJ7: 104598.73 | BK7: 117989.73 | BL7: 107695.19 | BM7: 111855.83 | BN7: 91069.707 | BO7: 116711.85 | BP7: 96168.039 | BQ7: 122696.87 | BR7: 129881.43 | BS7: 123856.77 | BT7: 124085.68 | BU7: 125437.51 | BV7: 108540.06
A8: Cololabis saira | B8: Pacific saury | C8: Medium pelagics (30 - 89 cm) | D8: Other fishes & inverts | E8: 49840.984 | F8: 50814.226 | G8: 51711.462 | H8: 55627.608 | I8: 67058.122 | J8: 102555.45 | K8: 80314.567 | L8: 103950.31 | M8: 130433.57 | N8: 129657.82 | O8: 70664.473 | P8: 113766.24 | Q8: 124982.28 | R8: 84696.704 | S8: 63951.568 | T8: 73397.86 | U8: 80167.466 | V8: 68679.808 | W8: 54557.196 | X8: 43185.498 | Y8: 39514.769 | Z8: 65244.564 | AA8: 71513.954 | AB8: 105269.58 | AC8: 58407.385 | AD8: 67449.389 | AE8: 55334.091 | AF8: 68859.302 | AG8: 87267.616 | AH8: 71095.965 | AI8: 51539.779 | AJ8: 47857.516 | AK8: 56025.726 | AL8: 59103.979 | AM8: 58266.859 | AN8: 65118.703 | AO8: 63350.948 | AP8: 57477.586 | AQ8: 72148.788 | AR8: 80355.389 | AS8: 131763.25 | AT8: 114376.9 | AU8: 141423.02 | AV8: 152754.35 | AW8: 111389.09 | AX8: 117608.87 | AY8: 100472.2 | AZ8: 176330.73 | BA8: 80958.901 | BB8: 83976.937 | BC8: 130595.38 | BD8: 153068.84 | BE8: 164501.04 | BF8: 165710.51 | BG8: 121448.57 | BH8: 183003.82 | BI8: 126343.72 | BJ8: 145337.3 | BK8: 212633.82 | BL8: 217553.13 | BM8: 223247.06 | BN8: 223987.77 | BO8: 284696.67 | BP8: 261365.28 | BQ8: 338713.17 | BR8: 239258.55 | BS8: 278787.48 | BT8: 244436.09 | BU8: 271009.53 | BV8: 230694.46
A9: Mollusca | B9: Clams, seasnails, squids, octopuses | C9: Other demersal invertebrates | D9: Molluscs | E9: 20581.01 | F9: 25497.968 | G9: 26664.466 | H9: 25041.941 | I9: 29233.834 | J9: 29567.877 | K9: 48927.176 | L9: 33777.302 | M9: 43010.087 | N9: 40751.18 | O9: 36390.899 | P9: 44453.584 | Q9: 48058.738 | R9: 47140.594 | S9: 51416.687 | T9: 48046.597 | U9: 43834.091 | V9: 40181.184 | W9: 45056.569 | X9: 42840.478 | Y9: 47964.754 | Z9: 40244.144 | AA9: 40581.635 | AB9: 55137.012 | AC9: 52935.933 | AD9: 79601.169 | AE9: 92239.477 | AF9: 95839.498 | AG9: 32973.966 | AH9: 30725.474 | AI9: 29233.571 | AJ9: 29279.546 | AK9: 43938.886 | AL9: 95890.11 | AM9: 89619.333 | AN9: 108195.21 | AO9: 151500.64 | AP9: 184135.77 | AQ9: 205332.29 | AR9: 130049.5 | AS9: 140313.7 | AT9: 141146.15 | AU9: 194462.8 | AV9: 230941.79 | AW9: 273516.13 | AX9: 320190.5 | AY9: 227393.01 | AZ9: 334622.2 | BA9: 317864.53 | BB9: 287467.11 | BC9: 274429.74 | BD9: 284462.94 | BE9: 277527.63 | BF9: 164480.71 | BG9: 172110.61 | BH9: 179949.15 | BI9: 184261.74 | BJ9: 177816.02 | BK9: 154455.47 | BL9: 158774.53 | BM9: 147551.87 | BN9: 140916.46 | BO9: 137977.24 | BP9: 132323.79 | BQ9: 7329.996 | BR9: 7704.832 | BS9: 7057.501 | BT9: 6592.958 | BU9: 6364.885 | BV9: 5752.097
A10: Miscellaneous marine crustaceans | B10: Marine crabs, shrimps, lobsters nei | C10: Shrimps | D10: Crustaceans | E10: 21959.409 | F10: 30161.437 | G10: 36615.293 | H10: 36949.668 | I10: 43970.702 | J10: 47325.655 | K10: 54116.592 | L10: 53407.994 | M10: 53146.835 | N10: 55874.109 | O10: 55889.298 | P10: 58077.552 | Q10: 59703.466 | R10: 59216.874 | S10: 60698.035 | T10: 63029.116 | U10: 63001.849 | V10: 65155.928 | W10: 67677.338 | X10: 66440.984 | Y10: 60732.58 | Z10: 65490.026 | AA10: 63097.271 | AB10: 99681.509 | AC10: 103242.66 | AD10: 100526.91 | AE10: 80668.935 | AF10: 77663.501 | AG10: 81863.694 | AH10: 77217.263 | AI10: 76800.877 | AJ10: 74530.823 | AK10: 92492.051 | AL10: 95328.907 | AM10: 115940.51 | AN10: 114619.14 | AO10: 113093.28 | AP10: 105334.91 | AQ10: 118603.58 | AR10: 127110.94 | AS10: 128916.92 | AT10: 135824.33 | AU10: 142809.44 | AV10: 204473.86 | AW10: 209898.35 | AX10: 228629.37 | AY10: 232248.26 | AZ10: 281884.05 | BA10: 289322.36 | BB10: 245119.24 | BC10: 255343.19 | BD10: 279011.34 | BE10: 265038.21 | BF10: 28691.934 | BG10: 25013.27 | BH10: 17153.329 | BI10: 17517.951 | BJ10: 16481.271 | BK10: 10352.021 | BL10: 9251.04 | BM10: 10638.847 | BN10: 9637.589 | BO10: 8140.514 | BP10: 8427.117 | BQ10: 136592.36 | BR10: 133275.33 | BS10: 112135.59 | BT10: 108262.29 | BU10: 108114.66 | BV10: 102287.54
A11: Larimichthys polyactis | B11: Yellow croaker | C11: Medium benthopelagics (30 - 89 cm) | D11: Perch-likes | E11: 19778.652 | F11: 23494.688 | G11: 25859.233 | H11: 23781.531 | I11: 22152.256 | J11: 18815.763 | K11: 28859.321 | L11: 29272.621 | M11: 24842.861 | N11: 25453.665 | O11: 24463.396 | P11: 25083.342 | Q11: 25015.449 | R11: 25300.562 | S11: 36342.599 | T11: 33461.411 | U11: 35455.047 | V11: 31633.6 | W11: 36886.393 | X11: 29882.182 | Y11: 35538.785 | Z11: 35315.03 | AA11: 26579.326 | AB11: 35547.283 | AC11: 24998.44 | AD11: 19474.889 | AE11: 22449.438 | AF11: 13310.427 | AG11: 30060.628 | AH11: 42038.247 | AI11: 53411.896 | AJ11: 45473.448 | AK11: 33784.314 | AL11: 28154.632 | AM11: 20927.665 | AN11: 29265.968 | AO11: 22637.304 | AP11: 28403.686 | AQ11: 30923.942 | AR11: 25702.467 | AS11: 32744.181 | AT11: 53171.452 | AU11: 65392.59 | AV11: 70090.277 | AW11: 92036.676 | AX11: 119053.44 | AY11: 180070.29 | AZ11: 102519.61 | BA11: 123014.02 | BB11: 142827.24 | BC11: 164434.86 | BD11: 142810.58 | BE11: 152410.91 | BF11: 160287.68 | BG11: 183919.02 | BH11: 188596.19 | BI11: 202237.27 | BJ11: 236425.73 | BK11: 245559.61 | BL11: 257805.75 | BM11: 277597.07 | BN11: 287303.28 | BO11: 277439.08 | BP11: 252898.29 | BQ11: 235240.82 | BR11: 261038.87 | BS11: 201581.28 | BT11: 197981.85 | BU11: 194842.59 | BV11: 197176.6
A12: Acetes japonicus | B12: Akiami paste shrimp | C12: Shrimps | D12: Crustaceans | E12: 12429.61 | F12: 16254.638 | G12: 18407.668 | H12: 20627.899 | I12: 21001.816 | J12: 23040.96 | K12: 26723.477 | L12: 29683.433 | M12: 25729.483 | N12: 27247.971 | O12: 24034.782 | P12: 27097.323 | Q12: 28704.229 | R12: 26161.744 | S12: 27341.706 | T12: 27900.223 | U12: 26210.845 | V12: 28926.345 | W12: 26678.608 | X12: 25652.23 | Y12: 26257.939 | Z12: 20847.712 | AA12: 25048.21 | AB12: 28356.741 | AC12: 29103.829 | AD12: 33241.091 | AE12: 33861.329 | AF12: 49400.982 | AG12: 52888.858 | AH12: 28960.421 | AI12: 37475.749 | AJ12: 43461.346 | AK12: 46883.471 | AL12: 50230.439 | AM12: 53068.3 | AN12: 60091.379 | AO12: 51820.853 | AP12: 49270.724 | AQ12: 55208.268 | AR12: 65958.236 | AS12: 65435.965 | AT12: 64764.042 | AU12: 72429.093 | AV12: 79714.357 | AW12: 94764.555 | AX12: 111107.6 | AY12: 131107.19 | AZ12: 130470.97 | BA12: 148510.98 | BB12: 148268.03 | BC12: 158870.41 | BD12: 142722.9 | BE12: 143728.8 | BF12: 156533.74 | BG12: 166880.39 | BH12: 162699.3 | BI12: 169678.15 | BJ12: 170288.28 | BK12: 153188.82 | BL12: 165071.41 | BM12: 157627.65 | BN12: 151530.04 | BO12: 161892.96 | BP12: 160861.25 | BQ12: 152949.85 | BR12: 149128.34 | BS12: 133872.01 | BT12: 124789.19 | BU12: 120856.1 | BV12: 110894.41
... A277: Caranx | B277: Jacks | C277: Medium reef assoc. fish (30 - 89 cm) | D277: Perch-likes | E277: 0 | F277: 0 | G277: 0 | H277: 0 | I277: 0 | J277: 0 | K277: 0 | L277: 0 | M277: 0 | N277: 0 | O277: 0 | P277: 0 | Q277: 0 | R277: 0 | S277: 0 | T277: 0 | U277: 0 | V277: 0 | W277: 0 | X277: 0 | Y277: 0 | Z277: 0 | AA277: 0 | AB277: 0 | AC277: 0 | AD277: 0 | AE277: 0 | AF277: 0 | AG277: 0 | AH277: 0 | AI277: 0 | AJ277: 0 | AK277: 0 | AL277: 0 | AM277: 0 | AN277: 0 | AO277: 0 | AP277: 0 | AQ277: 0 | AR277: 0 | AS277: 0 | AT277: 0 | AU277: 0 | AV277: 0 | AW277: 0 | AX277: 0 | AY277: 0 | AZ277: 0 | BA277: 0 | BB277: 0 | BC277: 0 | BD277: 0 | BE277: 0 | BF277: 0 | BG277: 0 | BH277: 0 | BI277: 0 | BJ277: 0 | BK277: 0 | BL277: 0 | BM277: 0 | BN277: 0 | BO277: 0 | BP277: 0 | BQ277: 0 | BR277: 0 | BS277: 0 | BT277: 0 | BU277: 0.008 | BV277: 0

Sheet Taxon-Group Map
A1: Which Ecopath group each catch taxon belongs to, and on what evidence.
A2: Several groups separated by | means the taxon spans them and its catch is apportioned; the weights used are in the next two columns.
A4: taxon | B4: common_name | C4: SAU functional group | D4: SAU commercial group | E4: Ecopath group | F4: weights | G4: weight basis | H4: confidence | I4: evidence | J4: catch tonnes | K4: % of catch | L4: explanation
A5: Marine fishes not identified | B5: Marine fishes nei | C5: Medium demersals (30 - 89 cm) | D5: Other fishes & inverts | E5: Benthivores | Piscivores | Planktivores/piscivores | Benthivores/piscivores | Omnivores | F5: 0.214 | 0.285 | 0.167 | 0.266 | 0.068 | G5: catch_composition | H5: medium | I5: composite_split | J5: 36591787 | K5: 12.9398 | L5: Unidentified finfish record classed by Sea Around Us as Medium demersals (30 - 89 cm); apportioned across the model's five multi-species guilds whose listed members are medium demersal or benthopelagic fish. Planktivores is excluded on size (every species Supplementary Table S1 lists there is under 30 cm) and Planktivores/Benthivores on habitat (its listed members are pelagic). Weighted by the catch composition of the identified taxa on those five groups.
A6: Sardinops sagax | B6: South American pilchard | C6: Medium pelagics (30 - 89 cm) | D6: Herring-likes | E6: Planktivores | H6: medium | I6: habitat_size_guild | J6: 25918314 | K6: 9.1654 | L6: Sea Around Us reports Northwest Pacific Sardinops (the Japanese pilchard) under this name; it is a small obligate filter-feeding planktivore. Supplementary Table S1 places the analogous clupeid Sardinella aurita in Planktivores.
A7: Trichiurus lepturus | B7: Largehead hairtail | C7: Large benthopelagics (>=90 cm) | D7: Perch-likes | E7: Hairtails | H7: high | I7: explicit_member | J7: 18967269 | K7: 6.7073 | L7: Supplementary Table S1 defines Hairtails as the single species Trichiurus lepturus; this record is that species.
A8: Engraulis japonicus | B8: Japanese anchovy | C8: Small pelagics (<30 cm) | D8: Anchovies | E8: Planktivores | H8: medium | I8: habitat_size_guild | J8: 16805259 | K8: 5.9428 | L8: Obligate zooplanktivorous anchovy under 30 cm. Supplementary Table S1 places four engraulids (Thryssa dussumieri, T. vitrirostris, T. kammalensis, Stolephorus commersonnii) in Planktivores; the family is not confined to that group (Setipinna tenuifilis sits in Planktivores/Benthivores), so this is a guild judgement rather than containment.
A9: Scomber japonicus | B9: Pacific chub mackerel | C9: Medium pelagics (30 - 89 cm) | D9: Perch-likes | E9: Planktivores/Benthivores | H9: high | I9: explicit_member | J9: 12477396 | K9: 4.4123 | L9: Supplementary Table S1 lists Scomber japonicus under Planktivores/Benthivores; this record is that species.
A10: Scomber | B10: Chub mackerels | C10: Medium pelagics (30 - 89 cm) | D10: Perch-likes | E10: Planktivores/Benthivores | H10: high | I10: taxonomic_containment | J10: 9556263 | K10: 3.3794 | L10: Supplementary Table S1 lists Scomber japonicus in Planktivores/Benthivores; this genus-level record is that genus, and S. japonicus is the East China Sea Scomber stock.
A11: Cololabis saira | B11: Pacific saury | C11: Medium pelagics (30 - 89 cm) | D11: Other fishes & inverts | E11: Planktivores | H11: medium | I11: habitat_size_guild | J11: 8328661.5 | K11: 2.9452 | L11: Pacific saury is an epipelagic zooplanktivore feeding on copepods and euphausiids, matching the model's plankton-feeding guild; Supplementary Table S1 gives Planktivores a correspondingly mixed roster of small pelagic and mesopelagic filter feeders.
A12: Mollusca | B12: Clams, seasnails, squids, octopuses | C12: Other demersal invertebrates | D12: Molluscs | E12: Mollusks | H12: medium | I12: habitat_size_guild | J12: 7501648.3 | K12: 2.6528 | L12: Phylum-level record, but Sea Around Us classes it Other demersal invertebrates with a trophic level of 2.10, which matches the benthic filter feeders of the Mollusks group ('Bivalves' Supplementary Table S1, model TL 2.17) and not the model's separate Cephalopods group (TL 2.82-2.96), whose catch this dataset reports under its own labels.
A13: Miscellaneous marine crustaceans | B13: Marine crabs, shrimps, lobsters nei | C13: Shrimps | D13: Crustaceans | E13: Shrimps | Crabs | F13: 0.748 | 0.252 | G13: catch_composition | H13: medium | I13: composite_split | J13: 6656949.1 | K13: 2.3541 | L13: Aggregate crustacean landing classed by Sea Around Us as Shrimps; the model's only two harvested crustacean compartments are Shrimps (13 penaeid, sergestid and caridean species Supplementary Table S1) and Crabs (six portunids). Benthic Crustaceans is excluded because Supplementary Table S1 defines it as Gammaridea and Cumacea, which the fishery does not land. Apportioned by the catch composition of the identified crustaceans in this LME.
A14: Larimichthys polyactis | B14: Yellow croaker | C14: Medium benthopelagics (30 - 89 cm) | D14: Perch-likes | E14: Small yellow croakers | H14: high | I14: explicit_member | J14: 6448339.5 | K14: 2.2803 | L14: Supplementary Table S1 defines Small yellow croakers as the single species Larimichthys polyactis.
A15: Acetes japonicus | B15: Akiami paste shrimp | C15: Shrimps | D15: Crustaceans | E15: Shrimps | H15: high | I15: taxonomic_containment | J15: 5391927.7 | K15: 1.9067 | L15: Supplementary Table S1 lists Acetes chinensis under Shrimps; this record is another species of that listed genus.
A16: Todarodes pacificus | B16: Japanese flying squid | C16: Cephalopods | D16: Other fishes & inverts | E16: Cephalopods | H16: high | I16: taxonomic_containment | J16: 5085314.8 | K16: 1.7983 | L16: Japanese flying squid, an ommastrephid fall inside the model's Cephalopods group, whose members Supplementary Table S1 gives as ten squid, cuttlefish and octopus species (Uroteuthis edulis, Sepia esculenta, Octopus ocellatus, Ommastrephes bartrami and others).
A17: Sciaenidae | B17: Drums, croakers | C17: Medium demersals (30 - 89 cm) | D17: Perch-likes | E17: Benthivores | Piscivores | Benthivores/piscivores | Omnivores | Large yellow croakers | Small yellow croakers | F17: 0.219 | 0.292 | 0.272 | 0.070 | 0.036 | 0.111 | G17: catch_composition | H17: medium | I17: composite_split | J17: 5013098.6 | K17: 1.7728 | L17: Family-level record. Supplementary Table S1 distributes the model's sciaenids across six groups: Johnius belangerii and J. distinctus in Benthivores, Pennahia argentata in Piscivores, Atrobucca nibe and Miichthys miiuy in Benthivores/piscivores, Nibea albiflora and Collichthys lucidus in Omnivores, Larimichthys crocea and L. polyactis in their own single-species groups. Apportioned by the catch composition of the identified taxa on those groups.
A18: Stephanolepis cirrhifer | B18: Threadsail filefish | C18: Small demersals (<30 cm) | D18: Other fishes & inverts | E18: Benthivores | H18: medium | I18: habitat_size_guild | J18: 4888905 | K18: 1.7288 | L18: Threadsail filefish is a small demersal picker on benthic invertebrates; Supplementary Table S1 places the analogous small demersal invertebrate feeders, including the tetraodontiform Diodon holocanthus and the apogonid Ostorhinchus angustatus, in Benthivores.
A19: Pectinidae | B19: Scallops | C19: Other demersal invertebrates | D19: Molluscs | E19: Mollusks | H19: high | I19: explicit_member | J19: 4644809.2 | K19: 1.6425 | L19: Supplementary Table S1 defines the model's Mollusks group as 'Bivalves'; this record is a bivalve.
A20: Scyphozoa | B20: True jellyfishes | C20: Jellyfish | D20: Other fishes & inverts | E20: Other invertebrates | H20: high | I20: explicit_member | J20: 4334965 | K20: 1.533 | L20: Supplementary Table S1 defines the model's Other invertebrates group as 'Cnidaria'. True jellyfishes are scyphozoan cnidarians and this is the model's only compartment for them.
A21: Pleuronectidae | B21: Righteye flounders | C21: Small to medium flatfishes (<90 cm) | D21: Flatfishes | E21: Benthivores | H21: medium | I21: habitat_size_guild | J21: 3661117.1 | K21: 1.2947 | L21: Righteye flounders are demersal feeders on polychaetes, small crustaceans and bivalves, matching the Benthivores definition of Supplementary Table S1 (Parapercis sexfasciata, Acanthocepola limbata, Uranoscopus japonicus, Johnius spp.).
A22: Muraenesox cinereus | B22: Daggertooth pike conger | C22: Large demersals (>=90 cm) | D22: Other fishes & inverts | E22: Piscivores | H22: high | I22: explicit_member | J22: 3486912 | K22: 1.2331 | L22: Supplementary Table S1 lists Muraenesox cinereus under Piscivores.
A23: Pennahia argentata | B23: Silver croaker | C23: Medium benthopelagics (30 - 89 cm) | D23: Perch-likes | E23: Benthivores/piscivores | H23: high | I23: explicit_member | J23: 3365329.4 | K23: 1.1901 | L23: Supplementary Table S1 lists this species twice, as 'Pennahia argentata' under Piscivores and as 'Pennahia argentatus' under Benthivores/piscivores. The paper's discussion resolves the duplication by naming 'benthivores/piscivores (Pennahia argentatus and Nemipterus virgatus)', and the species' diet of shrimps, crabs and small fish matches that guild. This corrects an inherited assignment to Piscivores.
A24: Gadus macrocephalus | B24: Pacific cod | C24: Large demersals (>=90 cm) | D24: Cod-likes | E24: Benthivores/piscivores | H24: low | I24: analogue | J24: 3276610.1 | K24: 1.1587 | L24: Pacific cod is a large demersal generalist taking crabs, shrimps, polychaetes and fish, functionally the model's mixed benthivore-piscivore guild (Nemipterus virgatus, Miichthys miiuy, Atrobucca nibe). No gadid appears in Supplementary Table S1 and the species reaches only the northern margin of the East China Sea, so this is analogy, not the paper.
A25: Monacanthidae | B25: Filefishes | C25: Medium reef assoc. fish (30 - 89 cm) | D25: Other fishes & inverts | E25: Benthivores | Planktivores/piscivores | F25: 0.561 | 0.439 | G25: catch_composition | H25: medium | I25: composite_split | J25: 3089551.1 | K25: 1.0925 | L25: Family-level filefish record. Supplementary Table S1 places the one monacanthid in the model, Aluterus monoceros, in Planktivores/piscivores; the filefish that dominates East China Sea landings, Stephanolepis cirrhifer, is a small benthic invertebrate feeder matching the Benthivores definition, whose listed members include the analogous tetraodontiform Diodon holocanthus. Apportioned by catch composition.
A26: Pampus | B26: Silver pomfrets | C26: Medium benthopelagics (30 - 89 cm) | D26: Perch-likes | E26: Planktivores/piscivores | H26: high | I26: taxonomic_containment | J26: 2910778.1 | K26: 1.0293 | L26: Supplementary Table S1 lists Pampus chinensis and Pampus argenteus in Planktivores/piscivores; this genus-level record is that genus.
A27: Bivalvia | B27: Clams | C27: Other demersal invertebrates | D27: Molluscs | E27: Mollusks | H27: high | I27: explicit_member | J27: 2883416.1 | K27: 1.0197 | L27: Supplementary Table S1 defines the model's Mollusks group as 'Bivalves'; this record is a bivalve.
A28: Trachysalambria curvirostris | B28: Southern rough shrimp | C28: Shrimps | D28: Crustaceans | E28: Shrimps | H28: high | I28: synonym | J28: 2850108.3 | K28: 1.0079 | L28: Supplementary Table S1 lists 'Trachypenaeus curvirostris' under Shrimps, the historical combination of this species.
A29: Nemipterus | B29: Threadfin breams | C29: Small demersals (<30 cm) | D29: Perch-likes | E29: Benthivores/piscivores | H29: high | I29: taxonomic_containment | J29: 2808444.1 | K29: 0.9931 | L29: Supplementary Table S1 lists Nemipterus virgatus in Benthivores/piscivores; this genus-level record is that genus.
A30: Scomberomorus | B30: Spanish mackerels | C30: Large pelagics (>=90 cm) | D30: Perch-likes | E30: Piscivores | H30: high | I30: taxonomic_containment | J30: 2797567.3 | K30: 0.9893 | L30: Supplementary Table S1 lists Scomberomorus niphonius and S. guttatus in Piscivores; this genus-level record is that genus.
A31: Portunus trituberculatus | B31: Gazami crab | C31: Lobsters, crabs | D31: Crustaceans | E31: Crabs | H31: high | I31: explicit_member | J31: 2665671.8 | K31: 0.9427 | L31: Supplementary Table S1 lists Portunus trituberculatus under Crabs.
A32: Octopoda | B32: Octopuses, argonauts | C32: Cephalopods | D32: Other fishes & inverts | E32: Cephalopods | H32: high | I32: taxonomic_containment | J32: 2576878 | K32: 0.9113 | L32: Octopuses fall inside the model's Cephalopods group, whose members Supplementary Table S1 gives as ten squid, cuttlefish and octopus species (Uroteuthis edulis, Sepia esculenta, Octopus ocellatus, Ommastrephes bartrami and others).
A33: Sepiida | B33: Cuttlefishes, bobtail squids | C33: Cephalopods | D33: Other fishes & inverts | E33: Cephalopods | H33: high | I33: taxonomic_containment | J33: 2151524 | K33: 0.7608 | L33: Cuttlefishes and bobtail squids fall inside the model's Cephalopods group, whose members Supplementary Table S1 gives as ten squid, cuttlefish and octopus species (Uroteuthis edulis, Sepia esculenta, Octopus ocellatus, Ommastrephes bartrami and others).
A34: Larimichthys crocea | B34: Large yellow croaker | C34: Medium benthopelagics (30 - 89 cm) | D34: Perch-likes | E34: Large yellow croakers | H34: high | I34: explicit_member | J34: 2056876.1 | K34: 0.7274 | L34: Supplementary Table S1 defines Large yellow croakers as the single species Larimichthys crocea.
A35: Scomberomorus niphonius | B35: Japanese Spanish mackerel | C35: Large pelagics (>=90 cm) | D35: Perch-likes | E35: Piscivores | H35: high | I35: explicit_member | J35: 2034325.9 | K35: 0.7194 | L35: Supplementary Table S1 lists Scomberomorus niphonius under Piscivores; the paper's discussion names it as the group's exemplar.
A36: Planiliza haematocheilus | B36: So-iny mullet | C36: Medium demersals (30 - 89 cm) | D36: Perch-likes | E36: Benthivores | H36: low | I36: analogue | J36: 1954164.4 | K36: 0.691 | L36: So-iny mullet feeds on benthic diatoms, detritus and meiofauna. The model has no herbivore or detritivore fish compartment, so Benthivores, its only bottom-feeding guild, is the closest available home; the mismatch in diet is real and a reviewer may prefer to leave mullets unresolved.
A37: Teuthida | B37: Squids | C37: Cephalopods | D37: Other fishes & inverts | E37: Cephalopods | H37: high | I37: taxonomic_containment | J37: 1877837.9 | K37: 0.6641 | L37: Squids fall inside the model's Cephalopods group, whose members Supplementary Table S1 gives as ten squid, cuttlefish and octopus species (Uroteuthis edulis, Sepia esculenta, Octopus ocellatus, Ommastrephes bartrami and others).
... A39: Oncorhynchus | B39: Salmons, trouts | C39: Large benthopelagics (>=90 cm) | D39: Salmon, smelts, etc | E39: Planktivores/piscivores | H39: low | I39: analogue | J39: 1837237.1 | K39: 0.6497 | L39: At sea Pacific salmon feed on euphausiids, amphipods, squid and small fish, which is the mixed plankton-and-fish guild the model defines with Decapterus maruadsi and Trachurus japonicus. The model has no anadromous or subarctic compartment and no salmonid appears in Supplementary Table S1, and salmon reach the East China Sea only at its northern margin, so this is an analogue placement a reviewer may prefer to leave unresolved.
A40: Carangidae | B40: Jacks, pompanos | C40: Medium pelagics (30 - 89 cm) | D40: Perch-likes | E40: Planktivores/piscivores | Omnivores | F40: 0.711 | 0.289 | G40: catch_composition | H40: medium | I40: composite_split | J40: 1801294.3 | K40: 0.637 | L40: Family-level record. Supplementary Table S1 places the model's carangids in exactly two groups: Decapterus maruadsi, Trachurus japonicus and Parastromateus niger in Planktivores/piscivores, and Caranx sexfasciatus in Omnivores. Apportioned by the catch composition of the identified carangids in this LME.
A41: Psenopsis anomala | B41: Pacific rudderfish | C41: Small benthopelagics (<30 cm) | D41: Perch-likes | E41: Planktivores/Benthivores | Planktivores/piscivores | F41: 0.500 | 0.500 | G41: equal | H41: low | I41: composite_split | J41: 1596611.3 | K41: 0.5646 | L41: Supplementary Table S1 lists this exact species twice, once under Planktivores/Benthivores and once under Planktivores/piscivores, and gives no basis for preferring either; the candidate set is therefore exact but the split is arbitrary, so equal weights are used.
A42: Squillidae | B42: Squilla mantis shrimps | C42: Shrimps | D42: Crustaceans | E42: Shrimps | H42: medium | I42: analogue | J42: 1512499 | K42: 0.5349 | L42: Mantis shrimps are stomatopods, not decapods, and appear nowhere in Supplementary Table S1, but Sea Around Us classes them under Shrimps and the East China Sea trawl fishery lands them with the shrimp catch; the model has no other compartment of comparable size and habitat (Benthic Crustaceans is defined as Gammaridea and Cumacea).
A43: Sparidae | B43: Porgies, seabreams | C43: Medium benthopelagics (30 - 89 cm) | D43: Perch-likes | E43: Omnivores | H43: medium | I43: habitat_size_guild | J43: 1497432.3 | K43: 0.5295 | L43: Porgies and seabreams take a wide mix of benthic invertebrates, algae and small fish; Supplementary Table S1 places the sparid Acanthopagrus schlegelii in Omnivores.
A44: Alepes | B44: Crevalles | C44: Medium reef assoc. fish (30 - 89 cm) | D44: Perch-likes | E44: Planktivores/piscivores | H44: medium | I44: habitat_size_guild | J44: 1439693.2 | K44: 0.5091 | L44: Crevalles are small carangids taking zooplankton and small fish; Supplementary Table S1 places the comparable carangids Decapterus maruadsi and Trachurus japonicus in Planktivores/piscivores.
A45: Sepiidae | B45: Cuttlefishes | C45: Cephalopods | D45: Other fishes & inverts | E45: Cephalopods | H45: high | I45: taxonomic_containment | J45: 1391720.7 | K45: 0.4921 | L45: Cuttlefishes fall inside the model's Cephalopods group, whose members Supplementary Table S1 gives as ten squid, cuttlefish and octopus species (Uroteuthis edulis, Sepia esculenta, Octopus ocellatus, Ommastrephes bartrami and others).
A46: Harpadon nehereus | B46: Bombay-duck | C46: Medium benthopelagics (30 - 89 cm) | D46: Other fishes & inverts | E46: Bombay duck | H46: high | I46: explicit_member | J46: 1326613.3 | K46: 0.4691 | L46: Supplementary Table S1 defines Bombay duck as Harpadon nehereus; the same species is also listed under Piscivores, but the dedicated single-species group is the model's own compartment for this stock and takes the record.
A47: Katsuwonus pelamis | B47: Skipjack tuna | C47: Large pelagics (>=90 cm) | D47: Tuna & billfishes | E47: Piscivores | H47: medium | I47: habitat_size_guild | J47: 1251232.2 | K47: 0.4425 | L47: Skipjack tuna is an epipelagic piscivore; Supplementary Table S1 puts the comparable scombrid Auxis thazard and the epipelagic Coryphaena hippurus in Piscivores, so the model's top fish-eating guild does extend to oceanic predators.
A48: Cephalopoda | B48: Squids, cuttlefishes, octopuses | C48: Cephalopods | D48: Other fishes & inverts | E48: Cephalopods | H48: high | I48: taxonomic_containment | J48: 1145373.9 | K48: 0.405 | L48: The cephalopod class record fall inside the model's Cephalopods group, whose members Supplementary Table S1 gives as ten squid, cuttlefish and octopus species (Uroteuthis edulis, Sepia esculenta, Octopus ocellatus, Ommastrephes bartrami and others).
A49: Nemipteridae | B49: Threadfins, whiptail breams | C49: Small demersals (<30 cm) | D49: Perch-likes | E49: Benthivores/piscivores | H49: high | I49: taxonomic_containment | J49: 1145240.7 | K49: 0.405 | L49: Supplementary Table S1 lists the nemipterid Nemipterus virgatus in Benthivores/piscivores; this family record is that family.
A50: Thunnus albacares | B50: Yellowfin tuna | C50: Large pelagics (>=90 cm) | D50: Tuna & billfishes | E50: Piscivores | H50: medium | I50: habitat_size_guild | J50: 1087501.7 | K50: 0.3846 | L50: Yellowfin tuna is an epipelagic piscivore; Supplementary Table S1 places the scombrid Auxis thazard and the epipelagic Coryphaena hippurus in Piscivores.
A51: Trachurus japonicus | B51: Japanese jack mackerel | C51: Medium demersals (30 - 89 cm) | D51: Perch-likes | E51: Planktivores/piscivores | H51: high | I51: explicit_member | J51: 1072382.8 | K51: 0.3792 | L51: Supplementary Table S1 lists Trachurus japonicus under Planktivores/piscivores.
A52: Rhopilema esculentum | B52: Flame jellyfish | C52: Jellyfish | D52: Other fishes & inverts | E52: Other invertebrates | H52: high | I52: explicit_member | J52: 1043660.1 | K52: 0.3691 | L52: Supplementary Table S1 defines the model's Other invertebrates group as 'Cnidaria'. The flame jellyfish are scyphozoan cnidarians and this is the model's only compartment for them.
A53: Mugil cephalus | B53: Flathead grey mullet | C53: Large benthopelagics (>=90 cm) | D53: Perch-likes | E53: Benthivores | H53: low | I53: analogue | J53: 1024425.1 | K53: 0.3623 | L53: Flathead grey mullet feeds on benthic microalgae and detritus; the model has no herbivore or detritivore fish group, so it is placed in the only bottom-feeding guild, with the same caveat as the other mullets.
... A55: Pagrus major | B55: Japanese seabream | C55: Large demersals (>=90 cm) | D55: Perch-likes | E55: Omnivores | H55: medium | I55: habitat_size_guild | J55: 969705.43 | K55: 0.3429 | L55: Red seabream is a generalist on crustaceans, molluscs, echinoderms and small fish; Supplementary Table S1 places the sparid Acanthopagrus schlegelii in Omnivores.
A56: Decapoda | B56: Crabs, lobsters, shrimps | C56: Lobsters, crabs | D56: Crustaceans | E56: Crabs | Shrimps | F56: 0.252 | 0.748 | G56: catch_composition | H56: medium | I56: composite_split | J56: 964339.7 | K56: 0.341 | L56: Order-level record spanning both of the model's decapod compartments. Sea Around Us classes it Lobsters, crabs and the same dataset carries separate Dendrobranchiata and Brachyura records, so this residual is reptant-dominated; catch-composition weighting, which favours Shrimps, is therefore a lower bound on the crab share.
A57: Turbo cornutus | B57: Horned turban | C57: Other demersal invertebrates | D57: Molluscs | E57: Mollusks | H57: medium | I57: taxonomic_containment | J57: 919189.72 | K57: 0.3251 | L57: The horned turban fall inside the model's Mollusks group by name, but Supplementary Table S1 states its composition as bivalves only, so a gastropod is included on the group's taxonomic name rather than on its listed membership.
A58: Conger myriaster | B58: Whitespotted conger | C58: Medium demersals (30 - 89 cm) | D58: Other fishes & inverts | E58: Benthivores/piscivores | H58: medium | I58: habitat_size_guild | J58: 918502.21 | K58: 0.3248 | L58: Whitespotted conger takes both benthic crustaceans and small fish; Supplementary Table S1 places the congrid Ariosoma anago in Benthivores/piscivores.
A59: Congridae | B59: Conger, garden eels | C59: Large demersals (>=90 cm) | D59: Other fishes & inverts | E59: Benthivores | Benthivores/piscivores | F59: 0.446 | 0.554 | G59: catch_composition | H59: medium | I59: composite_split | J59: 830913.96 | K59: 0.2938 | L59: Family-level record. Supplementary Table S1 splits the model's congrids: Uroconger lepturus and Rhynchoconger ectenurus sit in Benthivores while Ariosoma anago sits in Benthivores/piscivores. Apportioned by catch composition.
A60: Seriola | B60: Amberjacks | C60: Large benthopelagics (>=90 cm) | D60: Perch-likes | E60: Piscivores | H60: medium | I60: habitat_size_guild | J60: 813532.28 | K60: 0.2877 | L60: Amberjacks are large carangid piscivores, unlike the plankton-and-fish scads Supplementary Table S1 lists in Planktivores/piscivores; they belong in the model's fish-eating guild.
A61: Ilisha elongata | B61: Elongate ilisha | C61: Medium pelagics (30 - 89 cm) | D61: Herring-likes | E61: Omnivores | H61: high | I61: explicit_member | J61: 778974.46 | K61: 0.2755 | L61: Supplementary Table S1 lists Ilisha elongata (spelled 'Ilisha elongate') under Omnivores.
A62: Sebastes | B62: Redfishes | C62: Large reef assoc. fish (>=90 cm) | D62: Scorpionfishes | E62: Benthivores/piscivores | H62: medium | I62: habitat_size_guild | J62: 733121.57 | K62: 0.2593 | L62: Rockfishes are demersal ambush predators taking both benthic crustaceans and fish, the mixed guild of Supplementary Table S1 (Nemipterus virgatus, Priacanthus macracanthus).
A63: Epinephelus | B63: Seabasses, hinds | C63: Medium reef assoc. fish (30 - 89 cm) | D63: Perch-likes | E63: Piscivores | H63: medium | I63: habitat_size_guild | J63: 716636.36 | K63: 0.2534 | L63: Groupers are ambush piscivores on the shelf and its hard bottoms, matching the model's fish-eating guild.
A64: Loliginidae | B64: Common pencil squids | C64: Cephalopods | D64: Other fishes & inverts | E64: Cephalopods | H64: high | I64: taxonomic_containment | J64: 714003.75 | K64: 0.2525 | L64: Pencil squids fall inside the model's Cephalopods group, whose members Supplementary Table S1 gives as ten squid, cuttlefish and octopus species (Uroteuthis edulis, Sepia esculenta, Octopus ocellatus, Ommastrephes bartrami and others).
A65: Stromateidae | B65: Butterfishes | C65: Small benthopelagics (<30 cm) | D65: Perch-likes | E65: Planktivores/piscivores | H65: high | I65: taxonomic_containment | J65: 672627.96 | K65: 0.2379 | L65: Supplementary Table S1 lists the stromateids Pampus chinensis and Pampus argenteus in Planktivores/piscivores; this family record is that family.
A66: Brachyura | B66: Marine crabs | C66: Lobsters, crabs | D66: Crustaceans | E66: Crabs | H66: high | I66: taxonomic_containment | J66: 602208.71 | K66: 0.213 | L66: True crabs fall inside the model's Crabs group, which Supplementary Table S1 fills with six portunids (Portunus trituberculatus, Charybdis feriatus, C. bimaculata, P. sanguinolentus, C. acuta, P. argentatus).
A67: Octopodidae | B67: Octopuses | C67: Cephalopods | D67: Other fishes & inverts | E67: Cephalopods | H67: high | I67: taxonomic_containment | J67: 584331.62 | K67: 0.2066 | L67: Octopuses fall inside the model's Cephalopods group, whose members Supplementary Table S1 gives as ten squid, cuttlefish and octopus species (Uroteuthis edulis, Sepia esculenta, Octopus ocellatus, Ommastrephes bartrami and others).
A68: Clupeidae | B68: Herrings, sardines, menhadens | C68: Small pelagics (<30 cm) | D68: Herring-likes | E68: Planktivores | H68: medium | I68: habitat_size_guild | J68: 578418.21 | K68: 0.2045 | L68: Family record for filter-feeding herrings and sardines; Supplementary Table S1 places the clupeid Sardinella aurita in Planktivores. The one clupeiform the paper puts elsewhere, Ilisha elongata (Omnivores), is reported separately by Sea Around Us.
A69: Ammodytes personatus | B69: Pacific sandlance | C69: Small demersals (<30 cm) | D69: Perch-likes | E69: Planktivores | H69: medium | I69: habitat_size_guild | J69: 553049.6 | K69: 0.1956 | L69: Pacific sandlance is a small copepod-feeding schooling fish under 30 cm, matching the Planktivores roster of Supplementary Table S1.
A70: Ruditapes philippinarum | B70: Japanese carpet shell | C70: Other demersal invertebrates | D70: Molluscs | E70: Mollusks | H70: high | I70: explicit_member | J70: 531011.16 | K70: 0.1878 | L70: Supplementary Table S1 defines the model's Mollusks group as 'Bivalves'; this record is a bivalve.
A71: Dussumieria | B71: Rainbow sardines | C71: Small pelagics (<30 cm) | D71: Herring-likes | E71: Planktivores | H71: medium | I71: habitat_size_guild | J71: 516793.55 | K71: 0.1828 | L71: Rainbow sardines are small round herrings feeding on zooplankton, the functional type Supplementary Table S1 lists in Planktivores as Sardinella aurita.
A72: Scombridae | B72: Mackerels, tunas, bonitos | C72: Medium pelagics (30 - 89 cm) | D72: Perch-likes | E72: Piscivores | Planktivores/Benthivores | F72: 0.428 | 0.572 | G72: catch_composition | H72: medium | I72: composite_split | J72: 513751.25 | K72: 0.1817 | L72: Family-level record. Supplementary Table S1 places Scomber japonicus in Planktivores/Benthivores and Scomberomorus niphonius, S. guttatus and Auxis thazard in Piscivores, so the family spans exactly these two groups. Apportioned by catch composition.
A73: Paralichthyidae | B73: Largetooth flounders | C73: Small to medium flatfishes (<90 cm) | D73: Flatfishes | E73: Piscivores | H73: medium | I73: habitat_size_guild | J73: 496055.47 | K73: 0.1754 | L73: Largetooth flounders are ambush piscivores as adults, unlike the invertebrate-feeding righteye flounders, so they belong in the model's fish-eating guild.
A74: Elasmobranchii | B74: Sharks, rays, skates | C74: Large sharks (>=90 cm) | D74: Sharks & rays | E74: Sharks | Benthivores | F74: 0.017 | 0.983 | G74: catch_composition | H74: medium | I74: composite_split | J74: 494813.23 | K74: 0.175 | L74: The model has one shark group (Scoliodon laticaudus Supplementary Table S1) and no ray group: Supplementary Table S1 places the batoids Narcine lingula and Dasyatis zugei in Benthivores. A record spanning sharks, skates and rays is therefore apportioned between those two groups by catch composition.
A75: Konosirus punctatus | B75: Dotted gizzard shad | C75: Small pelagics (<30 cm) | D75: Herring-likes | E75: Planktivores | H75: medium | I75: habitat_size_guild | J75: 491694.94 | K75: 0.1739 | L75: Dotted gizzard shad is a small clupeid filter feeder on phytoplankton and zooplankton, matching Planktivores, where Supplementary Table S1 places Sardinella aurita.
A76: Auxis | B76: Bullet and frigate tunas | C76: Medium pelagics (30 - 89 cm) | D76: Tuna & billfishes | E76: Piscivores | H76: high | I76: taxonomic_containment | J76: 458398.61 | K76: 0.1621 | L76: Supplementary Table S1 lists Auxis thazard in Piscivores; this genus-level record is that genus.
A77: Tetraodontidae | B77: Puffers, tobies | C77: Large reef assoc. fish (>=90 cm) | D77: Other fishes & inverts | E77: Benthivores/piscivores | H77: high | I77: taxonomic_containment | J77: 457802.99 | K77: 0.1619 | L77: Supplementary Table S1 lists the tetraodontid Lagocephalus spadiceus in Benthivores/piscivores; this family record is that family.
A78: Pampus argenteus | B78: Silver pomfret | C78: Medium benthopelagics (30 - 89 cm) | D78: Perch-likes | E78: Planktivores/piscivores | H78: high | I78: explicit_member | J78: 437630.74 | K78: 0.1548 | L78: Supplementary Table S1 lists Pampus argenteus under Planktivores/piscivores.
A79: Priacanthus | B79: Bigeyes | C79: Medium reef assoc. fish (30 - 89 cm) | D79: Perch-likes | E79: Benthivores/piscivores | H79: high | I79: taxonomic_containment | J79: 417476.54 | K79: 0.1476 | L79: Supplementary Table S1 lists Priacanthus macracanthus in Benthivores/piscivores; this genus-level record is that genus.
A80: Synodontidae | B80: Lizardfishes, sauries | C80: Medium demersals (30 - 89 cm) | D80: Other fishes & inverts | E80: Piscivores | H80: high | I80: taxonomic_containment | J80: 414545.21 | K80: 0.1466 | L80: Supplementary Table S1 lists the synodontid Saurida tumbil in Piscivores; this family record is that family. The one synodontid the model treats separately, Harpadon nehereus, is reported under its own Sea Around Us name.
A81: Paralichthys olivaceus | B81: Bastard halibut | C81: Large flatfishes (>=90 cm) | D81: Flatfishes | E81: Piscivores | H81: medium | I81: habitat_size_guild | J81: 394574.56 | K81: 0.1395 | L81: Bastard halibut is an ambush piscivore taking mainly fish and squid as an adult.
A82: Coryphaena hippurus | B82: Common dolphinfish | C82: Large pelagics (>=90 cm) | D82: Perch-likes | E82: Piscivores | H82: high | I82: explicit_member | J82: 387972.24 | K82: 0.1372 | L82: Supplementary Table S1 lists Coryphaena hippurus under Piscivores.
A83: Nemipterus virgatus | B83: Golden threadfin bream | C83: Medium demersals (30 - 89 cm) | D83: Perch-likes | E83: Benthivores/piscivores | H83: high | I83: explicit_member | J83: 380780.41 | K83: 0.1347 | L83: Supplementary Table S1 lists Nemipterus virgatus under Benthivores/piscivores; the paper's discussion names it as an exemplar of that group.
A84: Salmonidae | B84: Salmonids | C84: Large benthopelagics (>=90 cm) | D84: Salmon, smelts, etc | E84: Planktivores/piscivores | H84: low | I84: analogue | J84: 378082.54 | K84: 0.1337 | L84: Family record for the same marginal salmonid catch as the Oncorhynchus record; placed by analogy in the mixed plankton-and-fish guild, with the same caveat that the model has no anadromous compartment.
A85: Portunus pelagicus | B85: Blue swimming crab | C85: Lobsters, crabs | D85: Crustaceans | E85: Crabs | H85: high | I85: taxonomic_containment | J85: 376984.74 | K85: 0.1333 | L85: Blue swimming crab fall inside the model's Crabs group, which Supplementary Table S1 fills with six portunids (Portunus trituberculatus, Charybdis feriatus, C. bimaculata, P. sanguinolentus, C. acuta, P. argentatus).
A86: Sardinella zunasi | B86: Japanese sardinella | C86: Small pelagics (<30 cm) | D86: Herring-likes | E86: Planktivores | H86: high | I86: taxonomic_containment | J86: 376346.12 | K86: 0.1331 | L86: Supplementary Table S1 lists Sardinella aurita in Planktivores; this record is another species of that listed genus.
... A103: Bathylagidae | B103: Deepsea smelts | C103: Small bathypelagics (<30 cm) | D103: Salmon, smelts, etc | E103: Planktivores | H103: medium | I103: habitat_size_guild | J103: 262293.41 | K103: 0.0928 | L103: Deepsea smelts are small mesopelagic zooplanktivores. Supplementary Table S1 places the mesopelagic myctophid Benthosema pterotum, the group's dominant species, in Planktivores, so the model's plankton-feeding guild is where mesopelagic filter feeders belong.
A104: Clupeiformes | B104: Herrings, shads, anchovies | C104: Small pelagics (<30 cm) | D104: Other fishes & inverts | E104: Planktivores | Planktivores/Benthivores | Omnivores | F104: 0.672 | 0.278 | 0.050 | G104: catch_composition | H104: medium | I104: composite_split | J104: 260655.21 | K104: 0.0922 | L104: Order-level record. Supplementary Table S1 places clupeiforms in three groups: Thryssa dussumieri, T. vitrirostris, T. kammalensis, Stolephorus commersonnii and Sardinella aurita in Planktivores, Setipinna tenuifilis in Planktivores/Benthivores, and Ilisha elongata in Omnivores. Apportioned by the catch composition of the identified clupeiforms.
A105: Mullidae | B105: Goatfishes | C105: Medium reef assoc. fish (30 - 89 cm) | D105: Perch-likes | E105: Benthivores | H105: medium | I105: habitat_size_guild | J105: 259641.28 | K105: 0.0918 | L105: Goatfishes sift the sediment with their barbels for polychaetes and small crustaceans, the Benthivores definition of Supplementary Table S1.
A106: Chelidonichthys kumu | B106: Bluefin gurnard | C106: Medium demersals (30 - 89 cm) | D106: Scorpionfishes | E106: Benthivores | H106: high | I106: explicit_member | J106: 252888.18 | K106: 0.0894 | L106: Supplementary Table S1 lists Chelidonichthys kumu under Benthivores.
A107: Nibea mitsukurii | B107: Honnibe croaker | C107: Medium benthopelagics (30 - 89 cm) | D107: Perch-likes | E107: Omnivores | H107: high | I107: taxonomic_containment | J107: 251483 | K107: 0.0889 | L107: Supplementary Table S1 lists Nibea albiflora in Omnivores; this record is another species of that listed genus.
A108: Saurida tumbil | B108: Greater lizardfish | C108: Medium demersals (30 - 89 cm) | D108: Other fishes & inverts | E108: Piscivores | H108: high | I108: explicit_member | J108: 251452.5 | K108: 0.0889 | L108: Supplementary Table S1 lists Saurida tumbil under Piscivores.
A109: Mugilidae | B109: Mullets, grey mullets | C109: Medium reef assoc. fish (30 - 89 cm) | D109: Perch-likes | E109: Benthivores | H109: low | I109: analogue | J109: 244737.29 | K109: 0.0865 | L109: Mullets are detritus and benthic microalgae feeders and the model has no herbivore or detritivore fish compartment; placed in the only bottom-feeding guild, with the diet mismatch noted.
A110: Coryphaena | B110: Dolphinfishes | C110: Large pelagics (>=90 cm) | D110: Perch-likes | E110: Piscivores | H110: high | I110: taxonomic_containment | J110: 244327.15 | K110: 0.0864 | L110: Supplementary Table S1 lists Coryphaena hippurus in Piscivores; this genus-level record is that genus.
A111: Thunnus alalunga | B111: Albacore | C111: Large pelagics (>=90 cm) | D111: Tuna & billfishes | E111: Piscivores | H111: medium | I111: habitat_size_guild | J111: 243978.82 | K111: 0.0863 | L111: Albacore is an epipelagic piscivore, the functional type Supplementary Table S1 places in Piscivores as Auxis thazard and Coryphaena hippurus.
A112: Platycephalus indicus | B112: Bartail flathead | C112: Medium demersals (30 - 89 cm) | D112: Scorpionfishes | E112: Piscivores | H112: medium | I112: habitat_size_guild | J112: 241390.26 | K112: 0.0854 | L112: Bartail flathead is a sand-ambush predator taking mainly fish and large shrimps.
A113: Mactridae | B113: Mactra surf clams | C113: Other demersal invertebrates | D113: Molluscs | E113: Mollusks | H113: high | I113: explicit_member | J113: 233447.2 | K113: 0.0826 | L113: Supplementary Table S1 defines the model's Mollusks group as 'Bivalves'; this record is a bivalve.
A114: Muraenesocidae | B114: Pike congers | C114: Large demersals (>=90 cm) | D114: Other fishes & inverts | E114: Piscivores | H114: high | I114: taxonomic_containment | J114: 225279.4 | K114: 0.0797 | L114: Supplementary Table S1 lists the muraenesocid Muraenesox cinereus in Piscivores; this family record is that family.
A115: Squalidae | B115: Dogfish sharks | C115: Large sharks (>=90 cm) | D115: Sharks & rays | E115: Sharks | H115: high | I115: taxonomic_containment | J115: 207963.9 | K115: 0.0735 | L115: Dogfish sharks fall inside the model's Sharks group, which Supplementary Table S1 represents by Scoliodon laticaudus and which is the model's only shark compartment.
A116: Seriola lalandi | B116: Yellowtail amberjack | C116: Large benthopelagics (>=90 cm) | D116: Perch-likes | E116: Piscivores | H116: medium | I116: habitat_size_guild | J116: 202008.75 | K116: 0.0714 | L116: Yellowtail amberjack is a large carangid piscivore taking mainly fish and squid, matching the model's fish-eating guild rather than the plankton-and-fish scad guild.
... A133: Meretrix lusoria | B133: Japanese hard clam | C133: Other demersal invertebrates | D133: Molluscs | E133: Mollusks | H133: high | I133: explicit_member | J133: 127412.95 | K133: 0.0451 | L133: Supplementary Table S1 defines the model's Mollusks group as 'Bivalves'; this record is a bivalve.
A134: Gadidae | B134: Cods, haddocks | C134: Medium demersals (30 - 89 cm) | D134: Cod-likes | E134: Benthivores/piscivores | Planktivores/piscivores | F134: 0.613 | 0.387 | G134: catch_composition | H134: low | I134: composite_split | J134: 127153.73 | K134: 0.045 | L134: Family-level record for a northern family the model does not name. True cods are large demersal generalists on fish and benthic invertebrates (Benthivores/piscivores) and walleye pollock is a midwater euphausiid-and-fish feeder (Planktivores/piscivores); the record is split between the two functional equivalents. No cod appears anywhere in Supplementary Table S1, so this is analogy, not the paper.
A135: Scomberomorus guttatus | B135: Indo-Pacific king mackerel | C135: Medium pelagics (30 - 89 cm) | D135: Perch-likes | E135: Piscivores | H135: high | I135: explicit_member | J135: 126542 | K135: 0.0447 | L135: Supplementary Table S1 lists Scomberomorus guttatus under Piscivores.
...

Sheet SPPR
A1: Specific PPR per taxon — LME_047, model 47_1_East_China_Sea_(1997)
A2: sppr_simple is the trophic-chain estimate (1/TE)^(TL-1) at TE=0.1, applied to the taxon's own trophic level and needing no model.
A3: The remaining columns are this model's SPPR for the taxon's group, one per method. Blank means the method did not resolve, never zero.
A4: taxon | B4: trophic_level | C4: sppr_simple | D4: Ecopath group | E4: SPPR_1986 | F4: SPPR_1995_TE0.1 | G4: SPPR_1995_TEmean | H4: Ulanowicz_globalTEmean | I4: Ulanowicz_TE | J4: EwE_TE_noEE | K4: EwE_TE_EE | L4: SPPR_2015 | M4: new_TE_noEEfix | N4: new_TE_EEfix | O4: new_GE | P4: new_WithEgestion | Q4: sym_TE_asPP | R4: sym_TE_asDC | S4: sym_GE_asPP | T4: sym_GE_asDC | U4: sym_WithEgestion_asPP | V4: sym_WithEgestion_asDC | W4: MC_new_GE | X4: MC_new_TE_EEfix
A5: Marine fishes not identified | B5: 3.28 | C5: 190.54607 | D5: Benthivores | Piscivores | Planktivores/piscivores | Benthivores/piscivores | Omnivores | E5: 0 | F5: 166.96155 | G5: 2.045106 | H5: 2.060755 | I5: 186.1695 | J5: 192.68038 | K5: 114.31695 | L5: 287.67699 | M5: 287.67699 | N5: 291.90815 | O5: 34.836971 | P5: 19.545313 | Q5: 291.90815 | R5: 287.67699 | S5: 34.836971 | T5: 34.836971 | U5: 19.545313 | V5: 19.545313 | W5: 35.81931 | X5: 216.24497
A6: Sardinops sagax | B6: 2.84 | C6: 69.183097 | D6: Planktivores | E6: 0 | F6: 100.99764 | G6: 1.93677 | H6: 1.93149 | I6: 53.479795 | J6: 53.479795 | K6: 53.372836 | L6: 51.741399 | M6: 51.741399 | N6: 52.283119 | O6: 17.749881 | P6: 11.404035 | Q6: 52.283119 | R6: 51.741399 | S6: 17.749881 | T6: 17.749881 | U6: 11.404035 | V6: 11.404035 | W6: 17.839302 | X6: 54.129601
A7: Trichiurus lepturus | B7: 4.42 | C7: 2630.268 | D7: Hairtails | E7: 0 | F7: 137.30084 | G7: 2.023855 | H7: 1.935295 | I7: 245.6862 | J7: 262.94829 | K7: 262.4224 | L7: 395.11592 | M7: 395.11592 | N7: 400.56763 | O7: 71.211755 | P7: 35.749118 | Q7: 400.56763 | R7: 395.11592 | S7: 71.211755 | T7: 71.211755 | U7: 35.749118 | V7: 35.749118 | W7: 71.925944 | X7: 401.69818
A8: Engraulis japonicus | B8: 3.14 | C8: 138.03843 | D8: Planktivores | E8: 0 | F8: 100.99764 | G8: 1.93677 | H8: 1.93149 | I8: 53.479795 | J8: 53.479795 | K8: 53.372836 | L8: 51.741399 | M8: 51.741399 | N8: 52.283119 | O8: 17.749881 | P8: 11.404035 | Q8: 52.283119 | R8: 51.741399 | S8: 17.749881 | T8: 17.749881 | U8: 11.404035 | V8: 11.404035 | W8: 17.839302 | X8: 54.129601
A9: Scomber japonicus | B9: 3.38 | C9: 239.88329 | D9: Planktivores/Benthivores | E9: 0 | F9: 90.847833 | G9: 1.907611 | H9: 1.91205 | I9: 124.27116 | J9: 124.27116 | K9: 113.83239 | L9: 118.84011 | M9: 118.84011 | N9: 120.05467 | O9: 37.420523 | P9: 24.182504 | Q9: 120.05467 | R9: 118.84011 | S9: 37.420523 | T9: 37.420523 | U9: 24.182504 | V9: 24.182504 | W9: 38.102317 | X9: 122.24189
A10: Scomber | B10: 3.65 | C10: 446.68359 | D10: Planktivores/Benthivores | E10: 0 | F10: 90.847833 | G10: 1.907611 | H10: 1.91205 | I10: 124.27116 | J10: 124.27116 | K10: 113.83239 | L10: 118.84011 | M10: 118.84011 | N10: 120.05467 | O10: 37.420523 | P10: 24.182504 | Q10: 120.05467 | R10: 118.84011 | S10: 37.420523 | T10: 37.420523 | U10: 24.182504 | V10: 24.182504 | W10: 38.102317 | X10: 122.24189
A11: Cololabis saira | B11: 3.71 | C11: 512.86138 | D11: Planktivores | E11: 0 | F11: 100.99764 | G11: 1.93677 | H11: 1.93149 | I11: 53.479795 | J11: 53.479795 | K11: 53.372836 | L11: 51.741399 | M11: 51.741399 | N11: 52.283119 | O11: 17.749881 | P11: 11.404035 | Q11: 52.283119 | R11: 51.741399 | S11: 17.749881 | T11: 17.749881 | U11: 11.404035 | V11: 11.404035 | W11: 17.839302 | X11: 54.129601
A12: Mollusca | B12: 2.1 | C12: 12.589254 | D12: Mollusks | E12: 0 | F12: 14.497407 | G12: 1.466668 | H12: 1.466497 | I12: 17.850747 | J12: 17.850747 | K12: 5.355224 | L12: 17.186608 | M12: 17.186608 | N12: 17.598965 | O12: 3.995111 | P12: 2.967513 | Q12: 17.598965 | R12: 17.186608 | S12: 3.995111 | T12: 3.995111 | U12: 2.967513 | V12: 2.967513 | W12: 3.990277 | X12: 17.941416
A13: Miscellaneous marine crustaceans | B13: 2.7 | C13: 50.118723 | D13: Shrimps | Crabs | E13: 0 | F13: 20.706252 | G13: 1.54349 | H13: 1.562479 | I13: 14.308705 | J13: 14.308705 | K13: 14.042094 | L13: 13.196282 | M13: 13.196282 | N13: 13.444431 | O13: 7.849897 | P13: 5.562855 | Q13: 13.444431 | R13: 13.196282 | S13: 7.849897 | T13: 7.849897 | U13: 5.562855 | V13: 5.562855 | W13: 7.985273 | X13: 13.913077
A14: Larimichthys polyactis | B14: 3.64 | C14: 436.51583 | D14: Small yellow croakers | E14: 0 | F14: 133.41623 | G14: 2.015553 | H14: 2.043652 | I14: 272.24519 | J14: 278.64023 | K14: 62.972692 | L14: 308.69894 | M14: 308.69894 | N14: 312.82813 | O14: 15.479061 | P14: 8.820708 | Q14: 312.82813 | R14: 308.69894 | S14: 15.479061 | T14: 15.479061 | U14: 8.820708 | V14: 8.820708 | W14: 15.817561 | X14: 303.12945
A15: Acetes japonicus | B15: 2.54 | C15: 34.673685 | D15: Shrimps | E15: 0 | F15: 20.606299 | G15: 1.542427 | H15: 1.561295 | I15: 15.075177 | J15: 15.075177 | K15: 15.060102 | L15: 13.927162 | M15: 13.927162 | N15: 14.183251 | O15: 7.969433 | P15: 5.681336 | Q15: 14.183251 | R15: 13.927162 | S15: 7.969433 | T15: 7.969433 | U15: 5.681336 | V15: 5.681336 | W15: 8.136905 | X15: 14.885026
A16: Todarodes pacificus | B16: 4.28 | C16: 1905.4607 | D16: Cephalopods | E16: 0 | F16: 65.929169 | G16: 1.821994 | H16: 1.839433 | I16: 38.382342 | J16: 38.382342 | K16: 37.768225 | L16: 36.734327 | M16: 36.734327 | N16: 37.111337 | O16: 12.794003 | P16: 8.242232 | Q16: 37.111337 | R16: 36.734327 | S16: 12.794003 | T16: 12.794003 | U16: 8.242232 | V16: 8.242232 | W16: 12.757448 | X16: 38.53303
... A114: Muraenesocidae | B114: 3.9 | C114: 794.32823 | D114: Piscivores | E114: 0 | F114: 304.389 | G114: 2.268309 | H114: 2.300314 | I114: 249.25988 | J114: 251.42874 | K114: 202.1487 | L114: 282.597 | M114: 282.597 | N114: 286.03317 | O114: 49.797649 | P114: 25.643377 | Q114: 286.03317 | R114: 282.597 | S114: 49.797649 | T114: 49.797649 | U114: 25.643377 | V114: 25.643377 | W114: 51.082514 | X114: 274.51894
A115: Squalidae | D115: Sharks | E115: 0 | F115: 1154.7441 | G115: 2.745621 | H115: 2.742397 | I115: 0 | J115: 152.58385 | K115: 0 | L115: 0 | M115: 0 | N115: 0 | O115: 205.19967 | P115: 93.831501 | Q115: 0 | R115: 0 | S115: 205.19967 | T115: 205.19967 | U115: 93.831501 | V115: 93.831501 | W115: 205.69541 | X115: 0
A116: Seriola lalandi | D116: Piscivores | E116: 0 | F116: 304.389 | G116: 2.268309 | H116: 2.300314 | I116: 249.25988 | J116: 251.42874 | K116: 202.1487 | L116: 282.597 | M116: 282.597 | N116: 286.03317 | O116: 49.797649 | P116: 25.643377 | Q116: 286.03317 | R116: 282.597 | S116: 49.797649 | T116: 49.797649 | U116: 25.643377 | V116: 25.643377 | W116: 51.082514 | X116: 274.51894
A117: Portunidae | B117: 3.56 | C117: 363.07806 | D117: Crabs | E117: 0 | F117: 21.002175 | G117: 1.546636 | H117: 1.565985 | I117: 12.039474 | J117: 12.039474 | K117: 11.028158 | L117: 11.032425 | M117: 11.032425 | N117: 11.257068 | O117: 7.495998 | P117: 5.212079 | Q117: 11.257068 | R117: 11.032425 | S117: 7.495998 | T117: 7.495998 | U117: 5.212079 | V117: 5.212079 | W117: 7.53635 | X117: 11.035506
A118: Pagrus auratus | B118: 3.59 | C118: 389.04514 | D118: Omnivores | E118: 0 | F118: 131.22146 | G118: 2.01077 | H118: 2.036134 | I118: 66.044357 | J118: 68.255823 | K118: 68.187568 | L118: 72.544996 | M118: 72.544996 | N118: 73.572832 | O118: 17.500018 | P118: 10.032554 | Q118: 73.572832 | R118: 72.544996 | S118: 17.500018 | T118: 17.500018 | U118: 10.032554 | V118: 10.032554 | W118: 17.704629 | X118: 72.854687
A119: Thunnus obesus | B119: 4.49 | C119: 3090.2954 | D119: Piscivores | E119: 0 | F119: 304.389 | G119: 2.268309 | H119: 2.300314 | I119: 249.25988 | J119: 251.42874 | K119: 202.1487 | L119: 282.597 | M119: 282.597 | N119: 286.03317 | O119: 49.797649 | P119: 25.643377 | Q119: 286.03317 | R119: 282.597 | S119: 49.797649 | T119: 49.797649 | U119: 25.643377 | V119: 25.643377 | W119: 51.082514 | X119: 274.51894
A120: Haemulidae | B120: 3.36 | C120: 229.08677 | D120: Benthivores | E120: 0 | F120: 67.814783 | G120: 1.829368 | H120: 1.84033 | I120: 33.988491 | J120: 35.780255 | K120: 35.601354 | L120: 385.22884 | M120: 385.22884 | N120: 391.588 | O120: 16.66963 | P120: 9.97388 | Q120: 391.588 | R120: 385.22884 | S120: 16.66963 | T120: 16.66963 | U120: 9.97388 | V120: 9.97388 | W120: 17.246706 | X120: 42.474741
A121: Gastropoda | B121: 3.06 | C121: 114.81536 | D121: Mollusks | E121: 0 | F121: 14.497407 | G121: 1.466668 | H121: 1.466497 | I121: 17.850747 | J121: 17.850747 | K121: 5.355224 | L121: 17.186608 | M121: 17.186608 | N121: 17.598965 | O121: 3.995111 | P121: 2.967513 | Q121: 17.598965 | R121: 17.186608 | S121: 3.995111 | T121: 3.995111 | U121: 2.967513 | V121: 2.967513 | W121: 3.990277 | X121: 17.941416
A122: Holothuroidea | B122: 2 | C122: 10 | D122: Echinoderms | E122: 0 | F122: 14.362944 | G122: 1.464712 | H122: 1.389744 | I122: 47.528559 | J122: 47.528559 | K122: 8.650198 | L122: 98169.82 | M122: 98169.82 | N122: 99766.368 | O122: 7.082345 | P122: 4.85352 | Q122: 99766.368 | R122: 98169.82 | S122: 7.082345 | T122: 7.082345 | U122: 4.85352 | V122: 4.85352 | W122: 7.237529 | X122: 1019.755
A123: Penaeus japonicus | B123: 2.7 | C123: 50.118723 | D123: Shrimps | E123: 0 | F123: 20.606299 | G123: 1.542427 | H123: 1.561295 | I123: 15.075177 | J123: 15.075177 | K123: 15.060102 | L123: 13.927162 | M123: 13.927162 | N123: 14.183251 | O123: 7.969433 | P123: 5.681336 | Q123: 14.183251 | R123: 13.927162 | S123: 7.969433 | T123: 7.969433 | U123: 5.681336 | V123: 5.681336 | W123: 8.136905 | X123: 14.885026
A124: Mytilidae | B124: 2 | C124: 10 | D124: Mollusks | E124: 0 | F124: 14.497407 | G124: 1.466668 | H124: 1.466497 | I124: 17.850747 | J124: 17.850747 | K124: 5.355224 | L124: 17.186608 | M124: 17.186608 | N124: 17.598965 | O124: 3.995111 | P124: 2.967513 | Q124: 17.598965 | R124: 17.186608 | S124: 3.995111 | T124: 3.995111 | U124: 2.967513 | V124: 2.967513 | W124: 3.990277 | X124: 17.941416
A125: Penaeidae | B125: 3.31 | C125: 204.17379 | D125: Shrimps | E125: 0 | F125: 20.606299 | G125: 1.542427 | H125: 1.561295 | I125: 15.075177 | J125: 15.075177 | K125: 15.060102 | L125: 13.927162 | M125: 13.927162 | N125: 14.183251 | O125: 7.969433 | P125: 5.681336 | Q125: 14.183251 | R125: 13.927162 | S125: 7.969433 | T125: 7.969433 | U125: 5.681336 | V125: 5.681336 | W125: 8.136905 | X125: 14.885026
A126: Trichiuridae | B126: 4.15 | C126: 1412.5375 | D126: Hairtails | E126: 0 | F126: 137.30084 | G126: 2.023855 | H126: 1.935295 | I126: 245.6862 | J126: 262.94829 | K126: 262.4224 | L126: 395.11592 | M126: 395.11592 | N126: 400.56763 | O126: 71.211755 | P126: 35.749118 | Q126: 400.56763 | R126: 395.11592 | S126: 71.211755 | T126: 71.211755 | U126: 35.749118 | V126: 35.749118 | W126: 71.925944 | X126: 401.69818
A127: Parastromateus niger | B127: 2.93 | C127: 85.113804 | D127: Planktivores/piscivores | E127: 0 | F127: 123.07779 | G127: 1.992402 | H127: 1.97781 | I127: 560.29931 | J127: 592.27268 | K127: 209.07226 | L127: 660.16691 | M127: 660.16691 | N127: 670.16553 | O127: 72.857719 | P127: 43.071646 | Q127: 670.16553 | R127: 660.16691 | S127: 72.857719 | T127: 72.857719 | U127: 43.071646 | V127: 43.071646 | W127: 75.193746 | X127: 683.80424
A128: Miichthys miiuy | B128: 3.5 | C128: 316.22777 | D128: Benthivores/piscivores | E128: 0 | F128: 136.12006 | G128: 2.021353 | H128: 2.039787 | I128: 36.046055 | J128: 36.076344 | K128: 35.535199 | L128: 34.759886 | M128: 34.759886 | N128: 35.313702 | O128: 13.890783 | P128: 8.31974 | Q128: 35.313702 | R128: 34.759886 | S128: 13.890783 | T128: 13.890783 | U128: 8.31974 | V128: 8.31974 | W128: 14.220855 | X128: 35.767132
... A131: Gadus chalcogrammus | B131: 3.57 | C131: 371.53523 | D131: Planktivores/piscivores | E131: 0 | F131: 123.07779 | G131: 1.992402 | H131: 1.97781 | I131: 560.29931 | J131: 592.27268 | K131: 209.07226 | L131: 660.16691 | M131: 660.16691 | N131: 670.16553 | O131: 72.857719 | P131: 43.071646 | Q131: 670.16553 | R131: 660.16691 | S131: 72.857719 | T131: 72.857719 | U131: 43.071646 | V131: 43.071646 | W131: 75.193746 | X131: 683.80424
A132: Branchiostegus japonicus | D132: Benthivores/piscivores | E132: 0 | F132: 136.12006 | G132: 2.021353 | H132: 2.039787 | I132: 36.046055 | J132: 36.076344 | K132: 35.535199 | L132: 34.759886 | M132: 34.759886 | N132: 35.313702 | O132: 13.890783 | P132: 8.31974 | Q132: 35.313702 | R132: 34.759886 | S132: 13.890783 | T132: 13.890783 | U132: 8.31974 | V132: 8.31974 | W132: 14.220855 | X132: 35.767132
A133: Meretrix lusoria | B133: 2 | C133: 10 | D133: Mollusks | E133: 0 | F133: 14.497407 | G133: 1.466668 | H133: 1.466497 | I133: 17.850747 | J133: 17.850747 | K133: 5.355224 | L133: 17.186608 | M133: 17.186608 | N133: 17.598965 | O133: 3.995111 | P133: 2.967513 | Q133: 17.598965 | R133: 17.186608 | S133: 3.995111 | T133: 3.995111 | U133: 2.967513 | V133: 2.967513 | W133: 3.990277 | X133: 17.941416
A134: Gadidae | B134: 3.84 | C134: 691.83097 | D134: Benthivores/piscivores | Planktivores/piscivores | E134: 0 | F134: 131.07721 | G134: 2.010159 | H134: 2.015823 | I134: 238.7508 | J134: 251.13202 | K134: 102.63404 | L134: 276.57617 | M134: 276.57617 | N134: 280.78185 | O134: 36.690599 | P134: 21.756712 | Q134: 280.78185 | R134: 276.57617 | S134: 36.690599 | T134: 36.690599 | U134: 21.756712 | V134: 21.756712 | W134: 37.796282 | X134: 286.33343
A135: Scomberomorus guttatus | B135: 4.28 | C135: 1905.4607 | D135: Piscivores | E135: 0 | F135: 304.389 | G135: 2.268309 | H135: 2.300314 | I135: 249.25988 | J135: 251.42874 | K135: 202.1487 | L135: 282.597 | M135: 282.597 | N135: 286.03317 | O135: 49.797649 | P135: 25.643377 | Q135: 286.03317 | R135: 282.597 | S135: 49.797649 | T135: 49.797649 | U135: 25.643377 | V135: 25.643377 | W135: 51.082514 | X135: 274.51894
A136: Tegillarca granosa | B136: 2 | C136: 10 | D136: Mollusks | E136: 0 | F136: 14.497407 | G136: 1.466668 | H136: 1.466497 | I136: 17.850747 | J136: 17.850747 | K136: 5.355224 | L136: 17.186608 | M136: 17.186608 | N136: 17.598965 | O136: 3.995111 | P136: 2.967513 | Q136: 17.598965 | R136: 17.186608 | S136: 3.995111 | T136: 3.995111 | U136: 2.967513 | V136: 2.967513 | W136: 3.990277 | X136: 17.941416
A137: Menidae | B137: 3.45 | C137: 281.83829 | D137: Planktivores/piscivores | E137: 0 | F137: 123.07779 | G137: 1.992402 | H137: 1.97781 | I137: 560.29931 | J137: 592.27268 | K137: 209.07226 | L137: 660.16691 | M137: 660.16691 | N137: 670.16553 | O137: 72.857719 | P137: 43.071646 | Q137: 670.16553 | R137: 660.16691 | S137: 72.857719 | T137: 72.857719 | U137: 43.071646 | V137: 43.071646 | W137: 75.193746 | X137: 683.80424
A138: Scorpaenidae | B138: 3.92 | C138: 831.76377 | D138: Benthivores/piscivores | E138: 0 | F138: 136.12006 | G138: 2.021353 | H138: 2.039787 | I138: 36.046055 | J138: 36.076344 | K138: 35.535199 | L138: 34.759886 | M138: 34.759886 | N138: 35.313702 | O138: 13.890783 | P138: 8.31974 | Q138: 35.313702 | R138: 34.759886 | S138: 13.890783 | T138: 13.890783 | U138: 8.31974 | V138: 8.31974 | W138: 14.220855 | X138: 35.767132
A139: Ommastrephidae | B139: 4.09 | C139: 1230.2688 | D139: Cephalopods | E139: 0 | F139: 65.929169 | G139: 1.821994 | H139: 1.839433 | I139: 38.382342 | J139: 38.382342 | K139: 37.768225 | L139: 36.734327 | M139: 36.734327 | N139: 37.111337 | O139: 12.794003 | P139: 8.242232 | Q139: 37.111337 | R139: 36.734327 | S139: 12.794003 | T139: 12.794003 | U139: 8.242232 | V139: 8.242232 | W139: 12.757448 | X139: 38.53303
A140: Veneridae | B140: 2 | C140: 10 | D140: Mollusks | E140: 0 | F140: 14.497407 | G140: 1.466668 | H140: 1.466497 | I140: 17.850747 | J140: 17.850747 | K140: 5.355224 | L140: 17.186608 | M140: 17.186608 | N140: 17.598965 | O140: 3.995111 | P140: 2.967513 | Q140: 17.598965 | R140: 17.186608 | S140: 3.995111 | T140: 3.995111 | U140: 2.967513 | V140: 2.967513 | W140: 3.990277 | X140: 17.941416
A141: Meretrix | D141: Mollusks | E141: 0 | F141: 14.497407 | G141: 1.466668 | H141: 1.466497 | I141: 17.850747 | J141: 17.850747 | K141: 5.355224 | L141: 17.186608 | M141: 17.186608 | N141: 17.598965 | O141: 3.995111 | P141: 2.967513 | Q141: 17.598965 | R141: 17.186608 | S141: 3.995111 | T141: 3.995111 | U141: 2.967513 | V141: 2.967513 | W141: 3.990277 | X141: 17.941416
A142: Miscellaneous aquatic invertebrates | B142: 2.43 | C142: 26.915348 | D142: Mollusks | Echinoderms | Other invertebrates | E142: 0 | F142: 13.498083 | G142: 1.449794 | H142: 1.447832 | I142: 17.858553 | J142: 17.858553 | K142: 6.242972 | L142: 2415.674 | M142: 2415.674 | N142: 2455.053 | O142: 5.326069 | P142: 4.090099 | Q142: 2455.053 | R142: 2415.674 | S142: 5.326069 | T142: 5.326069 | U142: 4.090099 | V142: 4.090099 | W142: 5.32559 | X142: 41.510164
A143: Ariidae | B143: 3.48 | C143: 301.99517 | D143: Benthivores/piscivores | E143: 0 | F143: 136.12006 | G143: 2.021353 | H143: 2.039787 | I143: 36.046055 | J143: 36.076344 | K143: 35.535199 | L143: 34.759886 | M143: 34.759886 | N143: 35.313702 | O143: 13.890783 | P143: 8.31974 | Q143: 35.313702 | R143: 34.759886 | S143: 13.890783 | T143: 13.890783 | U143: 8.31974 | V143: 8.31974 | W143: 14.220855 | X143: 35.767132
A144: Mene maculata | B144: 3.45 | C144: 281.83829 | D144: Planktivores/piscivores | E144: 0 | F144: 123.07779 | G144: 1.992402 | H144: 1.97781 | I144: 560.29931 | J144: 592.27268 | K144: 209.07226 | L144: 660.16691 | M144: 660.16691 | N144: 670.16553 | O144: 72.857719 | P144: 43.071646 | Q144: 670.16553 | R144: 660.16691 | S144: 72.857719 | T144: 72.857719 | U144: 43.071646 | V144: 43.071646 | W144: 75.193746 | X144: 683.80424
A145: Acanthopagrus schlegelii | B145: 3.24 | C145: 173.78008 | D145: Omnivores | E145: 0 | F145: 131.22146 | G145: 2.01077 | H145: 2.036134 | I145: 66.044357 | J145: 68.255823 | K145: 68.187568 | L145: 72.544996 | M145: 72.544996 | N145: 73.572832 | O145: 17.500018 | P145: 10.032554 | Q145: 73.572832 | R145: 72.544996 | S145: 17.500018 | T145: 17.500018 | U145: 10.032554 | V145: 10.032554 | W145: 17.704629 | X145: 72.854687
A146: Octopus | B146: 3.8 | C146: 630.95734 | D146: Cephalopods | E146: 0 | F146: 65.929169 | G146: 1.821994 | H146: 1.839433 | I146: 38.382342 | J146: 38.382342 | K146: 37.768225 | L146: 36.734327 | M146: 36.734327 | N146: 37.111337 | O146: 12.794003 | P146: 8.242232 | Q146: 37.111337 | R146: 36.734327 | S146: 12.794003 | T146: 12.794003 | U146: 8.242232 | V146: 8.242232 | W146: 12.757448 | X146: 38.53303
A147: Apostichopus japonicus | B147: 2.3 | C147: 19.952623 | D147: Echinoderms | E147: 0 | F147: 14.362944 | G147: 1.464712 | H147: 1.389744 | I147: 47.528559 | J147: 47.528559 | K147: 8.650198 | L147: 98169.82 | M147: 98169.82 | N147: 99766.368 | O147: 7.082345 | P147: 4.85352 | Q147: 99766.368 | R147: 98169.82 | S147: 7.082345 | T147: 7.082345 | U147: 4.85352 | V147: 4.85352 | W147: 7.237529 | X147: 1019.755
A148: Arctoscopus japonicus | B148: 3.51 | C148: 323.59366 | D148: Benthivores/piscivores | E148: 0 | F148: 136.12006 | G148: 2.021353 | H148: 2.039787 | I148: 36.046055 | J148: 36.076344 | K148: 35.535199 | L148: 34.759886 | M148: 34.759886 | N148: 35.313702 | O148: 13.890783 | P148: 8.31974 | Q148: 35.313702 | R148: 34.759886 | S148: 13.890783 | T148: 13.890783 | U148: 8.31974 | V148: 8.31974 | W148: 14.220855 | X148: 35.767132
A149: Batoidea | B149: 3.72 | C149: 524.80746 | D149: Benthivores | E149: 0 | F149: 67.814783 | G149: 1.829368 | H149: 1.84033 | I149: 33.988491 | J149: 35.780255 | K149: 35.601354 | L149: 385.22884 | M149: 385.22884 | N149: 391.588 | O149: 16.66963 | P149: 9.97388 | Q149: 391.588 | R149: 385.22884 | S149: 16.66963 | T149: 16.66963 | U149: 9.97388 | V149: 9.97388 | W149: 17.246706 | X149: 42.474741
A150: Perciformes | B150: 3.53 | C150: 338.84416 | D150: Benthivores | Piscivores | Planktivores/piscivores | Benthivores/piscivores | Omnivores | E150: 0 | F150: 166.96155 | G150: 2.045106 | H150: 2.060755 | I150: 186.1695 | J150: 192.68038 | K150: 114.31695 | L150: 287.67699 | M150: 287.67699 | N150: 291.90815 | O150: 34.836971 | P150: 19.545313 | Q150: 291.90815 | R150: 287.67699 | S150: 34.836971 | T150: 34.836971 | U150: 19.545313 | V150: 19.545313 | W150: 35.81931 | X150: 216.24497
A151: Ostreidae | B151: 2 | C151: 10 | D151: Mollusks | E151: 0 | F151: 14.497407 | G151: 1.466668 | H151: 1.466497 | I151: 17.850747 | J151: 17.850747 | K151: 5.355224 | L151: 17.186608 | M151: 17.186608 | N151: 17.598965 | O151: 3.995111 | P151: 2.967513 | Q151: 17.598965 | R151: 17.186608 | S151: 3.995111 | T151: 3.995111 | U151: 2.967513 | V151: 2.967513 | W151: 3.990277 | X151: 17.941416
A152: Portunus | B152: 3.26 | C152: 181.97009 | D152: Crabs | E152: 0 | F152: 21.002175 | G152: 1.546636 | H152: 1.565985 | I152: 12.039474 | J152: 12.039474 | K152: 11.028158 | L152: 11.032425 | M152: 11.032425 | N152: 11.257068 | O152: 7.495998 | P152: 5.212079 | Q152: 11.257068 | R152: 11.032425 | S152: 7.495998 | T152: 7.495998 | U152: 5.212079 | V152: 5.212079 | W152: 7.53635 | X152: 11.035506
A153: Penaeus penicillatus | B153: 2.7 | C153: 50.118723 | D153: Shrimps | E153: 0 | F153: 20.606299 | G153: 1.542427 | H153: 1.561295 | I153: 15.075177 | J153: 15.075177 | K153: 15.060102 | L153: 13.927162 | M153: 13.927162 | N153: 14.183251 | O153: 7.969433 | P153: 5.681336 | Q153: 14.183251 | R153: 13.927162 | S153: 7.969433 | T153: 7.969433 | U153: 5.681336 | V153: 5.681336 | W153: 8.136905 | X153: 14.885026
... A173: Chondrichthyes | B173: 4 | C173: 1000 | D173: Sharks | Benthivores | E173: 0 | F173: 86.734781 | G173: 1.845317 | H173: 1.856032 | I173: 33.396859 | J173: 37.813436 | K173: 34.981647 | L173: 378.52322 | M173: 378.52322 | N173: 384.7717 | O173: 19.951341 | P173: 11.433576 | Q173: 384.7717 | R173: 378.52322 | S173: 19.951341 | T173: 19.951341 | U173: 11.433576 | V173: 11.433576 | W173: 20.527001 | X173: 41.735391
A174: Parapristipoma trilineatum | D174: Planktivores/Benthivores | E174: 0 | F174: 90.847833 | G174: 1.907611 | H174: 1.91205 | I174: 124.27116 | J174: 124.27116 | K174: 113.83239 | L174: 118.84011 | M174: 118.84011 | N174: 120.05467 | O174: 37.420523 | P174: 24.182504 | Q174: 120.05467 | R174: 118.84011 | S174: 37.420523 | T174: 37.420523 | U174: 24.182504 | V174: 24.182504 | W174: 38.102317 | X174: 122.24189
A175: Evynnis tumifrons | B175: 3.97 | C175: 933.2543 | D175: Omnivores | E175: 0 | F175: 131.22146 | G175: 2.01077 | H175: 2.036134 | I175: 66.044357 | J175: 68.255823 | K175: 68.187568 | L175: 72.544996 | M175: 72.544996 | N175: 73.572832 | O175: 17.500018 | P175: 10.032554 | Q175: 73.572832 | R175: 72.544996 | S175: 17.500018 | T175: 17.500018 | U175: 10.032554 | V175: 10.032554 | W175: 17.704629 | X175: 72.854687
A176: Scyllaridae | B176: 2.87 | C176: 74.131024 | D176: Crabs | E176: 0 | F176: 21.002175 | G176: 1.546636 | H176: 1.565985 | I176: 12.039474 | J176: 12.039474 | K176: 11.028158 | L176: 11.032425 | M176: 11.032425 | N176: 11.257068 | O176: 7.495998 | P176: 5.212079 | Q176: 11.257068 | R176: 11.032425 | S176: 7.495998 | T176: 7.495998 | U176: 5.212079 | V176: 5.212079 | W176: 7.53635 | X176: 11.035506
A177: Xiphias gladius | B177: 4.53 | C177: 3388.4416 | D177: Piscivores | E177: 0 | F177: 304.389 | G177: 2.268309 | H177: 2.300314 | I177: 249.25988 | J177: 251.42874 | K177: 202.1487 | L177: 282.597 | M177: 282.597 | N177: 286.03317 | O177: 49.797649 | P177: 25.643377 | Q177: 286.03317 | R177: 282.597 | S177: 49.797649 | T177: 49.797649 | U177: 25.643377 | V177: 25.643377 | W177: 51.082514 | X177: 274.51894
A178: Epinephelus coioides | B178: 4 | C178: 1000 | D178: Piscivores | E178: 0 | F178: 304.389 | G178: 2.268309 | H178: 2.300314 | I178: 249.25988 | J178: 251.42874 | K178: 202.1487 | L178: 282.597 | M178: 282.597 | N178: 286.03317 | O178: 49.797649 | P178: 25.643377 | Q178: 286.03317 | R178: 282.597 | S178: 49.797649 | T178: 49.797649 | U178: 25.643377 | V178: 25.643377 | W178: 51.082514 | X178: 274.51894
A179: Gobiidae | B179: 3.11 | C179: 128.82495 | D179: Benthivores | E179: 0 | F179: 67.814783 | G179: 1.829368 | H179: 1.84033 | I179: 33.988491 | J179: 35.780255 | K179: 35.601354 | L179: 385.22884 | M179: 385.22884 | N179: 391.588 | O179: 16.66963 | P179: 9.97388 | Q179: 391.588 | R179: 385.22884 | S179: 16.66963 | T179: 16.66963 | U179: 9.97388 | V179: 9.97388 | W179: 17.246706 | X179: 42.474741
A180: Ariomma indica | B180: 3.63 | C180: 426.57952 | D180: Planktivores/piscivores | E180: 0 | F180: 123.07779 | G180: 1.992402 | H180: 1.97781 | I180: 560.29931 | J180: 592.27268 | K180: 209.07226 | L180: 660.16691 | M180: 660.16691 | N180: 670.16553 | O180: 72.857719 | P180: 43.071646 | Q180: 670.16553 | R180: 660.16691 | S180: 72.857719 | T180: 72.857719 | U180: 43.071646 | V180: 43.071646 | W180: 75.193746 | X180: 683.80424
A181: Platycaranx talamparoides | B181: 4.4 | C181: 2511.8864 | D181: Planktivores/piscivores | E181: 0 | F181: 123.07779 | G181: 1.992402 | H181: 1.97781 | I181: 560.29931 | J181: 592.27268 | K181: 209.07226 | L181: 660.16691 | M181: 660.16691 | N181: 670.16553 | O181: 72.857719 | P181: 43.071646 | Q181: 670.16553 | R181: 660.16691 | S181: 72.857719 | T181: 72.857719 | U181: 43.071646 | V181: 43.071646 | W181: 75.193746 | X181: 683.80424
A182: Decapterus russelli | B182: 3.68 | C182: 478.63009 | D182: Planktivores/piscivores | E182: 0 | F182: 123.07779 | G182: 1.992402 | H182: 1.97781 | I182: 560.29931 | J182: 592.27268 | K182: 209.07226 | L182: 660.16691 | M182: 660.16691 | N182: 670.16553 | O182: 72.857719 | P182: 43.071646 | Q182: 670.16553 | R182: 660.16691 | S182: 72.857719 | T182: 72.857719 | U182: 43.071646 | V182: 43.071646 | W182: 75.193746 | X182: 683.80424
A183: Panulirus | D183: Crabs | E183: 0 | F183: 21.002175 | G183: 1.546636 | H183: 1.565985 | I183: 12.039474 | J183: 12.039474 | K183: 11.028158 | L183: 11.032425 | M183: 11.032425 | N183: 11.257068 | O183: 7.495998 | P183: 5.212079 | Q183: 11.257068 | R183: 11.032425 | S183: 7.495998 | T183: 7.495998 | U183: 5.212079 | V183: 5.212079 | W183: 7.53635 | X183: 11.035506
A184: Niphon spinosus | B184: 4.5 | C184: 3162.2777 | D184: Piscivores | E184: 0 | F184: 304.389 | G184: 2.268309 | H184: 2.300314 | I184: 249.25988 | J184: 251.42874 | K184: 202.1487 | L184: 282.597 | M184: 282.597 | N184: 286.03317 | O184: 49.797649 | P184: 25.643377 | Q184: 286.03317 | R184: 282.597 | S184: 49.797649 | T184: 49.797649 | U184: 25.643377 | V184: 25.643377 | W184: 51.082514 | X184: 274.51894
A185: Chanos chanos | B185: 2.03 | C185: 10.715193 | D185: Omnivores | E185: 0 | F185: 131.22146 | G185: 2.01077 | H185: 2.036134 | I185: 66.044357 | J185: 68.255823 | K185: 68.187568 | L185: 72.544996 | M185: 72.544996 | N185: 73.572832 | O185: 17.500018 | P185: 10.032554 | Q185: 73.572832 | R185: 72.544996 | S185: 17.500018 | T185: 17.500018 | U185: 10.032554 | V185: 10.032554 | W185: 17.704629 | X185: 72.854687
A186: Istiompax indica | B186: 4.5 | C186: 3162.2777 | D186: Piscivores | E186: 0 | F186: 304.389 | G186: 2.268309 | H186: 2.300314 | I186: 249.25988 | J186: 251.42874 | K186: 202.1487 | L186: 282.597 | M186: 282.597 | N186: 286.03317 | O186: 49.797649 | P186: 25.643377 | Q186: 286.03317 | R186: 282.597 | S186: 49.797649 | T186: 49.797649 | U186: 25.643377 | V186: 25.643377 | W186: 51.082514 | X186: 274.51894
A187: Panulirus longipes | B187: 2.6 | C187: 39.810717 | D187: Crabs | E187: 0 | F187: 21.002175 | G187: 1.546636 | H187: 1.565985 | I187: 12.039474 | J187: 12.039474 | K187: 11.028158 | L187: 11.032425 | M187: 11.032425 | N187: 11.257068 | O187: 7.495998 | P187: 5.212079 | Q187: 11.257068 | R187: 11.032425 | S187: 7.495998 | T187: 7.495998 | U187: 5.212079 | V187: 5.212079 | W187: 7.53635 | X187: 11.035506
A188: Sillaginidae | B188: 3.25 | C188: 177.82794 | D188: Benthivores | E188: 0 | F188: 67.814783 | G188: 1.829368 | H188: 1.84033 | I188: 33.988491 | J188: 35.780255 | K188: 35.601354 | L188: 385.22884 | M188: 385.22884 | N188: 391.588 | O188: 16.66963 | P188: 9.97388 | Q188: 391.588 | R188: 385.22884 | S188: 16.66963 | T188: 16.66963 | U188: 9.97388 | V188: 9.97388 | W188: 17.246706 | X188: 42.474741
A189: Lateolabracidae | B189: 3.78 | C189: 602.55959 | D189: Benthivores/piscivores | E189: 0 | F189: 136.12006 | G189: 2.021353 | H189: 2.039787 | I189: 36.046055 | J189: 36.076344 | K189: 35.535199 | L189: 34.759886 | M189: 34.759886 | N189: 35.313702 | O189: 13.890783 | P189: 8.31974 | Q189: 35.313702 | R189: 34.759886 | S189: 13.890783 | T189: 13.890783 | U189: 8.31974 | V189: 8.31974 | W189: 14.220855 | X189: 35.767132
A190: Ammodytes | B190: 3.11 | C190: 128.82495 | D190: Planktivores | E190: 0 | F190: 100.99764 | G190: 1.93677 | H190: 1.93149 | I190: 53.479795 | J190: 53.479795 | K190: 53.372836 | L190: 51.741399 | M190: 51.741399 | N190: 52.283119 | O190: 17.749881 | P190: 11.404035 | Q190: 52.283119 | R190: 51.741399 | S190: 17.749881 | T190: 17.749881 | U190: 11.404035 | V190: 11.404035 | W190: 17.839302 | X190: 54.129601
A191: Cypselurus | B191: 3.4 | C191: 251.18864 | D191: Planktivores | E191: 0 | F191: 100.99764 | G191: 1.93677 | H191: 1.93149 | I191: 53.479795 | J191: 53.479795 | K191: 53.372836 | L191: 51.741399 | M191: 51.741399 | N191: 52.283119 | O191: 17.749881 | P191: 11.404035 | Q191: 52.283119 | R191: 51.741399 | S191: 17.749881 | T191: 17.749881 | U191: 11.404035 | V191: 11.404035 | W191: 17.839302 | X191: 54.129601
A192: Gymnocranius | B192: 3.4 | C192: 251.18864 | D192: Benthivores/piscivores | E192: 0 | F192: 136.12006 | G192: 2.021353 | H192: 2.039787 | I192: 36.046055 | J192: 36.076344 | K192: 35.535199 | L192: 34.759886 | M192: 34.759886 | N192: 35.313702 | O192: 13.890783 | P192: 8.31974 | Q192: 35.313702 | R192: 34.759886 | S192: 13.890783 | T192: 13.890783 | U192: 8.31974 | V192: 8.31974 | W192: 14.220855 | X192: 35.767132
A193: Muraenidae | B193: 4.07 | C193: 1174.8976 | D193: Piscivores | E193: 0 | F193: 304.389 | G193: 2.268309 | H193: 2.300314 | I193: 249.25988 | J193: 251.42874 | K193: 202.1487 | L193: 282.597 | M193: 282.597 | N193: 286.03317 | O193: 49.797649 | P193: 25.643377 | Q193: 286.03317 | R193: 282.597 | S193: 49.797649 | T193: 49.797649 | U193: 25.643377 | V193: 25.643377 | W193: 51.082514 | X193: 274.51894
A194: Ibacus ciliatus | B194: 2.6 | C194: 39.810717 | D194: Crabs | E194: 0 | F194: 21.002175 | G194: 1.546636 | H194: 1.565985 | I194: 12.039474 | J194: 12.039474 | K194: 11.028158 | L194: 11.032425 | M194: 11.032425 | N194: 11.257068 | O194: 7.495998 | P194: 5.212079 | Q194: 11.257068 | R194: 11.032425 | S194: 7.495998 | T194: 7.495998 | U194: 5.212079 | V194: 5.212079 | W194: 7.53635 | X194: 11.035506
A195: Scylla serrata | B195: 3.17 | C195: 147.91084 | D195: Crabs | E195: 0 | F195: 21.002175 | G195: 1.546636 | H195: 1.565985 | I195: 12.039474 | J195: 12.039474 | K195: 11.028158 | L195: 11.032425 | M195: 11.032425 | N195: 11.257068 | O195: 7.495998 | P195: 5.212079 | Q195: 11.257068 | R195: 11.032425 | S195: 7.495998 | T195: 7.495998 | U195: 5.212079 | V195: 5.212079 | W195: 7.53635 | X195: 11.035506
... A197: Megalaspis cordyla | B197: 4.24 | C197: 1737.8008 | D197: Planktivores/piscivores | E197: 0 | F197: 123.07779 | G197: 1.992402 | H197: 1.97781 | I197: 560.29931 | J197: 592.27268 | K197: 209.07226 | L197: 660.16691 | M197: 660.16691 | N197: 670.16553 | O197: 72.857719 | P197: 43.071646 | Q197: 670.16553 | R197: 660.16691 | S197: 72.857719 | T197: 72.857719 | U197: 43.071646 | V197: 43.071646 | W197: 75.193746 | X197: 683.80424
A198: Hexagrammos otakii | D198: Benthivores | E198: 0 | F198: 67.814783 | G198: 1.829368 | H198: 1.84033 | I198: 33.988491 | J198: 35.780255 | K198: 35.601354 | L198: 385.22884 | M198: 385.22884 | N198: 391.588 | O198: 16.66963 | P198: 9.97388 | Q198: 391.588 | R198: 385.22884 | S198: 16.66963 | T198: 16.66963 | U198: 9.97388 | V198: 9.97388 | W198: 17.246706 | X198: 42.474741
A199: Mizuhopecten yessoensis | B199: 2.1 | C199: 12.589254 | D199: Mollusks | E199: 0 | F199: 14.497407 | G199: 1.466668 | H199: 1.466497 | I199: 17.850747 | J199: 17.850747 | K199: 5.355224 | L199: 17.186608 | M199: 17.186608 | N199: 17.598965 | O199: 3.995111 | P199: 2.967513 | Q199: 17.598965 | R199: 17.186608 | S199: 3.995111 | T199: 3.995111 | U199: 2.967513 | V199: 2.967513 | W199: 3.990277 | X199: 17.941416
A200: Platycaranx malabaricus | B200: 3.88 | C200: 758.57758 | D200: Planktivores/piscivores | E200: 0 | F200: 123.07779 | G200: 1.992402 | H200: 1.97781 | I200: 560.29931 | J200: 592.27268 | K200: 209.07226 | L200: 660.16691 | M200: 660.16691 | N200: 670.16553 | O200: 72.857719 | P200: 43.071646 | Q200: 670.16553 | R200: 660.16691 | S200: 72.857719 | T200: 72.857719 | U200: 43.071646 | V200: 43.071646 | W200: 75.193746 | X200: 683.80424
A201: Rachycentridae | B201: 3.96 | C201: 912.01084 | D201: Piscivores | E201: 0 | F201: 304.389 | G201: 2.268309 | H201: 2.300314 | I201: 249.25988 | J201: 251.42874 | K201: 202.1487 | L201: 282.597 | M201: 282.597 | N201: 286.03317 | O201: 49.797649 | P201: 25.643377 | Q201: 286.03317 | R201: 282.597 | S201: 49.797649 | T201: 49.797649 | U201: 25.643377 | V201: 25.643377 | W201: 51.082514 | X201: 274.51894
A202: Haliotis | B202: 2 | C202: 10 | D202: Mollusks | E202: 0 | F202: 14.497407 | G202: 1.466668 | H202: 1.466497 | I202: 17.850747 | J202: 17.850747 | K202: 5.355224 | L202: 17.186608 | M202: 17.186608 | N202: 17.598965 | O202: 3.995111 | P202: 2.967513 | Q202: 17.598965 | R202: 17.186608 | S202: 3.995111 | T202: 3.995111 | U202: 2.967513 | V202: 2.967513 | W202: 3.990277 | X202: 17.941416
A203: Sillago | B203: 3.33 | C203: 213.79621 | D203: Benthivores | E203: 0 | F203: 67.814783 | G203: 1.829368 | H203: 1.84033 | I203: 33.988491 | J203: 35.780255 | K203: 35.601354 | L203: 385.22884 | M203: 385.22884 | N203: 391.588 | O203: 16.66963 | P203: 9.97388 | Q203: 391.588 | R203: 385.22884 | S203: 16.66963 | T203: 16.66963 | U203: 9.97388 | V203: 9.97388 | W203: 17.246706 | X203: 42.474741
A204: Hemiramphidae | B204: 2.82 | C204: 66.069345 | D204: Omnivores | E204: 0 | F204: 131.22146 | G204: 2.01077 | H204: 2.036134 | I204: 66.044357 | J204: 68.255823 | K204: 68.187568 | L204: 72.544996 | M204: 72.544996 | N204: 73.572832 | O204: 17.500018 | P204: 10.032554 | Q204: 73.572832 | R204: 72.544996 | S204: 17.500018 | T204: 17.500018 | U204: 10.032554 | V204: 10.032554 | W204: 17.704629 | X204: 72.854687
A205: Hypoptychus dybowskii | D205: Planktivores | E205: 0 | F205: 100.99764 | G205: 1.93677 | H205: 1.93149 | I205: 53.479795 | J205: 53.479795 | K205: 53.372836 | L205: 51.741399 | M205: 51.741399 | N205: 52.283119 | O205: 17.749881 | P205: 11.404035 | Q205: 52.283119 | R205: 51.741399 | S205: 17.749881 | T205: 17.749881 | U205: 11.404035 | V205: 11.404035 | W205: 17.839302 | X205: 54.129601
A206: Bramidae | B206: 4.14 | C206: 1380.3843 | D206: Piscivores | E206: 0 | F206: 304.389 | G206: 2.268309 | H206: 2.300314 | I206: 249.25988 | J206: 251.42874 | K206: 202.1487 | L206: 282.597 | M206: 282.597 | N206: 286.03317 | O206: 49.797649 | P206: 25.643377 | Q206: 286.03317 | R206: 282.597 | S206: 49.797649 | T206: 49.797649 | U206: 25.643377 | V206: 25.643377 | W206: 51.082514 | X206: 274.51894
A207: Penaeus monodon | B207: 2.6 | C207: 39.810717 | D207: Shrimps | E207: 0 | F207: 20.606299 | G207: 1.542427 | H207: 1.561295 | I207: 15.075177 | J207: 15.075177 | K207: 15.060102 | L207: 13.927162 | M207: 13.927162 | N207: 14.183251 | O207: 7.969433 | P207: 5.681336 | Q207: 14.183251 | R207: 13.927162 | S207: 7.969433 | T207: 7.969433 | U207: 5.681336 | V207: 5.681336 | W207: 8.136905 | X207: 14.885026
A208: Acanthocybium solandri | B208: 4.26 | C208: 1819.7009 | D208: Piscivores | E208: 0 | F208: 304.389 | G208: 2.268309 | H208: 2.300314 | I208: 249.25988 | J208: 251.42874 | K208: 202.1487 | L208: 282.597 | M208: 282.597 | N208: 286.03317 | O208: 49.797649 | P208: 25.643377 | Q208: 286.03317 | R208: 282.597 | S208: 49.797649 | T208: 49.797649 | U208: 25.643377 | V208: 25.643377 | W208: 51.082514 | X208: 274.51894
A209: Saurida undosquamis | B209: 4.46 | C209: 2884.0315 | D209: Piscivores | E209: 0 | F209: 304.389 | G209: 2.268309 | H209: 2.300314 | I209: 249.25988 | J209: 251.42874 | K209: 202.1487 | L209: 282.597 | M209: 282.597 | N209: 286.03317 | O209: 49.797649 | P209: 25.643377 | Q209: 286.03317 | R209: 282.597 | S209: 49.797649 | T209: 49.797649 | U209: 25.643377 | V209: 25.643377 | W209: 51.082514 | X209: 274.51894
A210: Beryx splendens | B210: 4.27 | C210: 1862.0871 | D210: Piscivores | E210: 0 | F210: 304.389 | G210: 2.268309 | H210: 2.300314 | I210: 249.25988 | J210: 251.42874 | K210: 202.1487 | L210: 282.597 | M210: 282.597 | N210: 286.03317 | O210: 49.797649 | P210: 25.643377 | Q210: 286.03317 | R210: 282.597 | S210: 49.797649 | T210: 49.797649 | U210: 25.643377 | V210: 25.643377 | W210: 51.082514 | X210: 274.51894
A211: Auxis rochei | B211: 4.13 | C211: 1348.9629 | D211: Piscivores | E211: 0 | F211: 304.389 | G211: 2.268309 | H211: 2.300314 | I211: 249.25988 | J211: 251.42874 | K211: 202.1487 | L211: 282.597 | M211: 282.597 | N211: 286.03317 | O211: 49.797649 | P211: 25.643377 | Q211: 286.03317 | R211: 282.597 | S211: 49.797649 | T211: 49.797649 | U211: 25.643377 | V211: 25.643377 | W211: 51.082514 | X211: 274.51894
A212: Scorpaeniformes | B212: 3.78 | C212: 602.55959 | D212: Benthivores | Benthivores/piscivores | E212: 0 | F212: 105.62717 | G212: 1.935647 | H212: 1.950745 | I212: 35.127516 | J212: 35.944164 | K212: 35.564732 | L212: 191.21646 | M212: 191.21646 | N212: 194.36191 | O212: 15.131318 | P212: 9.058182 | Q212: 194.36191 | R212: 191.21646 | S212: 15.131318 | T212: 15.131318 | U212: 9.058182 | V212: 9.058182 | W212: 15.571657 | X212: 38.761547
A213: Epinephelus maculatus | B213: 3.98 | C213: 954.99259 | D213: Piscivores | E213: 0 | F213: 304.389 | G213: 2.268309 | H213: 2.300314 | I213: 249.25988 | J213: 251.42874 | K213: 202.1487 | L213: 282.597 | M213: 282.597 | N213: 286.03317 | O213: 49.797649 | P213: 25.643377 | Q213: 286.03317 | R213: 282.597 | S213: 49.797649 | T213: 49.797649 | U213: 25.643377 | V213: 25.643377 | W213: 51.082514 | X213: 274.51894
A214: Isurus | B214: 4.5 | C214: 3162.2777 | D214: Sharks | E214: 0 | F214: 1154.7441 | G214: 2.745621 | H214: 2.742397 | I214: 0 | J214: 152.58385 | K214: 0 | L214: 0 | M214: 0 | N214: 0 | O214: 205.19967 | P214: 93.831501 | Q214: 0 | R214: 0 | S214: 205.19967 | T214: 205.19967 | U214: 93.831501 | V214: 93.831501 | W214: 205.69541 | X214: 0
A215: Dussumieria elopsoides | B215: 3.4 | C215: 251.18864 | D215: Planktivores | E215: 0 | F215: 100.99764 | G215: 1.93677 | H215: 1.93149 | I215: 53.479795 | J215: 53.479795 | K215: 53.372836 | L215: 51.741399 | M215: 51.741399 | N215: 52.283119 | O215: 17.749881 | P215: 11.404035 | Q215: 52.283119 | R215: 51.741399 | S215: 17.749881 | T215: 17.749881 | U215: 11.404035 | V215: 11.404035 | W215: 17.839302 | X215: 54.129601
A216: Chirocentrus dorab | D216: Piscivores | E216: 0 | F216: 304.389 | G216: 2.268309 | H216: 2.300314 | I216: 249.25988 | J216: 251.42874 | K216: 202.1487 | L216: 282.597 | M216: 282.597 | N216: 286.03317 | O216: 49.797649 | P216: 25.643377 | Q216: 286.03317 | R216: 282.597 | S216: 49.797649 | T216: 49.797649 | U216: 25.643377 | V216: 25.643377 | W216: 51.082514 | X216: 274.51894
A217: Oratosquilla oratoria | B217: 3.27 | C217: 186.20871 | D217: Shrimps | E217: 0 | F217: 20.606299 | G217: 1.542427 | H217: 1.561295 | I217: 15.075177 | J217: 15.075177 | K217: 15.060102 | L217: 13.927162 | M217: 13.927162 | N217: 14.183251 | O217: 7.969433 | P217: 5.681336 | Q217: 14.183251 | R217: 13.927162 | S217: 7.969433 | T217: 7.969433 | U217: 5.681336 | V217: 5.681336 | W217: 8.136905 | X217: 14.885026
A218: Saurida | B218: 4.35 | C218: 2238.7211 | D218: Piscivores | E218: 0 | F218: 304.389 | G218: 2.268309 | H218: 2.300314 | I218: 249.25988 | J218: 251.42874 | K218: 202.1487 | L218: 282.597 | M218: 282.597 | N218: 286.03317 | O218: 49.797649 | P218: 25.643377 | Q218: 286.03317 | R218: 282.597 | S218: 49.797649 | T218: 49.797649 | U218: 25.643377 | V218: 25.643377 | W218: 51.082514 | X218: 274.51894
A219: Stolephorus | D219: Planktivores | E219: 0 | F219: 100.99764 | G219: 1.93677 | H219: 1.93149 | I219: 53.479795 | J219: 53.479795 | K219: 53.372836 | L219: 51.741399 | M219: 51.741399 | N219: 52.283119 | O219: 17.749881 | P219: 11.404035 | Q219: 52.283119 | R219: 51.741399 | S219: 17.749881 | T219: 17.749881 | U219: 11.404035 | V219: 11.404035 | W219: 17.839302 | X219: 54.129601
...

Sheet PPR by method
A1: Total PPR by method and year — every taxon summed, tonnes wet weight equivalent of primary production.
A2: Rows are methods. The first is the simple trophic-chain estimate, which needs no model and covers every taxon; the rest are this model's.
A3: Methods are not alternatives to be averaged. They rest on different assumptions and the spread between them is the result.
A4: The two grey rows aggregate the catch to a group before exponentiating, which understates the total: SPPR is convex in trophic level, so they measure the Jensen effect rather than the PPR.
A5: method | B5: status | C5: 1950 | D5: 1951 | E5: 1952 | F5: 1953 | G5: 1954 | H5: 1955 | I5: 1956 | J5: 1957 | K5: 1958 | L5: 1959 | M5: 1960 | N5: 1961 | O5: 1962 | P5: 1963 | Q5: 1964 | R5: 1965 | S5: 1966 | T5: 1967 | U5: 1968 | V5: 1969 | W5: 1970 | X5: 1971 | Y5: 1972 | Z5: 1973 | AA5: 1974 | AB5: 1975 | AC5: 1976 | AD5: 1977 | AE5: 1978 | AF5: 1979 | AG5: 1980 | AH5: 1981 | AI5: 1982 | AJ5: 1983 | AK5: 1984 | AL5: 1985 | AM5: 1986 | AN5: 1987 | AO5: 1988 | AP5: 1989 | AQ5: 1990 | AR5: 1991 | AS5: 1992 | AT5: 1993 | AU5: 1994 | AV5: 1995 | AW5: 1996 | AX5: 1997 | AY5: 1998 | AZ5: 1999 | BA5: 2000 | BB5: 2001 | BC5: 2002 | BD5: 2003 | BE5: 2004 | BF5: 2005 | BG5: 2006 | BH5: 2007 | BI5: 2008 | BJ5: 2009 | BK5: 2010 | BL5: 2011 | BM5: 2012 | BN5: 2013 | BO5: 2014 | BP5: 2015 | BQ5: 2016 | BR5: 2017 | BS5: 2018 | BT5: 2019
A6: simple trophic chain, per taxon | B6: ok | C6: 6.4809035e+08 | D6: 7.2409106e+08 | E6: 8.0191284e+08 | F6: 7.9965053e+08 | G6: 8.8618455e+08 | H6: 9.86329e+08 | I6: 1.0846661e+09 | J6: 1.1569409e+09 | K6: 1.1885565e+09 | L6: 1.2421763e+09 | M6: 1.2555335e+09 | N6: 1.3086496e+09 | O6: 1.3449101e+09 | P6: 1.3576798e+09 | Q6: 1.3121335e+09 | R6: 1.3772753e+09 | S6: 1.4209166e+09 | T6: 1.466873e+09 | U6: 1.5130688e+09 | V6: 1.4984966e+09 | W6: 1.5109945e+09 | X6: 1.563567e+09 | Y6: 1.7685121e+09 | Z6: 1.8919594e+09 | AA6: 1.9977517e+09 | AB6: 1.900571e+09 | AC6: 1.8474153e+09 | AD6: 1.8629024e+09 | AE6: 1.8950452e+09 | AF6: 1.9708417e+09 | AG6: 2.0228746e+09 | AH6: 2.0918772e+09 | AI6: 2.1123021e+09 | AJ6: 2.0669491e+09 | AK6: 2.2321036e+09 | AL6: 2.1320456e+09 | AM6: 2.2124219e+09 | AN6: 2.2875615e+09 | AO6: 2.3185635e+09 | AP6: 2.4857678e+09 | AQ6: 2.5982563e+09 | AR6: 2.8353512e+09 | AS6: 2.7637676e+09 | AT6: 2.8218579e+09 | AU6: 3.3177913e+09 | AV6: 3.8089986e+09 | AW6: 3.4606631e+09 | AX6: 3.3668558e+09 | AY6: 3.6498226e+09 | AZ6: 3.4382848e+09 | BA6: 3.4439826e+09 | BB6: 3.4243474e+09 | BC6: 3.3831316e+09 | BD6: 3.2758677e+09 | BE6: 3.6265932e+09 | BF6: 3.4453564e+09 | BG6: 3.6161911e+09 | BH6: 3.5794555e+09 | BI6: 3.6697494e+09 | BJ6: 3.5245139e+09 | BK6: 3.525244e+09 | BL6: 3.9134233e+09 | BM6: 3.9553331e+09 | BN6: 3.8274505e+09 | BO6: 4.1531119e+09 | BP6: 3.806433e+09 | BQ6: 3.653287e+09 | BR6: 3.5204568e+09 | BS6: 3.4330083e+09 | BT6: 3.3966449e+09
A7: simple, aggregated to SAU functional group | B7: Jensen comparison, not a PPR estimate | C7: 5.0602905e+08 | D7: 5.5845006e+08 | E7: 6.2463882e+08 | F7: 6.1299965e+08 | G7: 6.9871071e+08 | H7: 7.743209e+08 | I7: 8.6615895e+08 | J7: 9.3160917e+08 | K7: 9.6754432e+08 | L7: 1.00946e+09 | M7: 1.0362456e+09 | N7: 1.0809169e+09 | O7: 1.1290128e+09 | P7: 1.1309574e+09 | Q7: 1.1113999e+09 | R7: 1.1641183e+09 | S7: 1.205388e+09 | T7: 1.2420627e+09 | U7: 1.2879779e+09 | V7: 1.2614205e+09 | W7: 1.3010454e+09 | X7: 1.3356592e+09 | Y7: 1.5457452e+09 | Z7: 1.6258633e+09 | AA7: 1.7330697e+09 | AB7: 1.5806161e+09 | AC7: 1.5252243e+09 | AD7: 1.4926938e+09 | AE7: 1.5543068e+09 | AF7: 1.5846331e+09 | AG7: 1.6477661e+09 | AH7: 1.7207019e+09 | AI7: 1.7536328e+09 | AJ7: 1.7049169e+09 | AK7: 1.8450045e+09 | AL7: 1.7411487e+09 | AM7: 1.8340744e+09 | AN7: 1.9132259e+09 | AO7: 1.928256e+09 | AP7: 2.0858752e+09 | AQ7: 2.2016448e+09 | AR7: 2.4203876e+09 | AS7: 2.3433449e+09 | AT7: 2.4063214e+09 | AU7: 2.8877948e+09 | AV7: 3.1785864e+09 | AW7: 2.8931195e+09 | AX7: 2.77747e+09 | AY7: 3.0701229e+09 | AZ7: 2.8434012e+09 | BA7: 2.8764373e+09 | BB7: 2.8299786e+09 | BC7: 2.811358e+09 | BD7: 2.6344049e+09 | BE7: 2.8952463e+09 | BF7: 2.824483e+09 | BG7: 3.0216925e+09 | BH7: 3.0077081e+09 | BI7: 3.0948169e+09 | BJ7: 2.9253057e+09 | BK7: 2.9223396e+09 | BL7: 3.227518e+09 | BM7: 3.2771812e+09 | BN7: 3.1577149e+09 | BO7: 3.4134611e+09 | BP7: 3.0967889e+09 | BQ7: 2.9829771e+09 | BR7: 2.8757683e+09 | BS7: 2.8150441e+09 | BT7: 2.7843513e+09
A8: simple, aggregated to SAU commercial group | B8: Jensen comparison, not a PPR estimate | C8: 4.543533e+08 | D8: 4.8928473e+08 | E8: 5.4679952e+08 | F8: 5.4282076e+08 | G8: 6.0985634e+08 | H8: 6.838931e+08 | I8: 7.44375e+08 | J8: 8.0844286e+08 | K8: 8.3994603e+08 | L8: 8.7688718e+08 | M8: 8.6935901e+08 | N8: 9.1268668e+08 | O8: 9.4289338e+08 | P8: 9.2775057e+08 | Q8: 8.9683974e+08 | R8: 9.4376476e+08 | S8: 9.8057146e+08 | T8: 1.0213535e+09 | U8: 1.0594683e+09 | V8: 1.0474879e+09 | W8: 1.0592592e+09 | X8: 1.092576e+09 | Y8: 1.2231477e+09 | Z8: 1.324601e+09 | AA8: 1.3870205e+09 | AB8: 1.3058479e+09 | AC8: 1.2669665e+09 | AD8: 1.2945326e+09 | AE8: 1.3071117e+09 | AF8: 1.3349303e+09 | AG8: 1.3686618e+09 | AH8: 1.4053421e+09 | AI8: 1.4279744e+09 | AJ8: 1.3959055e+09 | AK8: 1.4948911e+09 | AL8: 1.450197e+09 | AM8: 1.5196285e+09 | AN8: 1.5506365e+09 | AO8: 1.5500611e+09 | AP8: 1.6383902e+09 | AQ8: 1.7031625e+09 | AR8: 1.835105e+09 | AS8: 1.7888044e+09 | AT8: 1.8435001e+09 | AU8: 2.0947899e+09 | AV8: 2.3741355e+09 | AW8: 2.1955605e+09 | AX8: 2.1553511e+09 | AY8: 2.2886362e+09 | AZ8: 2.1354269e+09 | BA8: 2.1745858e+09 | BB8: 2.1207715e+09 | BC8: 2.0926723e+09 | BD8: 1.932198e+09 | BE8: 2.0898559e+09 | BF8: 2.0087394e+09 | BG8: 2.0922788e+09 | BH8: 2.0867548e+09 | BI8: 2.1510669e+09 | BJ8: 2.071757e+09 | BK8: 2.0535972e+09 | BL8: 2.3409475e+09 | BM8: 2.3830623e+09 | BN8: 2.3041813e+09 | BO8: 2.4699612e+09 | BP8: 2.27007e+09 | BQ8: 2.1813162e+09 | BR8: 2.0770747e+09 | BS8: 2.0688605e+09 | BT8: 2.0160114e+09
A9: SPPR_1986 | B9: returned zero for every mapped group - check the method upstream | C9: 0 | D9: 0 | E9: 0 | F9: 0 | G9: 0 | H9: 0 | I9: 0 | J9: 0 | K9: 0 | L9: 0 | M9: 0 | N9: 0 | O9: 0 | P9: 0 | Q9: 0 | R9: 0 | S9: 0 | T9: 0 | U9: 0 | V9: 0 | W9: 0 | X9: 0 | Y9: 0 | Z9: 0 | AA9: 0 | AB9: 0 | AC9: 0 | AD9: 0 | AE9: 0 | AF9: 0 | AG9: 0 | AH9: 0 | AI9: 0 | AJ9: 0 | AK9: 0 | AL9: 0 | AM9: 0 | AN9: 0 | AO9: 0 | AP9: 0 | AQ9: 0 | AR9: 0 | AS9: 0 | AT9: 0 | AU9: 0 | AV9: 0 | AW9: 0 | AX9: 0 | AY9: 0 | AZ9: 0 | BA9: 0 | BB9: 0 | BC9: 0 | BD9: 0 | BE9: 0 | BF9: 0 | BG9: 0 | BH9: 0 | BI9: 0 | BJ9: 0 | BK9: 0 | BL9: 0 | BM9: 0 | BN9: 0 | BO9: 0 | BP9: 0 | BQ9: 0 | BR9: 0 | BS9: 0 | BT9: 0
A10: SPPR_1995_TE0.1 | B10: ok | C10: 1.5689411e+08 | D10: 1.6848528e+08 | E10: 1.8441935e+08 | F10: 1.8337818e+08 | G10: 1.9673664e+08 | H10: 2.0723898e+08 | I10: 2.2618625e+08 | J10: 2.3206851e+08 | K10: 2.3820436e+08 | L10: 2.3300408e+08 | M10: 2.4184319e+08 | N10: 2.3877462e+08 | O10: 2.5060159e+08 | P10: 2.3962792e+08 | Q10: 2.3253226e+08 | R10: 2.487696e+08 | S10: 2.5730191e+08 | T10: 2.5789913e+08 | U10: 2.6652723e+08 | V10: 2.7102067e+08 | W10: 2.8931376e+08 | X10: 2.9745794e+08 | Y10: 3.1916849e+08 | Z10: 3.5275844e+08 | AA10: 3.7686914e+08 | AB10: 3.7317781e+08 | AC10: 3.8183431e+08 | AD10: 4.1692342e+08 | AE10: 4.4063857e+08 | AF10: 4.4255566e+08 | AG10: 4.547043e+08 | AH10: 4.9274138e+08 | AI10: 4.9952538e+08 | AJ10: 5.1276076e+08 | AK10: 5.5935542e+08 | AL10: 5.4596784e+08 | AM10: 5.9126878e+08 | AN10: 5.8998202e+08 | AO10: 6.1826664e+08 | AP10: 6.1082006e+08 | AQ10: 6.1756434e+08 | AR10: 5.8511155e+08 | AS10: 5.4798527e+08 | AT10: 5.4641867e+08 | AU10: 5.6430877e+08 | AV10: 5.960131e+08 | AW10: 5.8206013e+08 | AX10: 5.9724152e+08 | AY10: 6.1012215e+08 | AZ10: 5.7159511e+08 | BA10: 5.6491057e+08 | BB10: 5.7390599e+08 | BC10: 5.6398726e+08 | BD10: 5.9105251e+08 | BE10: 6.14036e+08 | BF10: 6.0145549e+08 | BG10: 6.1447109e+08 | BH10: 6.0976288e+08 | BI10: 6.3512272e+08 | BJ10: 6.2133767e+08 | BK10: 6.2810826e+08 | BL10: 7.0501825e+08 | BM10: 7.1230294e+08 | BN10: 7.0426124e+08 | BO10: 7.4311155e+08 | BP10: 6.8587863e+08 | BQ10: 6.650818e+08 | BR10: 6.4047218e+08 | BS10: 6.29619e+08 | BT10: 6.5134559e+08
A11: SPPR_1995_TEmean | B11: ok | C11: 2248755.4 | D11: 2437576 | E11: 2593143.6 | F11: 2643839.8 | G11: 2845065.6 | H11: 2997217.6 | I11: 3273985.2 | J11: 3477329.2 | K11: 3568141.6 | L11: 3546957.3 | M11: 3645076.2 | N11: 3783362.2 | O11: 3913911.3 | P11: 3753410.6 | Q11: 3720131.3 | R11: 3969951 | S11: 4094923.1 | T11: 4157725.5 | U11: 4388897.9 | V11: 4478790.8 | W11: 4731013.8 | X11: 4842479 | Y11: 5126587 | Z11: 5706365.7 | AA11: 6075781.6 | AB11: 6265172.8 | AC11: 6496680.6 | AD11: 7171009.5 | AE11: 7736593.3 | AF11: 7672048 | AG11: 7798203.7 | AH11: 8436150.4 | AI11: 8674523.9 | AJ11: 9121109.1 | AK11: 9904341.9 | AL11: 9727448 | AM11: 10661718 | AN11: 10531474 | AO11: 11129521 | AP11: 10827191 | AQ11: 10810077 | AR11: 9991253.1 | AS11: 9405158.3 | AT11: 9567972.3 | AU11: 9871834.6 | AV11: 10358780 | AW11: 9955905.8 | AX11: 10330181 | AY11: 10361009 | AZ11: 9852273.8 | BA11: 9597581.7 | BB11: 9749930.8 | BC11: 9517646.3 | BD11: 10023137 | BE11: 10298979 | BF11: 10180309 | BG11: 10211904 | BH11: 10036535 | BI11: 10453415 | BJ11: 10129129 | BK11: 10251328 | BL11: 11200546 | BM11: 11330664 | BN11: 11145152 | BO11: 11914976 | BP11: 11024395 | BQ11: 10634962 | BR11: 10346084 | BS11: 10213458 | BT11: 10737691
A12: Ulanowicz_globalTEmean | B12: ok | C12: 2254191.7 | D12: 2442427.2 | E12: 2597860.2 | F12: 2648551 | G12: 2849014.6 | H12: 3001199.6 | I12: 3277637.3 | J12: 3482232.1 | K12: 3572903 | L12: 3551702.1 | M12: 3651273 | N12: 3788994 | O12: 3919517.6 | P12: 3759715.1 | Q12: 3726439.3 | R12: 3975746.2 | S12: 4101634.2 | T12: 4162865.9 | U12: 4396467.7 | V12: 4484545.8 | W12: 4739206.1 | X12: 4849416.3 | Y12: 5130850.7 | Z12: 5711112.7 | AA12: 6080854 | AB12: 6273827.2 | AC12: 6506313.2 | AD12: 7180627.8 | AE12: 7748004.5 | AF12: 7681720.2 | AG12: 7806697.9 | AH12: 8438678 | AI12: 8678508.6 | AJ12: 9122804.5 | AK12: 9907618.1 | AL12: 9734176.9 | AM12: 10668661 | AN12: 10537989 | AO12: 11140072 | AP12: 10834094 | AQ12: 10818388 | AR12: 9994968.1 | AS12: 9409321.7 | AT12: 9575685.7 | AU12: 9875600.5 | AV12: 10359424 | AW12: 9955208.1 | AX12: 10337182 | AY12: 10364727 | AZ12: 9853866.9 | BA12: 9597778.1 | BB12: 9748866.8 | BC12: 9516613.9 | BD12: 10027843 | BE12: 10303464 | BF12: 10184772 | BG12: 10214189 | BH12: 10041964 | BI12: 10457843 | BJ12: 10137077 | BK12: 10260751 | BL12: 11213619 | BM12: 11345440 | BN12: 11159129 | BO12: 11928368 | BP12: 11039873 | BQ12: 10648745 | BR12: 10357059 | BS12: 10224826 | BT12: 10745874
A13: Ulanowicz_TE | B13: ok | C13: 1.4617069e+08 | D13: 1.5841731e+08 | E13: 1.6995183e+08 | F13: 1.6948564e+08 | G13: 1.8890333e+08 | H13: 2.018743e+08 | I13: 2.1749466e+08 | J13: 2.3076589e+08 | K13: 2.4395994e+08 | L13: 2.3715667e+08 | M13: 2.4597196e+08 | N13: 2.4110324e+08 | O13: 2.465829e+08 | P13: 2.3648797e+08 | Q13: 2.3880943e+08 | R13: 2.5915532e+08 | S13: 2.6234515e+08 | T13: 2.7092977e+08 | U13: 2.7690371e+08 | V13: 2.8719431e+08 | W13: 3.0640129e+08 | X13: 3.1576642e+08 | Y13: 3.357027e+08 | Z13: 3.7009678e+08 | AA13: 3.9308793e+08 | AB13: 3.8877205e+08 | AC13: 3.8628047e+08 | AD13: 4.2437255e+08 | AE13: 4.5028802e+08 | AF13: 4.4735899e+08 | AG13: 4.597667e+08 | AH13: 4.8985828e+08 | AI13: 4.9093267e+08 | AJ13: 4.9494998e+08 | AK13: 5.3860966e+08 | AL13: 5.3428531e+08 | AM13: 5.8710606e+08 | AN13: 5.9208269e+08 | AO13: 6.0661987e+08 | AP13: 6.318926e+08 | AQ13: 6.2821817e+08 | AR13: 6.1911918e+08 | AS13: 5.7954533e+08 | AT13: 5.8683429e+08 | AU13: 6.4458391e+08 | AV13: 7.0016553e+08 | AW13: 7.3035469e+08 | AX13: 7.0166311e+08 | AY13: 7.1565878e+08 | AZ13: 6.7817552e+08 | BA13: 6.6365208e+08 | BB13: 6.7936767e+08 | BC13: 6.738075e+08 | BD13: 6.8732585e+08 | BE13: 7.2824769e+08 | BF13: 7.1597881e+08 | BG13: 7.2212145e+08 | BH13: 7.2179675e+08 | BI13: 7.4813947e+08 | BJ13: 7.2018869e+08 | BK13: 7.1760626e+08 | BL13: 7.8913494e+08 | BM13: 7.9130435e+08 | BN13: 7.6795708e+08 | BO13: 8.0797527e+08 | BP13: 7.4310105e+08 | BQ13: 7.1184219e+08 | BR13: 6.8806677e+08 | BS13: 6.7732878e+08 | BT13: 6.8870025e+08
A14: EwE_TE_noEE | B14: ok | C14: 1.527025e+08 | D14: 1.6594254e+08 | E14: 1.7862447e+08 | F14: 1.7743479e+08 | G14: 1.9737281e+08 | H14: 2.1100496e+08 | I14: 2.2761344e+08 | J14: 2.4029475e+08 | K14: 2.5450694e+08 | L14: 2.4659269e+08 | M14: 2.5600569e+08 | N14: 2.506355e+08 | O14: 2.5635636e+08 | P14: 2.4552446e+08 | Q14: 2.4745352e+08 | R14: 2.6853526e+08 | S14: 2.7148611e+08 | T14: 2.8011702e+08 | U14: 2.8561132e+08 | V14: 2.9642744e+08 | W14: 3.1584588e+08 | X14: 3.2597788e+08 | Y14: 3.4660516e+08 | Z14: 3.8218898e+08 | AA14: 4.0598448e+08 | AB14: 4.0139909e+08 | AC14: 3.9838782e+08 | AD14: 4.3715926e+08 | AE14: 4.6354788e+08 | AF14: 4.6107625e+08 | AG14: 4.7403977e+08 | AH14: 5.0523893e+08 | AI14: 5.0617486e+08 | AJ14: 5.0967254e+08 | AK14: 5.5481713e+08 | AL14: 5.5080782e+08 | AM14: 6.0518726e+08 | AN14: 6.1015565e+08 | AO14: 6.2443978e+08 | AP14: 6.5191221e+08 | AQ14: 6.484028e+08 | AR14: 6.3932945e+08 | AS14: 5.9851156e+08 | AT14: 6.0521337e+08 | AU14: 6.6610927e+08 | AV14: 7.2466879e+08 | AW14: 7.5654554e+08 | AX14: 7.2563498e+08 | AY14: 7.4047624e+08 | AZ14: 7.0194599e+08 | BA14: 6.8721758e+08 | BB14: 7.0338514e+08 | BC14: 6.9782276e+08 | BD14: 7.1159586e+08 | BE14: 7.542837e+08 | BF14: 7.4124257e+08 | BG14: 7.4756721e+08 | BH14: 7.4707221e+08 | BI14: 7.737238e+08 | BJ14: 7.4477256e+08 | BK14: 7.4151924e+08 | BL14: 8.1460806e+08 | BM14: 8.1670251e+08 | BN14: 7.9244769e+08 | BO14: 8.3415288e+08 | BP14: 7.6639529e+08 | BQ14: 7.3416743e+08 | BR14: 7.0974198e+08 | BS14: 6.9836198e+08 | BT14: 7.0923533e+08
A15: EwE_TE_EE | B15: ok | C15: 1.0111409e+08 | D15: 1.1027561e+08 | E15: 1.1895483e+08 | F15: 1.2034763e+08 | G15: 1.3451285e+08 | H15: 1.4255713e+08 | I15: 1.5467194e+08 | J15: 1.6233971e+08 | K15: 1.6813802e+08 | L15: 1.6720409e+08 | M15: 1.7354073e+08 | N15: 1.7165347e+08 | O15: 1.784199e+08 | P15: 1.7184498e+08 | Q15: 1.7134069e+08 | R15: 1.8613551e+08 | S15: 1.9009867e+08 | T15: 1.974629e+08 | U15: 2.0354688e+08 | V15: 2.1177026e+08 | W15: 2.269658e+08 | X15: 2.3138688e+08 | Y15: 2.534342e+08 | Z15: 2.7702777e+08 | AA15: 2.9659848e+08 | AB15: 2.8855706e+08 | AC15: 2.8519581e+08 | AD15: 3.1572319e+08 | AE15: 3.3682208e+08 | AF15: 3.32944e+08 | AG15: 3.3869585e+08 | AH15: 3.6419934e+08 | AI15: 3.65104e+08 | AJ15: 3.7513189e+08 | AK15: 4.0415654e+08 | AL15: 3.9307188e+08 | AM15: 4.2906824e+08 | AN15: 4.2715114e+08 | AO15: 4.430384e+08 | AP15: 4.5216666e+08 | AQ15: 4.5087114e+08 | AR15: 4.3926759e+08 | AS15: 4.1142224e+08 | AT15: 4.197017e+08 | AU15: 4.5946787e+08 | AV15: 4.9728771e+08 | AW15: 5.0139685e+08 | AX15: 4.9082976e+08 | AY15: 5.0674056e+08 | AZ15: 4.796552e+08 | BA15: 4.711045e+08 | BB15: 4.8207364e+08 | BC15: 4.7254288e+08 | BD15: 4.7836613e+08 | BE15: 5.1028023e+08 | BF15: 4.9733305e+08 | BG15: 5.0823797e+08 | BH15: 4.997152e+08 | BI15: 5.2315648e+08 | BJ15: 4.9677952e+08 | BK15: 4.9660566e+08 | BL15: 5.4901899e+08 | BM15: 5.506835e+08 | BN15: 5.3677808e+08 | BO15: 5.7388694e+08 | BP15: 5.2524745e+08 | BQ15: 5.0773279e+08 | BR15: 4.9218552e+08 | BS15: 4.8326707e+08 | BT15: 4.9761097e+08
A16: SPPR_2015 | B16: ok | C16: 7.1164027e+08 | D16: 7.3979235e+08 | E16: 7.6233133e+08 | F16: 8.4682175e+08 | G16: 8.8686143e+08 | H16: 9.5132052e+08 | I16: 9.2222382e+08 | J16: 8.7349246e+08 | K16: 8.1978629e+08 | L16: 9.4248342e+08 | M16: 1.0485966e+09 | N16: 9.5357408e+08 | O16: 9.472631e+08 | P16: 9.8423551e+08 | Q16: 1.1034359e+09 | R16: 1.1184163e+09 | S16: 1.2717402e+09 | T16: 1.4616621e+09 | U16: 1.5949725e+09 | V16: 1.6348207e+09 | W16: 1.6806707e+09 | X16: 1.7373402e+09 | Y16: 1.6769704e+09 | Z16: 1.741031e+09 | AA16: 1.8321942e+09 | AB16: 1.6851163e+09 | AC16: 1.8582485e+09 | AD16: 2.0272322e+09 | AE16: 1.9957154e+09 | AF16: 2.0121256e+09 | AG16: 1.928662e+09 | AH16: 1.9757825e+09 | AI16: 2.079884e+09 | AJ16: 2.0834032e+09 | AK16: 2.0542433e+09 | AL16: 2.0066682e+09 | AM16: 2.1389029e+09 | AN16: 2.0458258e+09 | AO16: 2.0507877e+09 | AP16: 1.9981918e+09 | AQ16: 1.9970699e+09 | AR16: 1.7697332e+09 | AS16: 1.632413e+09 | AT16: 1.6735836e+09 | AU16: 1.8554565e+09 | AV16: 1.8780462e+09 | AW16: 1.9490365e+09 | AX16: 1.9416969e+09 | AY16: 1.8209813e+09 | AZ16: 1.6755788e+09 | BA16: 1.6559118e+09 | BB16: 1.6066129e+09 | BC16: 1.6201352e+09 | BD16: 1.6685408e+09 | BE16: 1.7427592e+09 | BF16: 1.715454e+09 | BG16: 1.7626689e+09 | BH16: 1.3145942e+09 | BI16: 1.3193169e+09 | BJ16: 1.5931803e+09 | BK16: 1.6723167e+09 | BL16: 1.5838264e+09 | BM16: 1.5645915e+09 | BN16: 1.5784369e+09 | BO16: 1.6522262e+09 | BP16: 1.5275267e+09 | BQ16: 1.5148588e+09 | BR16: 1.7587034e+09 | BS16: 1.4546764e+09 | BT16: 1.7115392e+09
... A28: MC_new_TE_EEfix | B28: ok | C28: 1.7633902e+08 | D28: 1.9227096e+08 | E28: 2.0678286e+08 | F28: 2.064282e+08 | G28: 2.3051412e+08 | H28: 2.4706284e+08 | I28: 2.6613605e+08 | J28: 2.7999149e+08 | K28: 2.9535914e+08 | L28: 2.8893728e+08 | M28: 3.0101925e+08 | N28: 2.9360309e+08 | O28: 3.0012495e+08 | P28: 2.8808874e+08 | Q28: 2.9251454e+08 | R28: 3.1649914e+08 | S28: 3.214898e+08 | T28: 3.3549108e+08 | U28: 3.4000038e+08 | V28: 3.537217e+08 | W28: 3.7331987e+08 | X28: 3.8764508e+08 | Y28: 4.1431958e+08 | Z28: 4.560672e+08 | AA28: 4.8426863e+08 | AB28: 4.7291572e+08 | AC28: 4.6813358e+08 | AD28: 5.1002675e+08 | AE28: 5.3655215e+08 | AF28: 5.3793406e+08 | AG28: 5.5261755e+08 | AH28: 5.9078705e+08 | AI28: 5.9094501e+08 | AJ28: 5.9295978e+08 | AK28: 6.4218944e+08 | AL28: 6.3714646e+08 | AM28: 6.9627217e+08 | AN28: 7.0076089e+08 | AO28: 7.1362264e+08 | AP28: 7.5016286e+08 | AQ28: 7.4913696e+08 | AR28: 7.4170863e+08 | AS28: 6.9625253e+08 | AT28: 7.006278e+08 | AU28: 7.8179545e+08 | AV28: 8.5781901e+08 | AW28: 8.9340164e+08 | AX28: 8.5038195e+08 | AY28: 8.7419025e+08 | AZ28: 8.3065013e+08 | BA28: 8.1754494e+08 | BB28: 8.3377604e+08 | BC28: 8.2727523e+08 | BD28: 8.3896549e+08 | BE28: 8.9283913e+08 | BF28: 8.7388238e+08 | BG28: 8.8603151e+08 | BH28: 8.7927848e+08 | BI28: 9.0767236e+08 | BJ28: 8.7566828e+08 | BK28: 8.7080327e+08 | BL28: 9.4994648e+08 | BM28: 9.5099284e+08 | BN28: 9.2283614e+08 | BO28: 9.752254e+08 | BP28: 8.9226493e+08 | BQ28: 8.544475e+08 | BR28: 8.3057971e+08 | BS28: 8.1223006e+08 | BT28: 8.2332772e+08
A30: Catch tonnage on a named group: 282,781,178 of 282,784,028 (100.0 %). Unresolved taxa contribute nothing to the model rows and everything to the simple row, so the two are not directly comparable until coverage is 100 %.
A31: 1 of 20 methods are flagged above. A flagged row is a property of this model under that method, not of the mapping; see model_health in the SPPR workbook.
A32: Coverage by year, %:
A33: catch on a named group, % | C33: 100 | D33: 100 | E33: 100 | F33: 100 | G33: 100 | H33: 100 | I33: 100 | J33: 100 | K33: 100 | L33: 100 | M33: 100 | N33: 100 | O33: 100 | P33: 100 | Q33: 100 | R33: 100 | S33: 100 | T33: 100 | U33: 100 | V33: 100 | W33: 100 | X33: 100 | Y33: 100 | Z33: 100 | AA33: 100 | AB33: 100 | AC33: 100 | AD33: 100 | AE33: 100 | AF33: 100 | AG33: 100 | AH33: 100 | AI33: 100 | AJ33: 100 | AK33: 100 | AL33: 100 | AM33: 100 | AN33: 100 | AO33: 100 | AP33: 100 | AQ33: 100 | AR33: 100 | AS33: 100 | AT33: 100 | AU33: 99.99 | AV33: 100 | AW33: 100 | AX33: 100 | AY33: 100 | AZ33: 100 | BA33: 100 | BB33: 100 | BC33: 100 | BD33: 100 | BE33: 100 | BF33: 100 | BG33: 100 | BH33: 100 | BI33: 100 | BJ33: 100 | BK33: 100 | BL33: 100 | BM33: 100 | BN33: 100 | BO33: 99.99 | BP33: 99.99 | BQ33: 100 | BR33: 100 | BS33: 100 | BT33: 100

Sheet PPR by taxon
A1: PPR per taxon for one year — pick the year in the yellow cell.
A2: PPR = that year's catch for the taxon x the taxon's SPPR under each method. Everything below recalculates when the year changes.
A4: Year | B4: 2019 | C4: choose any year from 1950 to 2019
A6: taxon | B6: Ecopath group | C6: catch tonnes | D6: SPPR_1986 | E6: SPPR_1995_TE0.1 | F6: SPPR_1995_TEmean | G6: Ulanowicz_globalTEmean | H6: Ulanowicz_TE | I6: EwE_TE_noEE | J6: EwE_TE_EE | K6: SPPR_2015 | L6: new_TE_noEEfix | M6: new_TE_EEfix | N6: new_GE | O6: new_WithEgestion | P6: sym_TE_asPP | Q6: sym_TE_asDC | R6: sym_GE_asPP | S6: sym_GE_asDC | T6: sym_WithEgestion_asPP | U6: sym_WithEgestion_asDC | V6: MC_new_GE | W6: MC_new_TE_EEfix
A7: ALL TAXA | C7: =SUM(C8:C283) | D7: =SUM(D8:D283) | E7: =SUM(E8:E283) | F7: =SUM(F8:F283) | G7: =SUM(G8:G283) | H7: =SUM(H8:H283) | I7: =SUM(I8:I283) | J7: =SUM(J8:J283) | ... W7: =SUM(W8:W283)
A8: Marine fishes not identified | B8: =IFERROR(INDEX(SPPR!$D:$D,MATCH($A8,SPPR!$A:$A,0)),"") | C8: =IFERROR(INDEX(Catch!$E:$BV,MATCH($A8,Catch!$A:$A,0),MATCH($B$4,Catch!$E$1:$BV$1,0)),0) | D8: =IFERROR($C8*INDEX(SPPR!$E:$X,MATCH($A8,SPPR!$A:$A,0),1),"") | E8: =IFERROR($C8*INDEX(SPPR!$E:$X,MATCH($A8,SPPR!$A:$A,0),2),"") | F8: =IFERROR($C8*INDEX(SPPR!$E:$X,MATCH($A8,SPPR!$A:$A,0),3),"") | G8: =IFERROR($C8*INDEX(SPPR!$E:$X,MATCH($A8,SPPR!$A:$A,0),4),"") | H8: =IFERROR($C8*INDEX(SPPR!$E:$X,MATCH($A8,SPPR!$A:$A,0),5),"") | I8: =IFERROR($C8*INDEX(SPPR!$E:$X,MATCH($A8,SPPR!$A:$A,0),6),"") | J8: =IFERROR($C8*INDEX(SPPR!$E:$X,MATCH($A8,SPPR!$A:$A,0),7),"") | K8: =IFERROR($C8*INDEX(SPPR!$E:$X,MATCH($A8,SPPR!$A:$A,0),8),"") | L8: =IFERROR($C8*INDEX(SPPR!$E:$X,MATCH($A8,SPPR!$A:$A,0),9),"") | M8: =IFERROR($C8*INDEX(SPPR!$E:$X,MATCH($A8,SPPR!$A:$A,0),10),"") | N8: =IFERROR($C8*INDEX(SPPR!$E:$X,MATCH($A8,SPPR!$A:$A,0),11),"") | O8: =IFERROR($C8*INDEX(SPPR!$E:$X,MATCH($A8,SPPR!$A:$A,0),12),"") | P8: =IFERROR($C8*INDEX(SPPR!$E:$X,MATCH($A8,SPPR!$A:$A,0),13),"") | Q8: =IFERROR($C8*INDEX(SPPR!$E:$X,MATCH($A8,SPPR!$A:$A,0),14),"") | R8: =IFERROR($C8*INDEX(SPPR!$E:$X,MATCH($A8,SPPR!$A:$A,0),15),"") | S8: =IFERROR($C8*INDEX(SPPR!$E:$X,MATCH($A8,SPPR!$A:$A,0),16),"") | T8: =IFERROR($C8*INDEX(SPPR!$E:$X,MATCH($A8,SPPR!$A:$A,0),17),"") | U8: =IFERROR($C8*INDEX(SPPR!$E:$X,MATCH($A8,SPPR!$A:$A,0),18),"") | V8: =IFERROR($C8*INDEX(SPPR!$E:$X,MATCH($A8,SPPR!$A:$A,0),19),"") | W8: =IFERROR($C8*INDEX(SPPR!$E:$X,MATCH($A8,SPPR!$A:$A,0),20),"")
A9: Sardinops sagax | B9: =IFERROR(INDEX(SPPR!$D:$D,MATCH($A9,SPPR!$A:$A,0)),"") | C9: =IFERROR(INDEX(Catch!$E:$BV,MATCH($A9,Catch!$A:$A,0),MATCH($B$4,Catch!$E$1:$BV$1,0)),0) | D9: =IFERROR($C9*INDEX(SPPR!$E:$X,MATCH($A9,SPPR!$A:$A,0),1),"") | E9: =IFERROR($C9*INDEX(SPPR!$E:$X,MATCH($A9,SPPR!$A:$A,0),2),"") | F9: =IFERROR($C9*INDEX(SPPR!$E:$X,MATCH($A9,SPPR!$A:$A,0),3),"") | G9: =IFERROR($C9*INDEX(SPPR!$E:$X,MATCH($A9,SPPR!$A:$A,0),4),"") | H9: =IFERROR($C9*INDEX(SPPR!$E:$X,MATCH($A9,SPPR!$A:$A,0),5),"") | I9: =IFERROR($C9*INDEX(SPPR!$E:$X,MATCH($A9,SPPR!$A:$A,0),6),"") | J9: =IFERROR($C9*INDEX(SPPR!$E:$X,MATCH($A9,SPPR!$A:$A,0),7),"") | K9: =IFERROR($C9*INDEX(SPPR!$E:$X,MATCH($A9,SPPR!$A:$A,0),8),"") | L9: =IFERROR($C9*INDEX(SPPR!$E:$X,MATCH($A9,SPPR!$A:$A,0),9),"") | M9: =IFERROR($C9*INDEX(SPPR!$E:$X,MATCH($A9,SPPR!$A:$A,0),10),"") | N9: =IFERROR($C9*INDEX(SPPR!$E:$X,MATCH($A9,SPPR!$A:$A,0),11),"") | O9: =IFERROR($C9*INDEX(SPPR!$E:$X,MATCH($A9,SPPR!$A:$A,0),12),"") | P9: =IFERROR($C9*INDEX(SPPR!$E:$X,MATCH($A9,SPPR!$A:$A,0),13),"") | Q9: =IFERROR($C9*INDEX(SPPR!$E:$X,MATCH($A9,SPPR!$A:$A,0),14),"") | R9: =IFERROR($C9*INDEX(SPPR!$E:$X,MATCH($A9,SPPR!$A:$A,0),15),"") | S9: =IFERROR($C9*INDEX(SPPR!$E:$X,MATCH($A9,SPPR!$A:$A,0),16),"") | T9: =IFERROR($C9*INDEX(SPPR!$E:$X,MATCH($A9,SPPR!$A:$A,0),17),"") | U9: =IFERROR($C9*INDEX(SPPR!$E:$X,MATCH($A9,SPPR!$A:$A,0),18),"") | V9: =IFERROR($C9*INDEX(SPPR!$E:$X,MATCH($A9,SPPR!$A:$A,0),19),"") | W9: =IFERROR($C9*INDEX(SPPR!$E:$X,MATCH($A9,SPPR!$A:$A,0),20),"")
A10: Trichiurus lepturus | B10: =IFERROR(INDEX(SPPR!$D:$D,MATCH($A10,SPPR!$A:$A,0)),"") | C10: =IFERROR(INDEX(Catch!$E:$BV,MATCH($A10,Catch!$A:$A,0),MATCH($B$4,Catch!$E$1:$BV$1,0)),0) | D10: =IFERROR($C10*INDEX(SPPR!$E:$X,MATCH($A10,SPPR!$A:$A,0),1),"") | E10: =IFERROR($C10*INDEX(SPPR!$E:$X,MATCH($A10,SPPR!$A:$A,0),2),"") | F10: =IFERROR($C10*INDEX(SPPR!$E:$X,MATCH($A10,SPPR!$A:$A,0),3),"") | G10: =IFERROR($C10*INDEX(SPPR!$E:$X,MATCH($A10,SPPR!$A:$A,0),4),"") | H10: =IFERROR($C10*INDEX(SPPR!$E:$X,MATCH($A10,SPPR!$A:$A,0),5),"") | I10: =IFERROR($C10*INDEX(SPPR!$E:$X,MATCH($A10,SPPR!$A:$A,0),6),"") | J10: =IFERROR($C10*INDEX(SPPR!$E:$X,MATCH($A10,SPPR!$A:$A,0),7),"") | K10: =IFERROR($C10*INDEX(SPPR!$E:$X,MATCH($A10,SPPR!$A:$A,0),8),"") | L10: =IFERROR($C10*INDEX(SPPR!$E:$X,MATCH($A10,SPPR!$A:$A,0),9),"") | M10: =IFERROR($C10*INDEX(SPPR!$E:$X,MATCH($A10,SPPR!$A:$A,0),10),"") | N10: =IFERROR($C10*INDEX(SPPR!$E:$X,MATCH($A10,SPPR!$A:$A,0),11),"") | O10: =IFERROR($C10*INDEX(SPPR!$E:$X,MATCH($A10,SPPR!$A:$A,0),12),"") | P10: =IFERROR($C10*INDEX(SPPR!$E:$X,MATCH($A10,SPPR!$A:$A,0),13),"") | Q10: =IFERROR($C10*INDEX(SPPR!$E:$X,MATCH($A10,SPPR!$A:$A,0),14),"") | R10: =IFERROR($C10*INDEX(SPPR!$E:$X,MATCH($A10,SPPR!$A:$A,0),15),"") | S10: =IFERROR($C10*INDEX(SPPR!$E:$X,MATCH($A10,SPPR!$A:$A,0),16),"") | T10: =IFERROR($C10*INDEX(SPPR!$E:$X,MATCH($A10,SPPR!$A:$A,0),17),"") | U10: =IFERROR($C10*INDEX(SPPR!$E:$X,MATCH($A10,SPPR!$A:$A,0),18),"") | V10: =IFERROR($C10*INDEX(SPPR!$E:$X,MATCH($A10,SPPR!$A:$A,0),19),"") | W10: =IFERROR($C10*INDEX(SPPR!$E:$X,MATCH($A10,SPPR!$A:$A,0),20),"")
A11: Engraulis japonicus | B11: =IFERROR(INDEX(SPPR!$D:$D,MATCH($A11,SPPR!$A:$A,0)),"") | C11: =IFERROR(INDEX(Catch!$E:$BV,MATCH($A11,Catch!$A:$A,0),MATCH($B$4,Catch!$E$1:$BV$1,0)),0) | D11: =IFERROR($C11*INDEX(SPPR!$E:$X,MATCH($A11,SPPR!$A:$A,0),1),"") | E11: =IFERROR($C11*INDEX(SPPR!$E:$X,MATCH($A11,SPPR!$A:$A,0),2),"") | F11: =IFERROR($C11*INDEX(SPPR!$E:$X,MATCH($A11,SPPR!$A:$A,0),3),"") | G11: =IFERROR($C11*INDEX(SPPR!$E:$X,MATCH($A11,SPPR!$A:$A,0),4),"") | H11: =IFERROR($C11*INDEX(SPPR!$E:$X,MATCH($A11,SPPR!$A:$A,0),5),"") | I11: =IFERROR($C11*INDEX(SPPR!$E:$X,MATCH($A11,SPPR!$A:$A,0),6),"") | J11: =IFERROR($C11*INDEX(SPPR!$E:$X,MATCH($A11,SPPR!$A:$A,0),7),"") | K11: =IFERROR($C11*INDEX(SPPR!$E:$X,MATCH($A11,SPPR!$A:$A,0),8),"") | L11: =IFERROR($C11*INDEX(SPPR!$E:$X,MATCH($A11,SPPR!$A:$A,0),9),"") | M11: =IFERROR($C11*INDEX(SPPR!$E:$X,MATCH($A11,SPPR!$A:$A,0),10),"") | N11: =IFERROR($C11*INDEX(SPPR!$E:$X,MATCH($A11,SPPR!$A:$A,0),11),"") | O11: =IFERROR($C11*INDEX(SPPR!$E:$X,MATCH($A11,SPPR!$A:$A,0),12),"") | P11: =IFERROR($C11*INDEX(SPPR!$E:$X,MATCH($A11,SPPR!$A:$A,0),13),"") | Q11: =IFERROR($C11*INDEX(SPPR!$E:$X,MATCH($A11,SPPR!$A:$A,0),14),"") | R11: =IFERROR($C11*INDEX(SPPR!$E:$X,MATCH($A11,SPPR!$A:$A,0),15),"") | S11: =IFERROR($C11*INDEX(SPPR!$E:$X,MATCH($A11,SPPR!$A:$A,0),16),"") | T11: =IFERROR($C11*INDEX(SPPR!$E:$X,MATCH($A11,SPPR!$A:$A,0),17),"") | U11: =IFERROR($C11*INDEX(SPPR!$E:$X,MATCH($A11,SPPR!$A:$A,0),18),"") | V11: =IFERROR($C11*INDEX(SPPR!$E:$X,MATCH($A11,SPPR!$A:$A,0),19),"") | W11: =IFERROR($C11*INDEX(SPPR!$E:$X,MATCH($A11,SPPR!$A:$A,0),20),"")
A12: Scomber japonicus | B12: =IFERROR(INDEX(SPPR!$D:$D,MATCH($A12,SPPR!$A:$A,0)),"") | C12: =IFERROR(INDEX(Catch!$E:$BV,MATCH($A12,Catch!$A:$A,0),MATCH($B$4,Catch!$E$1:$BV$1,0)),0) | D12: =IFERROR($C12*INDEX(SPPR!$E:$X,MATCH($A12,SPPR!$A:$A,0),1),"") | E12: =IFERROR($C12*INDEX(SPPR!$E:$X,MATCH($A12,SPPR!$A:$A,0),2),"") | F12: =IFERROR($C12*INDEX(SPPR!$E:$X,MATCH($A12,SPPR!$A:$A,0),3),"") | G12: =IFERROR($C12*INDEX(SPPR!$E:$X,MATCH($A12,SPPR!$A:$A,0),4),"") | H12: =IFERROR($C12*INDEX(SPPR!$E:$X,MATCH($A12,SPPR!$A:$A,0),5),"") | I12: =IFERROR($C12*INDEX(SPPR!$E:$X,MATCH($A12,SPPR!$A:$A,0),6),"") | J12: =IFERROR($C12*INDEX(SPPR!$E:$X,MATCH($A12,SPPR!$A:$A,0),7),"") | K12: =IFERROR($C12*INDEX(SPPR!$E:$X,MATCH($A12,SPPR!$A:$A,0),8),"") | L12: =IFERROR($C12*INDEX(SPPR!$E:$X,MATCH($A12,SPPR!$A:$A,0),9),"") | M12: =IFERROR($C12*INDEX(SPPR!$E:$X,MATCH($A12,SPPR!$A:$A,0),10),"") | N12: =IFERROR($C12*INDEX(SPPR!$E:$X,MATCH($A12,SPPR!$A:$A,0),11),"") | O12: =IFERROR($C12*INDEX(SPPR!$E:$X,MATCH($A12,SPPR!$A:$A,0),12),"") | P12: =IFERROR($C12*INDEX(SPPR!$E:$X,MATCH($A12,SPPR!$A:$A,0),13),"") | Q12: =IFERROR($C12*INDEX(SPPR!$E:$X,MATCH($A12,SPPR!$A:$A,0),14),"") | R12: =IFERROR($C12*INDEX(SPPR!$E:$X,MATCH($A12,SPPR!$A:$A,0),15),"") | S12: =IFERROR($C12*INDEX(SPPR!$E:$X,MATCH($A12,SPPR!$A:$A,0),16),"") | T12: =IFERROR($C12*INDEX(SPPR!$E:$X,MATCH($A12,SPPR!$A:$A,0),17),"") | U12: =IFERROR($C12*INDEX(SPPR!$E:$X,MATCH($A12,SPPR!$A:$A,0),18),"") | V12: =IFERROR($C12*INDEX(SPPR!$E:$X,MATCH($A12,SPPR!$A:$A,0),19),"") | W12: =IFERROR($C12*INDEX(SPPR!$E:$X,MATCH($A12,SPPR!$A:$A,0),20),"")
A13: Scomber | B13: =IFERROR(INDEX(SPPR!$D:$D,MATCH($A13,SPPR!$A:$A,0)),"") | C13: =IFERROR(INDEX(Catch!$E:$BV,MATCH($A13,Catch!$A:$A,0),MATCH($B$4,Catch!$E$1:$BV$1,0)),0) | D13: =IFERROR($C13*INDEX(SPPR!$E:$X,MATCH($A13,SPPR!$A:$A,0),1),"") | E13: =IFERROR($C13*INDEX(SPPR!$E:$X,MATCH($A13,SPPR!$A:$A,0),2),"") | F13: =IFERROR($C13*INDEX(SPPR!$E:$X,MATCH($A13,SPPR!$A:$A,0),3),"") | G13: =IFERROR($C13*INDEX(SPPR!$E:$X,MATCH($A13,SPPR!$A:$A,0),4),"") | H13: =IFERROR($C13*INDEX(SPPR!$E:$X,MATCH($A13,SPPR!$A:$A,0),5),"") | I13: =IFERROR($C13*INDEX(SPPR!$E:$X,MATCH($A13,SPPR!$A:$A,0),6),"") | J13: =IFERROR($C13*INDEX(SPPR!$E:$X,MATCH($A13,SPPR!$A:$A,0),7),"") | K13: =IFERROR($C13*INDEX(SPPR!$E:$X,MATCH($A13,SPPR!$A:$A,0),8),"") | L13: =IFERROR($C13*INDEX(SPPR!$E:$X,MATCH($A13,SPPR!$A:$A,0),9),"") | M13: =IFERROR($C13*INDEX(SPPR!$E:$X,MATCH($A13,SPPR!$A:$A,0),10),"") | N13: =IFERROR($C13*INDEX(SPPR!$E:$X,MATCH($A13,SPPR!$A:$A,0),11),"") | O13: =IFERROR($C13*INDEX(SPPR!$E:$X,MATCH($A13,SPPR!$A:$A,0),12),"") | P13: =IFERROR($C13*INDEX(SPPR!$E:$X,MATCH($A13,SPPR!$A:$A,0),13),"") | Q13: =IFERROR($C13*INDEX(SPPR!$E:$X,MATCH($A13,SPPR!$A:$A,0),14),"") | R13: =IFERROR($C13*INDEX(SPPR!$E:$X,MATCH($A13,SPPR!$A:$A,0),15),"") | S13: =IFERROR($C13*INDEX(SPPR!$E:$X,MATCH($A13,SPPR!$A:$A,0),16),"") | T13: =IFERROR($C13*INDEX(SPPR!$E:$X,MATCH($A13,SPPR!$A:$A,0),17),"") | U13: =IFERROR($C13*INDEX(SPPR!$E:$X,MATCH($A13,SPPR!$A:$A,0),18),"") | V13: =IFERROR($C13*INDEX(SPPR!$E:$X,MATCH($A13,SPPR!$A:$A,0),19),"") | W13: =IFERROR($C13*INDEX(SPPR!$E:$X,MATCH($A13,SPPR!$A:$A,0),20),"")
A14: Cololabis saira | B14: =IFERROR(INDEX(SPPR!$D:$D,MATCH($A14,SPPR!$A:$A,0)),"") | C14: =IFERROR(INDEX(Catch!$E:$BV,MATCH($A14,Catch!$A:$A,0),MATCH($B$4,Catch!$E$1:$BV$1,0)),0) | D14: =IFERROR($C14*INDEX(SPPR!$E:$X,MATCH($A14,SPPR!$A:$A,0),1),"") | E14: =IFERROR($C14*INDEX(SPPR!$E:$X,MATCH($A14,SPPR!$A:$A,0),2),"") | F14: =IFERROR($C14*INDEX(SPPR!$E:$X,MATCH($A14,SPPR!$A:$A,0),3),"") | G14: =IFERROR($C14*INDEX(SPPR!$E:$X,MATCH($A14,SPPR!$A:$A,0),4),"") | H14: =IFERROR($C14*INDEX(SPPR!$E:$X,MATCH($A14,SPPR!$A:$A,0),5),"") | I14: =IFERROR($C14*INDEX(SPPR!$E:$X,MATCH($A14,SPPR!$A:$A,0),6),"") | J14: =IFERROR($C14*INDEX(SPPR!$E:$X,MATCH($A14,SPPR!$A:$A,0),7),"") | K14: =IFERROR($C14*INDEX(SPPR!$E:$X,MATCH($A14,SPPR!$A:$A,0),8),"") | L14: =IFERROR($C14*INDEX(SPPR!$E:$X,MATCH($A14,SPPR!$A:$A,0),9),"") | M14: =IFERROR($C14*INDEX(SPPR!$E:$X,MATCH($A14,SPPR!$A:$A,0),10),"") | N14: =IFERROR($C14*INDEX(SPPR!$E:$X,MATCH($A14,SPPR!$A:$A,0),11),"") | O14: =IFERROR($C14*INDEX(SPPR!$E:$X,MATCH($A14,SPPR!$A:$A,0),12),"") | P14: =IFERROR($C14*INDEX(SPPR!$E:$X,MATCH($A14,SPPR!$A:$A,0),13),"") | Q14: =IFERROR($C14*INDEX(SPPR!$E:$X,MATCH($A14,SPPR!$A:$A,0),14),"") | R14: =IFERROR($C14*INDEX(SPPR!$E:$X,MATCH($A14,SPPR!$A:$A,0),15),"") | S14: =IFERROR($C14*INDEX(SPPR!$E:$X,MATCH($A14,SPPR!$A:$A,0),16),"") | T14: =IFERROR($C14*INDEX(SPPR!$E:$X,MATCH($A14,SPPR!$A:$A,0),17),"") | U14: =IFERROR($C14*INDEX(SPPR!$E:$X,MATCH($A14,SPPR!$A:$A,0),18),"") | V14: =IFERROR($C14*INDEX(SPPR!$E:$X,MATCH($A14,SPPR!$A:$A,0),19),"") | W14: =IFERROR($C14*INDEX(SPPR!$E:$X,MATCH($A14,SPPR!$A:$A,0),20),"")
A15: Mollusca | B15: =IFERROR(INDEX(SPPR!$D:$D,MATCH($A15,SPPR!$A:$A,0)),"") | C15: =IFERROR(INDEX(Catch!$E:$BV,MATCH($A15,Catch!$A:$A,0),MATCH($B$4,Catch!$E$1:$BV$1,0)),0) | D15: =IFERROR($C15*INDEX(SPPR!$E:$X,MATCH($A15,SPPR!$A:$A,0),1),"") | E15: =IFERROR($C15*INDEX(SPPR!$E:$X,MATCH($A15,SPPR!$A:$A,0),2),"") | F15: =IFERROR($C15*INDEX(SPPR!$E:$X,MATCH($A15,SPPR!$A:$A,0),3),"") | G15: =IFERROR($C15*INDEX(SPPR!$E:$X,MATCH($A15,SPPR!$A:$A,0),4),"") | H15: =IFERROR($C15*INDEX(SPPR!$E:$X,MATCH($A15,SPPR!$A:$A,0),5),"") | I15: =IFERROR($C15*INDEX(SPPR!$E:$X,MATCH($A15,SPPR!$A:$A,0),6),"") | J15: =IFERROR($C15*INDEX(SPPR!$E:$X,MATCH($A15,SPPR!$A:$A,0),7),"") | K15: =IFERROR($C15*INDEX(SPPR!$E:$X,MATCH($A15,SPPR!$A:$A,0),8),"") | L15: =IFERROR($C15*INDEX(SPPR!$E:$X,MATCH($A15,SPPR!$A:$A,0),9),"") | M15: =IFERROR($C15*INDEX(SPPR!$E:$X,MATCH($A15,SPPR!$A:$A,0),10),"") | N15: =IFERROR($C15*INDEX(SPPR!$E:$X,MATCH($A15,SPPR!$A:$A,0),11),"") | O15: =IFERROR($C15*INDEX(SPPR!$E:$X,MATCH($A15,SPPR!$A:$A,0),12),"") | P15: =IFERROR($C15*INDEX(SPPR!$E:$X,MATCH($A15,SPPR!$A:$A,0),13),"") | Q15: =IFERROR($C15*INDEX(SPPR!$E:$X,MATCH($A15,SPPR!$A:$A,0),14),"") | R15: =IFERROR($C15*INDEX(SPPR!$E:$X,MATCH($A15,SPPR!$A:$A,0),15),"") | S15: =IFERROR($C15*INDEX(SPPR!$E:$X,MATCH($A15,SPPR!$A:$A,0),16),"") | T15: =IFERROR($C15*INDEX(SPPR!$E:$X,MATCH($A15,SPPR!$A:$A,0),17),"") | U15: =IFERROR($C15*INDEX(SPPR!$E:$X,MATCH($A15,SPPR!$A:$A,0),18),"") | V15: =IFERROR($C15*INDEX(SPPR!$E:$X,MATCH($A15,SPPR!$A:$A,0),19),"") | W15: =IFERROR($C15*INDEX(SPPR!$E:$X,MATCH($A15,SPPR!$A:$A,0),20),"")
A16: Miscellaneous marine crustaceans | B16: =IFERROR(INDEX(SPPR!$D:$D,MATCH($A16,SPPR!$A:$A,0)),"") | C16: =IFERROR(INDEX(Catch!$E:$BV,MATCH($A16,Catch!$A:$A,0),MATCH($B$4,Catch!$E$1:$BV$1,0)),0) | D16: =IFERROR($C16*INDEX(SPPR!$E:$X,MATCH($A16,SPPR!$A:$A,0),1),"") | E16: =IFERROR($C16*INDEX(SPPR!$E:$X,MATCH($A16,SPPR!$A:$A,0),2),"") | F16: =IFERROR($C16*INDEX(SPPR!$E:$X,MATCH($A16,SPPR!$A:$A,0),3),"") | G16: =IFERROR($C16*INDEX(SPPR!$E:$X,MATCH($A16,SPPR!$A:$A,0),4),"") | H16: =IFERROR($C16*INDEX(SPPR!$E:$X,MATCH($A16,SPPR!$A:$A,0),5),"") | I16: =IFERROR($C16*INDEX(SPPR!$E:$X,MATCH($A16,SPPR!$A:$A,0),6),"") | J16: =IFERROR($C16*INDEX(SPPR!$E:$X,MATCH($A16,SPPR!$A:$A,0),7),"") | K16: =IFERROR($C16*INDEX(SPPR!$E:$X,MATCH($A16,SPPR!$A:$A,0),8),"") | L16: =IFERROR($C16*INDEX(SPPR!$E:$X,MATCH($A16,SPPR!$A:$A,0),9),"") | M16: =IFERROR($C16*INDEX(SPPR!$E:$X,MATCH($A16,SPPR!$A:$A,0),10),"") | N16: =IFERROR($C16*INDEX(SPPR!$E:$X,MATCH($A16,SPPR!$A:$A,0),11),"") | O16: =IFERROR($C16*INDEX(SPPR!$E:$X,MATCH($A16,SPPR!$A:$A,0),12),"") | P16: =IFERROR($C16*INDEX(SPPR!$E:$X,MATCH($A16,SPPR!$A:$A,0),13),"") | Q16: =IFERROR($C16*INDEX(SPPR!$E:$X,MATCH($A16,SPPR!$A:$A,0),14),"") | R16: =IFERROR($C16*INDEX(SPPR!$E:$X,MATCH($A16,SPPR!$A:$A,0),15),"") | S16: =IFERROR($C16*INDEX(SPPR!$E:$X,MATCH($A16,SPPR!$A:$A,0),16),"") | T16: =IFERROR($C16*INDEX(SPPR!$E:$X,MATCH($A16,SPPR!$A:$A,0),17),"") | U16: =IFERROR($C16*INDEX(SPPR!$E:$X,MATCH($A16,SPPR!$A:$A,0),18),"") | V16: =IFERROR($C16*INDEX(SPPR!$E:$X,MATCH($A16,SPPR!$A:$A,0),19),"") | W16: =IFERROR($C16*INDEX(SPPR!$E:$X,MATCH($A16,SPPR!$A:$A,0),20),"")
A17: Larimichthys polyactis | B17: =IFERROR(INDEX(SPPR!$D:$D,MATCH($A17,SPPR!$A:$A,0)),"") | C17: =IFERROR(INDEX(Catch!$E:$BV,MATCH($A17,Catch!$A:$A,0),MATCH($B$4,Catch!$E$1:$BV$1,0)),0) | D17: =IFERROR($C17*INDEX(SPPR!$E:$X,MATCH($A17,SPPR!$A:$A,0),1),"") | E17: =IFERROR($C17*INDEX(SPPR!$E:$X,MATCH($A17,SPPR!$A:$A,0),2),"") | F17: =IFERROR($C17*INDEX(SPPR!$E:$X,MATCH($A17,SPPR!$A:$A,0),3),"") | G17: =IFERROR($C17*INDEX(SPPR!$E:$X,MATCH($A17,SPPR!$A:$A,0),4),"") | H17: =IFERROR($C17*INDEX(SPPR!$E:$X,MATCH($A17,SPPR!$A:$A,0),5),"") | I17: =IFERROR($C17*INDEX(SPPR!$E:$X,MATCH($A17,SPPR!$A:$A,0),6),"") | J17: =IFERROR($C17*INDEX(SPPR!$E:$X,MATCH($A17,SPPR!$A:$A,0),7),"") | K17: =IFERROR($C17*INDEX(SPPR!$E:$X,MATCH($A17,SPPR!$A:$A,0),8),"") | L17: =IFERROR($C17*INDEX(SPPR!$E:$X,MATCH($A17,SPPR!$A:$A,0),9),"") | M17: =IFERROR($C17*INDEX(SPPR!$E:$X,MATCH($A17,SPPR!$A:$A,0),10),"") | N17: =IFERROR($C17*INDEX(SPPR!$E:$X,MATCH($A17,SPPR!$A:$A,0),11),"") | O17: =IFERROR($C17*INDEX(SPPR!$E:$X,MATCH($A17,SPPR!$A:$A,0),12),"") | P17: =IFERROR($C17*INDEX(SPPR!$E:$X,MATCH($A17,SPPR!$A:$A,0),13),"") | Q17: =IFERROR($C17*INDEX(SPPR!$E:$X,MATCH($A17,SPPR!$A:$A,0),14),"") | R17: =IFERROR($C17*INDEX(SPPR!$E:$X,MATCH($A17,SPPR!$A:$A,0),15),"") | S17: =IFERROR($C17*INDEX(SPPR!$E:$X,MATCH($A17,SPPR!$A:$A,0),16),"") | T17: =IFERROR($C17*INDEX(SPPR!$E:$X,MATCH($A17,SPPR!$A:$A,0),17),"") | U17: =IFERROR($C17*INDEX(SPPR!$E:$X,MATCH($A17,SPPR!$A:$A,0),18),"") | V17: =IFERROR($C17*INDEX(SPPR!$E:$X,MATCH($A17,SPPR!$A:$A,0),19),"") | W17: =IFERROR($C17*INDEX(SPPR!$E:$X,MATCH($A17,SPPR!$A:$A,0),20),"")
A18: Acetes japonicus | B18: =IFERROR(INDEX(SPPR!$D:$D,MATCH($A18,SPPR!$A:$A,0)),"") | C18: =IFERROR(INDEX(Catch!$E:$BV,MATCH($A18,Catch!$A:$A,0),MATCH($B$4,Catch!$E$1:$BV$1,0)),0) | D18: =IFERROR($C18*INDEX(SPPR!$E:$X,MATCH($A18,SPPR!$A:$A,0),1),"") | E18: =IFERROR($C18*INDEX(SPPR!$E:$X,MATCH($A18,SPPR!$A:$A,0),2),"") | F18: =IFERROR($C18*INDEX(SPPR!$E:$X,MATCH($A18,SPPR!$A:$A,0),3),"") | G18: =IFERROR($C18*INDEX(SPPR!$E:$X,MATCH($A18,SPPR!$A:$A,0),4),"") | H18: =IFERROR($C18*INDEX(SPPR!$E:$X,MATCH($A18,SPPR!$A:$A,0),5),"") | I18: =IFERROR($C18*INDEX(SPPR!$E:$X,MATCH($A18,SPPR!$A:$A,0),6),"") | J18: =IFERROR($C18*INDEX(SPPR!$E:$X,MATCH($A18,SPPR!$A:$A,0),7),"") | K18: =IFERROR($C18*INDEX(SPPR!$E:$X,MATCH($A18,SPPR!$A:$A,0),8),"") | L18: =IFERROR($C18*INDEX(SPPR!$E:$X,MATCH($A18,SPPR!$A:$A,0),9),"") | M18: =IFERROR($C18*INDEX(SPPR!$E:$X,MATCH($A18,SPPR!$A:$A,0),10),"") | N18: =IFERROR($C18*INDEX(SPPR!$E:$X,MATCH($A18,SPPR!$A:$A,0),11),"") | O18: =IFERROR($C18*INDEX(SPPR!$E:$X,MATCH($A18,SPPR!$A:$A,0),12),"") | P18: =IFERROR($C18*INDEX(SPPR!$E:$X,MATCH($A18,SPPR!$A:$A,0),13),"") | Q18: =IFERROR($C18*INDEX(SPPR!$E:$X,MATCH($A18,SPPR!$A:$A,0),14),"") | R18: =IFERROR($C18*INDEX(SPPR!$E:$X,MATCH($A18,SPPR!$A:$A,0),15),"") | S18: =IFERROR($C18*INDEX(SPPR!$E:$X,MATCH($A18,SPPR!$A:$A,0),16),"") | T18: =IFERROR($C18*INDEX(SPPR!$E:$X,MATCH($A18,SPPR!$A:$A,0),17),"") | U18: =IFERROR($C18*INDEX(SPPR!$E:$X,MATCH($A18,SPPR!$A:$A,0),18),"") | V18: =IFERROR($C18*INDEX(SPPR!$E:$X,MATCH($A18,SPPR!$A:$A,0),19),"") | W18: =IFERROR($C18*INDEX(SPPR!$E:$X,MATCH($A18,SPPR!$A:$A,0),20),"")
A19: Todarodes pacificus | B19: =IFERROR(INDEX(SPPR!$D:$D,MATCH($A19,SPPR!$A:$A,0)),"") | C19: =IFERROR(INDEX(Catch!$E:$BV,MATCH($A19,Catch!$A:$A,0),MATCH($B$4,Catch!$E$1:$BV$1,0)),0) | D19: =IFERROR($C19*INDEX(SPPR!$E:$X,MATCH($A19,SPPR!$A:$A,0),1),"") | E19: =IFERROR($C19*INDEX(SPPR!$E:$X,MATCH($A19,SPPR!$A:$A,0),2),"") | F19: =IFERROR($C19*INDEX(SPPR!$E:$X,MATCH($A19,SPPR!$A:$A,0),3),"") | G19: =IFERROR($C19*INDEX(SPPR!$E:$X,MATCH($A19,SPPR!$A:$A,0),4),"") | H19: =IFERROR($C19*INDEX(SPPR!$E:$X,MATCH($A19,SPPR!$A:$A,0),5),"") | I19: =IFERROR($C19*INDEX(SPPR!$E:$X,MATCH($A19,SPPR!$A:$A,0),6),"") | J19: =IFERROR($C19*INDEX(SPPR!$E:$X,MATCH($A19,SPPR!$A:$A,0),7),"") | K19: =IFERROR($C19*INDEX(SPPR!$E:$X,MATCH($A19,SPPR!$A:$A,0),8),"") | L19: =IFERROR($C19*INDEX(SPPR!$E:$X,MATCH($A19,SPPR!$A:$A,0),9),"") | M19: =IFERROR($C19*INDEX(SPPR!$E:$X,MATCH($A19,SPPR!$A:$A,0),10),"") | N19: =IFERROR($C19*INDEX(SPPR!$E:$X,MATCH($A19,SPPR!$A:$A,0),11),"") | O19: =IFERROR($C19*INDEX(SPPR!$E:$X,MATCH($A19,SPPR!$A:$A,0),12),"") | P19: =IFERROR($C19*INDEX(SPPR!$E:$X,MATCH($A19,SPPR!$A:$A,0),13),"") | Q19: =IFERROR($C19*INDEX(SPPR!$E:$X,MATCH($A19,SPPR!$A:$A,0),14),"") | R19: =IFERROR($C19*INDEX(SPPR!$E:$X,MATCH($A19,SPPR!$A:$A,0),15),"") | S19: =IFERROR($C19*INDEX(SPPR!$E:$X,MATCH($A19,SPPR!$A:$A,0),16),"") | T19: =IFERROR($C19*INDEX(SPPR!$E:$X,MATCH($A19,SPPR!$A:$A,0),17),"") | U19: =IFERROR($C19*INDEX(SPPR!$E:$X,MATCH($A19,SPPR!$A:$A,0),18),"") | V19: =IFERROR($C19*INDEX(SPPR!$E:$X,MATCH($A19,SPPR!$A:$A,0),19),"") | W19: =IFERROR($C19*INDEX(SPPR!$E:$X,MATCH($A19,SPPR!$A:$A,0),20),"")
... A283: Caranx | B283: =IFERROR(INDEX(SPPR!$D:$D,MATCH($A283,SPPR!$A:$A,0)),"") | C283: =IFERROR(INDEX(Catch!$E:$BV,MATCH($A283,Catch!$A:$A,0),MATCH($B$4,Catch!$E$1:$BV$1,0)),0) | D283: =IFERROR($C283*INDEX(SPPR!$E:$X,MATCH($A283,SPPR!$A:$A,0),1),"") | E283: =IFERROR($C283*INDEX(SPPR!$E:$X,MATCH($A283,SPPR!$A:$A,0),2),"") | F283: =IFERROR($C283*INDEX(SPPR!$E:$X,MATCH($A283,SPPR!$A:$A,0),3),"") | G283: =IFERROR($C283*INDEX(SPPR!$E:$X,MATCH($A283,SPPR!$A:$A,0),4),"") | H283: =IFERROR($C283*INDEX(SPPR!$E:$X,MATCH($A283,SPPR!$A:$A,0),5),"") | I283: =IFERROR($C283*INDEX(SPPR!$E:$X,MATCH($A283,SPPR!$A:$A,0),6),"") | J283: =IFERROR($C283*INDEX(SPPR!$E:$X,MATCH($A283,SPPR!$A:$A,0),7),"") | K283: =IFERROR($C283*INDEX(SPPR!$E:$X,MATCH($A283,SPPR!$A:$A,0),8),"") | L283: =IFERROR($C283*INDEX(SPPR!$E:$X,MATCH($A283,SPPR!$A:$A,0),9),"") | M283: =IFERROR($C283*INDEX(SPPR!$E:$X,MATCH($A283,SPPR!$A:$A,0),10),"") | N283: =IFERROR($C283*INDEX(SPPR!$E:$X,MATCH($A283,SPPR!$A:$A,0),11),"") | O283: =IFERROR($C283*INDEX(SPPR!$E:$X,MATCH($A283,SPPR!$A:$A,0),12),"") | P283: =IFERROR($C283*INDEX(SPPR!$E:$X,MATCH($A283,SPPR!$A:$A,0),13),"") | Q283: =IFERROR($C283*INDEX(SPPR!$E:$X,MATCH($A283,SPPR!$A:$A,0),14),"") | R283: =IFERROR($C283*INDEX(SPPR!$E:$X,MATCH($A283,SPPR!$A:$A,0),15),"") | S283: =IFERROR($C283*INDEX(SPPR!$E:$X,MATCH($A283,SPPR!$A:$A,0),16),"") | T283: =IFERROR($C283*INDEX(SPPR!$E:$X,MATCH($A283,SPPR!$A:$A,0),17),"") | U283: =IFERROR($C283*INDEX(SPPR!$E:$X,MATCH($A283,SPPR!$A:$A,0),18),"") | V283: =IFERROR($C283*INDEX(SPPR!$E:$X,MATCH($A283,SPPR!$A:$A,0),19),"") | W283: =IFERROR($C283*INDEX(SPPR!$E:$X,MATCH($A283,SPPR!$A:$A,0),20),"")

Sheet Model groups
A1: The model's own compartments, and their SPPR under each method.
A2: Group names here are authoritative. Everything in the other sheets joins on them character for character.
A4: seq | B4: group_name | C4: type | D4: TL | E4: GE | F4: EE | G4: biomass | H4: model catch | I4: SPPR_1986 | J4: SPPR_1995_TE0.1 | K4: SPPR_1995_TEmean | L4: Ulanowicz_globalTEmean | M4: Ulanowicz_TE | N4: EwE_TE_noEE | O4: EwE_TE_EE | P4: SPPR_2015 | Q4: new_TE_noEEfix | R4: new_TE_EEfix | S4: new_GE | T4: new_WithEgestion | U4: sym_TE_asPP | V4: sym_TE_asDC | W4: sym_GE_asPP | X4: sym_GE_asDC | Y4: sym_WithEgestion_asPP | Z4: sym_WithEgestion_asDC | AA4: MC_new_GE | AB4: MC_new_TE_EEfix
A5: 1 | B5: Phytoplankton | C5: PP | D5: 1 | E5: 1 | F5: 0.205 | G5: 16.52 | H5: 0 | I5: 0 | J5: 1 | K5: 1 | L5: 1 | M5: 1 | N5: 0 | O5: 0.205 | P5: 1 | Q5: 1 | R5: 1 | S5: 1 | T5: 1 | U5: 1 | V5: 1 | W5: 1 | X5: 1 | Y5: 1 | Z5: 1 | AA5: 1 | AB5: 1
A6: 2 | B6: Zooplankton | C6: Regular | D6: 2 | E6: 0.25 | F6: 0.308 | G6: 4.703 | H6: 0 | I6: 0 | J6: 10 | K6: 1.39069 | L6: 1.39069 | M6: 12.987013 | N6: 12.987013 | O6: 4 | P6: 12.420149 | Q6: 12.420149 | R6: 12.5466 | S6: 4.221348 | T6: 3.409389 | U6: 12.5466 | V6: 12.420149 | W6: 4.221348 | X6: 4.221348 | Y6: 3.409389 | Z6: 3.409389 | AA6: 4.182642 | AB6: 12.662599
A7: 3 | B7: Polychaetes | C7: Regular | D7: 2 | E7: 0.2768595 | F7: 0.541 | G7: 3.13 | H7: 0 | I7: 0 | J7: 10 | K7: 1.39069 | L7: 1.39069 | M7: 6.676415 | N7: 6.676415 | O7: 3.61194 | P7: 5.705029 | Q7: 5.705029 | R7: 5.921717 | S7: 4.278187 | T7: 3.519803 | U7: 5.921717 | V7: 5.705029 | W7: 4.278187 | X7: 4.278187 | Y7: 3.519803 | Z7: 3.519803 | AA7: 4.309215 | AB7: 5.835162
A8: 4 | B8: Mollusks | C8: Regular | D8: 2.1693548 | E8: 0.42857143 | F8: 0.3 | G8: 9.51 | H8: 0 | I8: 0 | J8: 14.497407 | K8: 1.466668 | L8: 1.466497 | M8: 17.850747 | N8: 17.850747 | O8: 5.355224 | P8: 17.186608 | Q8: 17.186608 | R8: 17.598965 | S8: 3.995111 | T8: 2.967513 | U8: 17.598965 | V8: 17.186608 | W8: 3.995111 | X8: 3.995111 | Y8: 2.967513 | Z8: 2.967513 | AA8: 3.990277 | AB8: 17.941416
A9: 5 | B9: Benthic Crustaceans | C9: Regular | D9: 2.161129 | E9: 0.24386617 | F9: 0.748 | G9: 1.6 | H9: 0 | I9: 0 | J9: 14.479112 | K9: 1.466403 | L9: 1.478879 | M9: 14.956937 | N9: 14.956937 | O9: 11.187789 | P9: 13.841643 | Q9: 13.841643 | R9: 14.159956 | S9: 6.579482 | T9: 4.896462 | U9: 14.159956 | V9: 13.841643 | W9: 6.579482 | X9: 6.579482 | Y9: 4.896462 | Z9: 4.896462 | AA9: 6.663272 | AB9: 14.549771
A10: 6 | B10: Echinoderms | C10: Regular | D10: 2.2202353 | E10: 0.32432432 | F10: 0.182 | G10: 3.46 | H10: 0 | I10: 0 | J10: 14.362944 | K10: 1.464712 | L10: 1.389744 | M10: 47.528559 | N10: 47.528559 | O10: 8.650198 | P10: 98169.82 | Q10: 98169.82 | R10: 99766.368 | S10: 7.082345 | T10: 4.85352 | U10: 99766.368 | V10: 98169.82 | W10: 7.082345 | X10: 7.082345 | Y10: 4.85352 | Z10: 4.85352 | AA10: 7.237529 | AB10: 1019.755
A11: 7 | B11: Other invertebrates | C11: Regular | D11: 2 | E11: 0.11111111 | F11: 0.616 | G11: 3.16 | H11: 0 | I11: 0 | J11: 10 | K11: 1.39069 | L11: 1.39069 | M11: 14.61039 | N11: 14.61039 | O11: 9 | P11: 13.760094 | Q11: 13.760094 | R11: 13.94977 | S11: 9.664044 | T11: 7.828167 | U11: 13.94977 | V11: 13.760094 | W11: 9.664044 | X11: 9.664044 | Y11: 7.828167 | Z11: 7.828167 | AA11: 9.661211 | AB11: 13.78907
A12: 8 | B12: Crabs | C12: Regular | D12: 2.3222643 | E12: 0.375 | F12: 0.916 | G12: 0.143 | H12: 0 | I12: 0 | J12: 21.002175 | K12: 1.546636 | L12: 1.565985 | M12: 12.039474 | N12: 12.039474 | O12: 11.028158 | P12: 11.032425 | Q12: 11.032425 | R12: 11.257068 | S12: 7.495998 | T12: 5.212079 | U12: 11.257068 | V12: 11.032425 | W12: 7.495998 | X12: 7.495998 | Y12: 5.212079 | Z12: 5.212079 | AA12: 7.53635 | AB12: 11.035506
A13: 9 | B13: Shrimps | C13: Regular | D13: 2.314 | E13: 0.265625 | F13: 0.999 | G13: 0.161 | H13: 0 | I13: 0 | J13: 20.606299 | K13: 1.542427 | L13: 1.561295 | M13: 15.075177 | N13: 15.075177 | O13: 15.060102 | P13: 13.927162 | Q13: 13.927162 | R13: 14.183251 | S13: 7.969433 | T13: 5.681336 | U13: 14.183251 | V13: 13.927162 | W13: 7.969433 | X13: 7.969433 | Y13: 5.681336 | Z13: 5.681336 | AA13: 8.136905 | AB13: 14.885026
A14: 10 | B14: Cephalopods | C14: Regular | D14: 2.8191318 | E14: 0.3 | F14: 0.984 | G14: 0.549 | H14: 0 | I14: 0 | J14: 65.929169 | K14: 1.821994 | L14: 1.839433 | M14: 38.382342 | N14: 38.382342 | O14: 37.768225 | P14: 36.734327 | Q14: 36.734327 | R14: 37.111337 | S14: 12.794003 | T14: 8.242232 | U14: 37.111337 | V14: 36.734327 | W14: 12.794003 | X14: 12.794003 | Y14: 8.242232 | Z14: 8.242232 | AA14: 12.757448 | AB14: 38.53303
A15: 11 | B15: Planktivores | C15: Regular | D15: 3.0073238 | E15: 0.24341927 | F15: 0.998 | G15: 0.71 | H15: 0 | I15: 0 | J15: 100.99764 | K15: 1.93677 | L15: 1.93149 | M15: 53.479795 | N15: 53.479795 | O15: 53.372836 | P15: 51.741399 | Q15: 51.741399 | R15: 52.283119 | S15: 17.749881 | T15: 11.404035 | U15: 52.283119 | V15: 51.741399 | W15: 17.749881 | X15: 17.749881 | Y15: 11.404035 | Z15: 11.404035 | AA15: 17.839302 | AB15: 54.129601
A16: 12 | B16: Benthivores | C16: Regular | D16: 2.8469362 | E16: 0.29487179 | F16: 0.995 | G16: 0.0397 | H16: 0 | I16: 0 | J16: 67.814783 | K16: 1.829368 | L16: 1.84033 | M16: 33.988491 | N16: 35.780255 | O16: 35.601354 | P16: 385.22884 | Q16: 385.22884 | R16: 391.588 | S16: 16.66963 | T16: 9.97388 | U16: 391.588 | V16: 385.22884 | W16: 16.66963 | X16: 16.66963 | Y16: 9.97388 | Z16: 9.97388 | AA16: 17.246706 | AB16: 42.474741
... A28: 24 | B28: Detritus | C28: DET | D28: 1 | E28: 1 | F28: 1 | G28: 100 | H28: 0 | I28: 0 | J28: 1 | K28: 1 | L28: 1 | M28: 1 | N28: 0 | O28: 1 | P28: 0.854505 | Q28: 0.854505 | R28: 0.886961 | S28: 1.184457 | T28: 1.218114 | U28: 0.886961 | V28: 0.854505 | W28: 1.184457 | X28: 1.184457 | Y28: 1.218114 | Z28: 1.218114 | AA28: 1.184483 | AB28: 0.863581
A29: 25 | B29: diet_import | C29: Import | D29: 1 | E29: 0 | F29: 0 | G29: 1 | H29: 0 | I29: 0 | J29: 1 | K29: 1 | L29: 1 | M29: 1 | N29: 0 | O29: 0 | P29: 1 | Q29: 1 | R29: 1 | S29: 1 | T29: 1 | U29: 1 | W29: 1 | Y29: 1 | AA29: 1 | AB29: 1

Sheet NPP
A1: Net primary production, 2019, tonnes carbon per year
A3: satellite_model | B3: npp_tC_yr
A4: Antoine-Morel | B4: 2.247896e+08
A5: VGPM | B5: 2.6698813e+08
A6: Eppley | B6: 2.7823103e+08
A7: CbPM | B7: 2.2888935e+08
A8: CAFE | B8: 1.3020747e+08
A10: ensemble median | B10: 2.2888935e+08
A11: ensemble min | B11: 1.3020747e+08
A12: ensemble max | B12: 2.7823103e+08
A13: water area (km2) | B13: 770163.58
