Workbook

Sheet Summary
A1: LME_013 — Humboldt Current
A2: Ecopath model: 13_2_Northern_Humboldt_Current_(1995-1998)
A3: Northern Humboldt model only. Selection does not override failed SPPR configurations. Northern Humboldt Current, 1995-1998: source audit
A5: region type | B5: LME
A6: latitude | B6: -44.05031
A7: longitude | B7: -73.05294
A8: catch years | B8: 1950-2019
A9: taxa in catch | B9: 218
A10: taxa apportioned across groups | B10: 18
A11: taxa unresolved | B11: 48
A12: catch tonnage on a named group, % | B12: 98.2
A13: SPPR methods | B13: 20
A14: methods flagged as unusable | B14: 6
A15: headline method below | B15: new_TE_noEEfix
A17: year | B17: catch_tonnes | C17: ppr_simple | D17: ppr_new_TE_noEEfix | E17: ppr_simple / NPP % | F17: ppr_new_TE_noEEfix / NPP %
A18: 1950 | B18: 212918.96 | C18: 2.6683935e+08 | D18: 1.4779014e+08 | E18: 4.6922 | F18: 2.5988
A19: 1951 | B19: 261140.88 | C19: 3.3732702e+08 | D19: 1.5759582e+08 | E19: 5.9317 | F19: 2.7712
A20: 1952 | B20: 300323.82 | C20: 3.9471552e+08 | D20: 1.9008143e+08 | E20: 6.9408 | F20: 3.3425
A21: 1953 | B21: 310451.16 | C21: 3.4738331e+08 | D21: 1.662113e+08 | E21: 6.1085 | F21: 2.9227
A22: 1954 | B22: 334077.41 | C22: 3.7143913e+08 | D22: 2.1120996e+08 | E22: 6.5315 | F22: 3.714
A23: 1955 | B23: 436073.83 | C23: 5.2078429e+08 | D23: 2.2524543e+08 | E23: 9.1577 | F23: 3.9608
A24: 1956 | B24: 484327.48 | C24: 5.2295353e+08 | D24: 2.4309147e+08 | E24: 9.1958 | F24: 4.2746
A25: 1957 | B25: 676783.96 | C25: 4.4905999e+08 | D25: 2.4540346e+08 | E25: 7.8964 | F25: 4.3153
A26: 1958 | B26: 1146316.7 | C26: 4.9763083e+08 | D26: 2.9650555e+08 | E26: 8.7505 | F26: 5.2139
A27: 1959 | B27: 2540138.3 | C27: 6.1824572e+08 | D27: 4.0819256e+08 | E27: 10.8715 | F27: 7.1778
A28: 1960 | B28: 4388998.5 | C28: 7.8733261e+08 | D28: 5.5163375e+08 | E28: 13.8447 | F28: 9.7001
A29: 1961 | B29: 6614336.8 | C29: 8.9759123e+08 | D29: 6.3461237e+08 | E29: 15.7836 | F29: 11.1593
... A87: 2019 | B87: 7390380.7 | C87: 2.6120525e+09 | D87: 3.6299878e+09 | E87: 45.9313 | F87: 63.831
A88: PPR/NPP converts wet-weight PP to carbon at 9:1; NPP is the fixed 2019 ensemble median.

Sheet Catch
A1: taxon | B1: common_name | C1: functional_group | D1: commercial_group | E1: 1950 | F1: 1951 | G1: 1952 | H1: 1953 | I1: 1954 | J1: 1955 | K1: 1956 | L1: 1957 | M1: 1958 | N1: 1959 | O1: 1960 | P1: 1961 | Q1: 1962 | R1: 1963 | S1: 1964 | T1: 1965 | U1: 1966 | V1: 1967 | W1: 1968 | X1: 1969 | Y1: 1970 | Z1: 1971 | AA1: 1972 | AB1: 1973 | AC1: 1974 | AD1: 1975 | AE1: 1976 | AF1: 1977 | AG1: 1978 | AH1: 1979 | AI1: 1980 | AJ1: 1981 | AK1: 1982 | AL1: 1983 | AM1: 1984 | AN1: 1985 | AO1: 1986 | AP1: 1987 | AQ1: 1988 | AR1: 1989 | AS1: 1990 | AT1: 1991 | AU1: 1992 | AV1: 1993 | AW1: 1994 | AX1: 1995 | AY1: 1996 | AZ1: 1997 | BA1: 1998 | BB1: 1999 | BC1: 2000 | BD1: 2001 | BE1: 2002 | BF1: 2003 | BG1: 2004 | BH1: 2005 | BI1: 2006 | BJ1: 2007 | BK1: 2008 | BL1: 2009 | BM1: 2010 | BN1: 2011 | BO1: 2012 | BP1: 2013 | BQ1: 2014 | BR1: 2015 | BS1: 2016 | BT1: 2017 | BU1: 2018 | BV1: 2019
A2: Engraulis ringens | B2: Anchoveta | C2: Small pelagics (<30 cm) | D2: Anchovies | E2: 13051.364 | F2: 27823.604 | G2: 33693.703 | H2: 55415.306 | I2: 62075.321 | J2: 77481.406 | K2: 137184.41 | L2: 352466.38 | M2: 795065.71 | N2: 2163651.1 | O2: 3965688.3 | P2: 6198660 | Q2: 8359449.5 | R2: 8622669.4 | S2: 12072139 | T2: 9331412.8 | U2: 11778956 | V2: 13200387 | W2: 14133397 | X2: 12018897 | Y2: 16787916 | Z2: 14108560 | AA2: 5606277.9 | AB2: 1870263.6 | AC2: 5001848 | AD2: 4068389.1 | AE2: 4991739.6 | AF2: 1001487.9 | AG2: 1930131.6 | AH2: 1670798 | AI2: 1017621.9 | AJ2: 1835779.9 | AK2: 2320019.3 | AL2: 399735.41 | AM2: 354461.02 | AN2: 1322382.4 | AO2: 5809116.4 | AP2: 3347143.4 | AQ2: 4237965.2 | AR2: 6329552.5 | AS2: 4437669.2 | AT2: 4760994.8 | AU2: 7377564.9 | AV2: 10024073 | AW2: 15080468 | AX2: 10136795 | AY2: 10865490 | AZ2: 9013175.6 | BA2: 2061385.6 | BB2: 10477273 | BC2: 13968435 | BD2: 8855660.3 | BE2: 11895176 | BF2: 7477569.8 | BG2: 13187989 | BH2: 12630739 | BI2: 8265312.3 | BJ2: 8954899 | BK2: 8730006.8 | BL2: 8046932.7 | BM2: 4906342.9 | BN2: 10511532 | BO2: 5762970.9 | BP2: 6761447.3 | BQ2: 3935545.2 | BR2: 4660546.8 | BS2: 3515005.5 | BT2: 4161342.2 | BU2: 7419198.3 | BV2: 4598511.9
A3: Sardinops sagax | B3: South American pilchard | C3: Medium pelagics (30 - 89 cm) | D3: Herring-likes | E3: 2334.138 | F3: 3946.11 | G3: 4102.227 | H3: 4396.81 | I3: 4218.527 | J3: 6002.518 | K3: 6469.426 | L3: 5813.352 | M3: 7827.616 | N3: 11794.215 | O3: 15810.182 | P3: 17187.03 | Q3: 19121.794 | R3: 26669.556 | S3: 48836.606 | T3: 29834.855 | U3: 50389.506 | V3: 39775.021 | W3: 47088.552 | X3: 37409.098 | Y3: 43099.219 | Z3: 63846.186 | AA3: 36815.694 | AB3: 218399.89 | AC3: 543715.64 | AD3: 500052.28 | AE3: 908533.95 | AF3: 2268966.5 | AG3: 2945273.6 | AH3: 3598953.2 | AI3: 3476313.4 | AJ3: 3018014.6 | AK3: 5314038.5 | AL3: 3848562 | AM3: 5778927.1 | AN3: 6248878.2 | AO3: 4639499.6 | AP3: 5029278.1 | AQ3: 5541786.6 | AR3: 4655341.1 | AS3: 4748000.8 | AT3: 4740591.1 | AU3: 3493354.7 | AV3: 2124506.5 | AW3: 1937681.8 | AX3: 1646594.9 | AY3: 1424754.2 | AZ3: 799325.09 | BA3: 1122981.8 | BB3: 467204.1 | BC3: 374605.96 | BD3: 246404.88 | BE3: 23282.802 | BF3: 174954.85 | BG3: 198734.06 | BH3: 138215.46 | BI3: 82185.603 | BJ3: 63166.898 | BK3: 27581.843 | BL3: 30823.882 | BM3: 70636.811 | BN3: 196066.17 | BO3: 180.699 | BP3: 6270.739 | BQ3: 905.666 | BR3: 1343.788 | BS3: 3389.82 | BT3: 3003.996 | BU3: 4118.18 | BV3: 3986.145
A4: Trachurus murphyi | B4: Chilean jack mackerel | C4: Medium pelagics (30 - 89 cm) | D4: Perch-likes | E4: 2723.76 | F4: 3465.039 | G4: 4422.72 | H4: 4474.124 | I4: 4970.276 | J4: 6193.638 | K4: 6319.594 | L4: 6510.126 | M4: 2450.776 | N4: 7570.675 | O4: 12753.718 | P4: 14651.75 | Q4: 17502.747 | R4: 27769.284 | S4: 39553.442 | T4: 29417.177 | U4: 53814.265 | V4: 50750.604 | W4: 56778.359 | X4: 45642.611 | Y4: 126430.62 | Z4: 177890.91 | AA4: 112268.2 | AB4: 161421.48 | AC4: 347283.99 | AD4: 486051.32 | AE4: 374019.44 | AF4: 1147803.7 | AG4: 1419845.4 | AH4: 696140.13 | AI4: 638322.97 | AJ4: 1210916.3 | AK4: 1603737.1 | AL4: 1862878.7 | AM4: 1743324.3 | AN4: 1650575.9 | AO4: 1497512 | AP4: 1884123.1 | AQ4: 2388587.2 | AR4: 2766412.6 | AS4: 2826446.6 | AT4: 2884212.1 | AU4: 2550677.4 | AV4: 2433474 | AW4: 3044146 | AX4: 3517467.7 | AY4: 3267803.8 | AZ4: 2750969.9 | BA4: 1571500.4 | BB4: 1050807.7 | BC4: 1215598.5 | BD4: 2026079.2 | BE4: 1278299.2 | BF4: 1382379 | BG4: 1436217.3 | BH4: 1274674.4 | BI4: 1442104.1 | BJ4: 1333610.7 | BK4: 949116.28 | BL4: 795871.42 | BM4: 488531.48 | BN4: 803964.17 | BO4: 659320.27 | BP4: 524678.64 | BQ4: 543025.38 | BR4: 257066.04 | BS4: 348666.21 | BT4: 339030.05 | BU4: 465932.18 | BV4: 580714.21
A5: Clupeidae | B5: Herrings, sardines, menhadens | C5: Small pelagics (<30 cm) | D5: Herring-likes | E5: 8519.935 | F5: 5688.111 | G5: 6966.255 | H5: 17075.344 | I5: 16272.28 | J5: 23944.014 | K5: 11018.514 | L5: 18556.822 | M5: 16471.058 | N5: 36360.091 | O5: 30229.56 | P5: 32058.269 | Q5: 26966.459 | R5: 41694.913 | S5: 61241.837 | T5: 53411.18 | U5: 85660.666 | V5: 132567.35 | W5: 120043.19 | X5: 132750.27 | Y5: 82865.073 | Z5: 186179.06 | AA5: 129768.56 | AB5: 137692.11 | AC5: 368943.35 | AD5: 104566.78 | AE5: 69658.746 | AF5: 70731.487 | AG5: 138839.36 | AH5: 86606.11 | AI5: 106008.09 | AJ5: 126297.1 | AK5: 210674.79 | AL5: 146104.64 | AM5: 159152.98 | AN5: 160563.2 | AO5: 178832.91 | AP5: 151587.99 | AQ5: 154586.13 | AR5: 322806.26 | AS5: 400433.23 | AT5: 680676.74 | AU5: 590272.41 | AV5: 235503.2 | AW5: 315947.53 | AX5: 177646.89 | AY5: 560906.11 | AZ5: 460162.77 | BA5: 361660.73 | BB5: 759253.05 | BC5: 628568.63 | BD5: 444886.19 | BE5: 591941.24 | BF5: 427112.13 | BG5: 510482.87 | BH5: 393535.06 | BI5: 482027.81 | BJ5: 318056.06 | BK5: 757819.74 | BL5: 816424.32 | BM5: 758107.05 | BN5: 615377.43 | BO5: 429685.08 | BP5: 242.096 | BQ5: 159240.57 | BR5: 72164.357 | BS5: 290851.05 | BT5: 13286.096 | BU5: 16674.25 | BV5: 18060.134
A6: Dosidicus gigas | B6: Jumbo flying squid | C6: Cephalopods | D6: Other fishes & inverts | E6: 18.598 | F6: 11.746 | G6: 29.366 | H6: 19.577 | I6: 35.229 | J6: 17.619 | K6: 47.964 | L6: 109.592 | M6: 178.141 | N6: 271.142 | O6: 404.265 | P6: 589.485 | Q6: 3590.237 | R6: 4056.639 | S6: 4637.752 | T6: 897.227 | U6: 1081.133 | V6: 2183.367 | W6: 1976.037 | X6: 1926.228 | Y6: 2314.499 | Z6: 2364.943 | AA6: 973.396 | AB6: 3234.415 | AC6: 3708.553 | AD6: 2232.172 | AE6: 3612.455 | AF6: 6060.031 | AG6: 8338.934 | AH6: 3565.222 | AI6: 3883.272 | AJ6: 1793.358 | AK6: 2248.427 | AL6: 857.456 | AM6: 2237.948 | AN6: 1693.773 | AO6: 2720.516 | AP6: 1349.107 | AQ6: 3699.622 | AR6: 6929.448 | AS6: 14077.28 | AT6: 91784.006 | AU6: 136478.3 | AV6: 176654.94 | AW6: 247110.18 | AX6: 134154.41 | AY6: 41623.42 | AZ6: 36808.91 | BA6: 9091.155 | BB6: 110593.3 | BC6: 163537.35 | BD6: 196311.39 | BE6: 288792.26 | BF6: 485973.05 | BG6: 655155.81 | BH6: 745654.73 | BI6: 857240.54 | BJ6: 651864.16 | BK6: 855230.95 | BL6: 635411.92 | BM6: 622147.38 | BN6: 766836.47 | BO6: 859867.84 | BP6: 772406.59 | BQ6: 971546.41 | BR6: 914203.22 | BS6: 683829.47 | BT6: 607661.31 | BU6: 695433.58 | BV6: 759913.37
A7: Scomber japonicus | B7: Pacific chub mackerel | C7: Medium pelagics (30 - 89 cm) | D7: Perch-likes | E7: 2519.096 | F7: 1205.012 | G7: 3613.153 | H7: 2080.839 | I7: 3831.469 | J7: 1406.159 | K7: 3998.361 | L7: 9304.071 | M7: 13622.897 | N7: 10164.09 | O7: 9933.496 | P7: 12362.652 | Q7: 14061.024 | R7: 8355.323 | S7: 2114.839 | T7: 4024.266 | U7: 7991.551 | V7: 14101.629 | W7: 7586.286 | X7: 7587.313 | Y7: 9264.229 | Z7: 10633.926 | AA7: 9154.979 | AB7: 69217.025 | AC7: 67633.451 | AD7: 25286.448 | AE7: 139801.66 | AF7: 317905.3 | AG7: 465091.13 | AH7: 214245.05 | AI7: 163393.02 | AJ7: 144478.81 | AK7: 58701.524 | AL7: 41698.719 | AM7: 204953.8 | AN7: 80830.56 | AO7: 43448.412 | AP7: 57549.484 | AQ7: 54800.932 | AR7: 93253.599 | AS7: 293978.92 | AT7: 220779.52 | AU7: 89354.908 | AV7: 123471.53 | AW7: 72724.616 | AX7: 152030.84 | AY7: 192008.29 | AZ7: 417487.2 | BA7: 486493.41 | BB7: 662729.79 | BC7: 167480.35 | BD7: 533922.44 | BE7: 51169.298 | BF7: 644862.6 | BG7: 616558.41 | BH7: 323932.18 | BI7: 460406.61 | BJ7: 349908.18 | BK7: 225325.6 | BL7: 268144.39 | BM7: 115404.41 | BN7: 74243.564 | BO7: 195133.85 | BP7: 106665.17 | BQ7: 391410.44 | BR7: 101771.27 | BS7: 240034.14 | BT7: 187987.2 | BU7: 137659.57 | BV7: 147607.05
A8: Marine fishes not identified | B8: Marine fishes nei | C8: Medium demersals (30 - 89 cm) | D8: Other fishes & inverts | E8: 11265.589 | F8: 13020.736 | G8: 14159.799 | H8: 12346.07 | I8: 15933.829 | J8: 17913.988 | K8: 16148.9 | L8: 16495.312 | M8: 19046.473 | N8: 18638.906 | O8: 20500.125 | P8: 15272.512 | Q8: 72407.426 | R8: 629990.93 | S8: 921868.46 | T8: 16681.662 | U8: 42394.093 | V8: 47348.101 | W8: 27978.246 | X8: 20265.245 | Y8: 70814.217 | Z8: 19227.468 | AA8: 34583.043 | AB8: 225307.46 | AC8: 52326.634 | AD8: 81363.335 | AE8: 52483.07 | AF8: 116367.81 | AG8: 120698.01 | AH8: 62073.512 | AI8: 63196.186 | AJ8: 53308.948 | AK8: 47569.749 | AL8: 84722.382 | AM8: 76479.318 | AN8: 65700.66 | AO8: 133274.53 | AP8: 69337.516 | AQ8: 63362.517 | AR8: 157861.04 | AS8: 178124.86 | AT8: 135906.34 | AU8: 90708.752 | AV8: 111968.14 | AW8: 73080.305 | AX8: 133343.82 | AY8: 120665.2 | AZ8: 163744.98 | BA8: 474518.38 | BB8: 243513.07 | BC8: 156559.29 | BD8: 207438.76 | BE8: 100188.43 | BF8: 118422.75 | BG8: 134033.1 | BH8: 238351.58 | BI8: 206503.61 | BJ8: 217743.38 | BK8: 208879.97 | BL8: 210040.77 | BM8: 172020.25 | BN8: 194353.78 | BO8: 177195.93 | BP8: 215767.16 | BQ8: 206401.85 | BR8: 116792.39 | BS8: 136733.77 | BT8: 70543.657 | BU8: 72245.071 | BV8: 172560.57
A9: Merluccius peruanus | B9: Peruvian hake | C9: Medium bathydemersals (30 - 89 cm) | D9: Cod-likes | E9: 0 | F9: 0 | G9: 0 | H9: 24.522 | I9: 11.77 | J9: 16.675 | K9: 6.866 | L9: 12.751 | M9: 17.655 | N9: 0 | O9: 0 | P9: 0 | Q9: 0 | R9: 0 | S9: 0 | T9: 1269.402 | U9: 673.54 | V9: 23179.52 | W9: 21148.182 | X9: 18074.624 | Y9: 20335.073 | Z9: 32134.822 | AA9: 14879.165 | AB9: 156891.56 | AC9: 129061.3 | AD9: 100224.03 | AE9: 109557.78 | AF9: 126051.27 | AG9: 358310.14 | AH9: 109711.1 | AI9: 188085.78 | AJ9: 81783.425 | AK9: 31269.462 | AL9: 6886.501 | AM9: 14288.186 | AN9: 21683.922 | AO9: 45965.416 | AP9: 37793.877 | AQ9: 93074.31 | AR9: 103862.26 | AS9: 150235.76 | AT9: 86116.299 | AU9: 35895.346 | AV9: 104724.6 | AW9: 160177.14 | AX9: 213887.49 | AY9: 277426.82 | AZ9: 210074.55 | BA9: 97268.295 | BB9: 43967.441 | BC9: 98551.443 | BD9: 148191.61 | BE9: 54855.927 | BF9: 9167.804 | BG9: 46225.962 | BH9: 37039.053 | BI9: 35379.871 | BJ9: 37690.158 | BK9: 41287.558 | BL9: 54994.1 | BM9: 48794.589 | BN9: 44547.236 | BO9: 39820.635 | BP9: 65074.846 | BQ9: 76505.182 | BR9: 67910.595 | BS9: 86697.842 | BT9: 95190.469 | BU9: 90240.838 | BV9: 63732.511
A10: Merluccius gayi | B10: South Pacific hake | C10: Medium bathydemersals (30 - 89 cm) | D10: Cod-likes | E10: 35174.91 | F10: 45901.178 | G10: 69336.091 | H10: 65978.318 | I10: 56807.325 | J10: 87504.77 | K10: 74439.066 | L10: 72073.579 | M10: 69686.807 | N10: 67413.118 | O10: 74658.713 | P10: 70752.132 | Q10: 87250.865 | R10: 94733.107 | S10: 67977.392 | T10: 96751.182 | U10: 86913.429 | V10: 72780.759 | W10: 117932.71 | X10: 73631.696 | Y10: 97344.331 | Z10: 61002.102 | AA10: 88096.882 | AB10: 81225.2 | AC10: 40512.836 | AD10: 58797.901 | AE10: 28944.562 | AF10: 66971.332 | AG10: 67370.832 | AH10: 32734.489 | AI10: 31683.015 | AJ10: 37020.523 | AK10: 35418.337 | AL10: 51134.626 | AM10: 39225.787 | AN10: 35480.357 | AO10: 34221.953 | AP10: 117994.95 | AQ10: 56700.854 | AR10: 74578.643 | AS10: 103528.37 | AT10: 76752.442 | AU10: 73487.296 | AV10: 72598.291 | AW10: 80562.068 | AX10: 88193.871 | AY10: 96717.574 | AZ10: 85518.465 | BA10: 70545.44 | BB10: 83235.587 | BC10: 71638.674 | BD10: 97806.802 | BE10: 30004.709 | BF10: 91964.084 | BG10: 63456.297 | BH10: 44837.79 | BI10: 44385.357 | BJ10: 42374.729 | BK10: 40659.394 | BL10: 40295.873 | BM10: 40195.176 | BN10: 70263.68 | BO10: 65711.418 | BP10: 46952.246 | BQ10: 48063.782 | BR10: 20822.398 | BS10: 22122.227 | BT10: 23997.435 | BU10: 25183.916 | BV10: 28557.488
A11: Macruronus magellanicus | B11: Patagonian grenadier | C11: Large benthopelagics (>=90 cm) | D11: Cod-likes | E11: 0 | F11: 0 | G11: 0 | H11: 0 | I11: 0 | J11: 0 | K11: 0 | L11: 0 | M11: 0 | N11: 0 | O11: 0 | P11: 0 | Q11: 0 | R11: 0 | S11: 0 | T11: 0 | U11: 0 | V11: 0 | W11: 0 | X11: 0 | Y11: 0 | Z11: 0 | AA11: 0 | AB11: 0 | AC11: 0 | AD11: 0 | AE11: 0 | AF11: 0 | AG11: 35.487 | AH11: 293.484 | AI11: 17609.979 | AJ11: 22697.988 | AK11: 17663.688 | AL11: 21585.436 | AM11: 25691.33 | AN11: 1703.356 | AO11: 35564.274 | AP11: 35714.852 | AQ11: 202967.93 | AR11: 218092.88 | AS11: 122766.33 | AT11: 157960.39 | AU11: 205557.49 | AV11: 79202.226 | AW11: 77984.172 | AX11: 198277.95 | AY11: 360089.11 | AZ11: 68555.291 | BA11: 339696.79 | BB11: 297227.98 | BC11: 86682.224 | BD11: 155452.35 | BE11: 6181.38 | BF11: 82382.591 | BG11: 68265.643 | BH11: 76492.777 | BI11: 70417.857 | BJ11: 61091.598 | BK11: 70557.885 | BL11: 75231.564 | BM11: 71289.676 | BN11: 0 | BO11: 0 | BP11: 0 | BQ11: 0 | BR11: 9776.518 | BS11: 8967.537 | BT11: 3656.492 | BU11: 3854.962 | BV11: 2182.201
A12: Sarda chiliensis | B12: Eastern Pacific bonito | C12: Medium pelagics (30 - 89 cm) | D12: Tuna & billfishes | E12: 44696.628 | F12: 62305.13 | G12: 64336.802 | H12: 52525.374 | I12: 64432.691 | J12: 89602.275 | K12: 98460.855 | L12: 68139.098 | M12: 78136.981 | N12: 94760.862 | O12: 110505.38 | P12: 121592.76 | Q12: 103476.3 | R12: 104305.23 | S12: 97316.076 | T12: 83229.517 | U12: 94821.061 | V12: 81473.06 | W12: 65896.961 | X12: 75877.501 | Y12: 69704.475 | Z12: 83675.266 | AA12: 126011.06 | AB12: 43836.304 | AC12: 10834.793 | AD12: 5861.023 | AE12: 5189.303 | AF12: 13031.17 | AG12: 10920.406 | AH12: 10410.432 | AI12: 10825.342 | AJ12: 13358.227 | AK12: 25308.045 | AL12: 31519.98 | AM12: 32111.488 | AN12: 11300.567 | AO12: 5854.531 | AP12: 21739.573 | AQ12: 38590.11 | AR12: 29572.427 | AS12: 44581.962 | AT12: 28896.305 | AU12: 39422.438 | AV12: 41871.814 | AW12: 35204.476 | AX12: 31753.06 | AY12: 25849.265 | AZ12: 19890.902 | BA12: 6510.872 | BB12: 1534.966 | BC12: 539.913 | BD12: 1467.918 | BE12: 988.638 | BF12: 2469.446 | BG12: 1658.338 | BH12: 3397 | BI12: 14500.112 | BJ12: 10522.728 | BK12: 46611.658 | BL12: 33881.481 | BM12: 14824.778 | BN12: 16143.383 | BO12: 26736.237 | BP12: 42359.607 | BQ12: 45705.083 | BR12: 107182.21 | BS12: 90844.043 | BT12: 111900.85 | BU12: 91096.552 | BV12: 91729.877
... A124: Tegula atra | B124: Smooth black trochid | C124: Other demersal invertebrates | D124: Molluscs | E124: 0 | F124: 0 | G124: 0 | H124: 0 | I124: 0 | J124: 0 | K124: 0 | L124: 0 | M124: 0 | N124: 0 | O124: 0 | P124: 0 | Q124: 0 | R124: 0 | S124: 0 | T124: 0 | U124: 0 | V124: 0 | W124: 0 | X124: 0 | Y124: 0 | Z124: 0 | AA124: 0 | AB124: 0 | AC124: 0 | AD124: 0 | AE124: 0 | AF124: 0 | AG124: 0 | AH124: 0 | AI124: 0 | AJ124: 0 | AK124: 0 | AL124: 0 | AM124: 0 | AN124: 0 | AO124: 0 | AP124: 0 | AQ124: 0 | AR124: 0 | AS124: 0 | AT124: 0 | AU124: 0 | AV124: 0 | AW124: 0 | AX124: 0 | AY124: 0 | AZ124: 0 | BA124: 0 | BB124: 0 | BC124: 0 | BD124: 0 | BE124: 0 | BF124: 0 | BG124: 0 | BH124: 0 | BI124: 0 | BJ124: 0 | BK124: 0 | BL124: 0 | BM124: 0 | BN124: 236.39 | BO124: 3525.516 | BP124: 22.343 | BQ124: 618.68 | BR124: 47.018 | BS124: 64.115 | BT124: 34.416 | BU124: 34.475 | BV124: 24.211
A125: Fissurella latimarginata | C125: Other demersal invertebrates | D125: Molluscs | E125: 0 | F125: 0 | G125: 0 | H125: 0 | I125: 0 | J125: 0 | K125: 0 | L125: 0 | M125: 0 | N125: 0 | O125: 0 | P125: 0 | Q125: 0 | R125: 0 | S125: 0 | T125: 0 | U125: 0 | V125: 0 | W125: 0 | X125: 0 | Y125: 0 | Z125: 0 | AA125: 0 | AB125: 0 | AC125: 0 | AD125: 0 | AE125: 0 | AF125: 0 | AG125: 0 | AH125: 0 | AI125: 0 | AJ125: 0 | AK125: 0 | AL125: 0 | AM125: 0 | AN125: 0 | AO125: 0 | AP125: 0 | AQ125: 0 | AR125: 0 | AS125: 0 | AT125: 0 | AU125: 0 | AV125: 0 | AW125: 0 | AX125: 0 | AY125: 0 | AZ125: 0 | BA125: 0 | BB125: 0 | BC125: 0 | BD125: 0 | BE125: 0 | BF125: 0 | BG125: 0 | BH125: 0 | BI125: 0 | BJ125: 0 | BK125: 0 | BL125: 0 | BM125: 0 | BN125: 110.707 | BO125: 596.413 | BP125: 245.915 | BQ125: 732.074 | BR125: 656.412 | BS125: 744.295 | BT125: 615.669 | BU125: 484.61 | BV125: 274.479
A126: Athyonidium chilensis | B126: Burrowing shaggy sea cucumber | C126: Other demersal invertebrates | D126: Other fishes & inverts | E126: 0 | F126: 0 | G126: 0 | H126: 0 | I126: 0 | J126: 0 | K126: 0 | L126: 0 | M126: 0 | N126: 0 | O126: 0 | P126: 0 | Q126: 0 | R126: 0 | S126: 0 | T126: 0 | U126: 0 | V126: 0 | W126: 0 | X126: 0 | Y126: 0 | Z126: 0 | AA126: 0 | AB126: 0 | AC126: 0 | AD126: 0 | AE126: 0 | AF126: 0 | AG126: 0 | AH126: 0 | AI126: 0 | AJ126: 0 | AK126: 0 | AL126: 0 | AM126: 0 | AN126: 0 | AO126: 0 | AP126: 0 | AQ126: 0 | AR126: 0 | AS126: 0 | AT126: 0 | AU126: 0 | AV126: 0 | AW126: 0 | AX126: 0 | AY126: 0 | AZ126: 0 | BA126: 0 | BB126: 0 | BC126: 0 | BD126: 0 | BE126: 0 | BF126: 0 | BG126: 0 | BH126: 0 | BI126: 0 | BJ126: 0 | BK126: 0 | BL126: 0 | BM126: 0 | BN126: 382.992 | BO126: 1792.14 | BP126: 40.865 | BQ126: 142.345 | BR126: 0 | BS126: 222.584 | BT126: 441.922 | BU126: 911.395 | BV126: 246.587
A127: Paralichthys | B127: Paralichthyid flounders | C127: Small to medium flatfishes (<90 cm) | D127: Flatfishes | E127: 0 | F127: 0 | G127: 0 | H127: 0 | I127: 0 | J127: 0 | K127: 0 | L127: 0 | M127: 0 | N127: 0 | O127: 0 | P127: 0 | Q127: 0 | R127: 0 | S127: 0 | T127: 0 | U127: 0 | V127: 0 | W127: 0 | X127: 0 | Y127: 0 | Z127: 0 | AA127: 0 | AB127: 0 | AC127: 0 | AD127: 0 | AE127: 0 | AF127: 0 | AG127: 0 | AH127: 0 | AI127: 0 | AJ127: 0 | AK127: 0 | AL127: 0 | AM127: 0 | AN127: 0 | AO127: 0 | AP127: 0 | AQ127: 0 | AR127: 0 | AS127: 0 | AT127: 0 | AU127: 0 | AV127: 0 | AW127: 0 | AX127: 0 | AY127: 0 | AZ127: 0 | BA127: 0 | BB127: 0 | BC127: 0 | BD127: 0 | BE127: 3.644 | BF127: 31.704 | BG127: 0 | BH127: 9.828 | BI127: 0 | BJ127: 0 | BK127: 39.753 | BL127: 0 | BM127: 27.532 | BN127: 654.494 | BO127: 0 | BP127: 0 | BQ127: 3210.917 | BR127: 0 | BS127: 0 | BT127: 12.412 | BU127: 5.729 | BV127: 2.864
A128: Fissurella cumingi | B128: keyhole limpet | C128: Other demersal invertebrates | D128: Molluscs | E128: 0 | F128: 0 | G128: 0 | H128: 0 | I128: 0 | J128: 0 | K128: 0 | L128: 0 | M128: 0 | N128: 0 | O128: 0 | P128: 0 | Q128: 0 | R128: 0 | S128: 0 | T128: 0 | U128: 0 | V128: 0 | W128: 0 | X128: 0 | Y128: 0 | Z128: 0 | AA128: 0 | AB128: 0 | AC128: 0 | AD128: 0 | AE128: 0 | AF128: 0 | AG128: 0 | AH128: 0 | AI128: 0 | AJ128: 0 | AK128: 0 | AL128: 0 | AM128: 0 | AN128: 0 | AO128: 0 | AP128: 0 | AQ128: 0 | AR128: 0 | AS128: 0 | AT128: 0 | AU128: 0 | AV128: 0 | AW128: 0 | AX128: 0 | AY128: 0 | AZ128: 0 | BA128: 0 | BB128: 0 | BC128: 0 | BD128: 0 | BE128: 0 | BF128: 0 | BG128: 0 | BH128: 0 | BI128: 0 | BJ128: 0 | BK128: 0 | BL128: 0 | BM128: 0 | BN128: 31.169 | BO128: 3483.209 | BP128: 13.552 | BQ128: 13.326 | BR128: 44.288 | BS128: 16.203 | BT128: 7.716 | BU128: 25.652 | BV128: 15.938
A129: Penaeus californiensis | B129: Yellowleg shrimp | C129: Shrimps | D129: Crustaceans | E129: 0 | F129: 0 | G129: 0 | H129: 0 | I129: 0 | J129: 0 | K129: 0 | L129: 0 | M129: 0 | N129: 0 | O129: 0 | P129: 0 | Q129: 0 | R129: 0 | S129: 0 | T129: 0 | U129: 0 | V129: 0 | W129: 0 | X129: 0 | Y129: 0 | Z129: 0 | AA129: 0 | AB129: 0 | AC129: 0 | AD129: 0 | AE129: 0 | AF129: 0 | AG129: 0 | AH129: 0 | AI129: 0 | AJ129: 0 | AK129: 0 | AL129: 0 | AM129: 0 | AN129: 0 | AO129: 0 | AP129: 0 | AQ129: 0 | AR129: 0 | AS129: 0 | AT129: 0 | AU129: 0 | AV129: 0 | AW129: 0 | AX129: 0 | AY129: 0 | AZ129: 0 | BA129: 0 | BB129: 0 | BC129: 0 | BD129: 0 | BE129: 0 | BF129: 0 | BG129: 0 | BH129: 0 | BI129: 0 | BJ129: 0 | BK129: 0 | BL129: 0 | BM129: 0 | BN129: 0 | BO129: 0 | BP129: 0 | BQ129: 0 | BR129: 0 | BS129: 0 | BT129: 0 | BU129: 0 | BV129: 2903.747
A130: Ovalipes trimaculatus | B130: Rowing crab | C130: Lobsters, crabs | D130: Crustaceans | E130: 0 | F130: 0 | G130: 0 | H130: 0 | I130: 0 | J130: 0 | K130: 0 | L130: 0 | M130: 0 | N130: 0 | O130: 0 | P130: 0 | Q130: 0 | R130: 0 | S130: 0 | T130: 0 | U130: 0 | V130: 0 | W130: 0 | X130: 0 | Y130: 0 | Z130: 0 | AA130: 0 | AB130: 0 | AC130: 0 | AD130: 0 | AE130: 0 | AF130: 0 | AG130: 0 | AH130: 0 | AI130: 0 | AJ130: 0 | AK130: 0 | AL130: 0 | AM130: 0 | AN130: 0 | AO130: 0 | AP130: 0 | AQ130: 0 | AR130: 0 | AS130: 0 | AT130: 0 | AU130: 0 | AV130: 0 | AW130: 0 | AX130: 0 | AY130: 0 | AZ130: 0 | BA130: 0 | BB130: 0 | BC130: 0 | BD130: 0 | BE130: 0 | BF130: 0 | BG130: 0 | BH130: 0 | BI130: 0 | BJ130: 0 | BK130: 0 | BL130: 0 | BM130: 0 | BN130: 530.878 | BO130: 1364.314 | BP130: 59.211 | BQ130: 73.116 | BR130: 197.369 | BS130: 195.224 | BT130: 89.125 | BU130: 201.477 | BV130: 165.706
A131: Galeorhinus galeus | B131: Tope shark | C131: Large sharks (>=90 cm) | D131: Sharks & rays | E131: 32.611 | F131: 26.089 | G131: 29.815 | H131: 4.659 | I131: 5.59 | J131: 40.996 | K131: 35.406 | L131: 15.839 | M131: 13.976 | N131: 18.635 | O131: 7.454 | P131: 27.952 | Q131: 3.727 | R131: 5.59 | S131: 45.655 | T131: 52.177 | U131: 29.815 | V131: 22.362 | W131: 20.498 | X131: 16.771 | Y131: 24.225 | Z131: 8.386 | AA131: 8.386 | AB131: 22.362 | AC131: 16.771 | AD131: 9.317 | AE131: 16.771 | AF131: 5.59 | AG131: 61.494 | AH131: 50.24 | AI131: 307.992 | AJ131: 33.947 | AK131: 11.049 | AL131: 4.659 | AM131: 0 | AN131: 0 | AO131: 41.928 | AP131: 57.009 | AQ131: 59.747 | AR131: 50.808 | AS131: 23.293 | AT131: 10.249 | AU131: 46.03 | AV131: 86.784 | AW131: 66.153 | AX131: 20.498 | AY131: 47.518 | AZ131: 28.884 | BA131: 49.382 | BB131: 17.703 | BC131: 53.109 | BD131: 45.958 | BE131: 51.245 | BF131: 24.225 | BG131: 47.518 | BH131: 47.518 | BI131: 32.611 | BJ131: 42.86 | BK131: 16.771 | BL131: 39.474 | BM131: 18.635 | BN131: 102.69 | BO131: 59.611 | BP131: 66.927 | BQ131: 126.102 | BR131: 43.791 | BS131: 65.221 | BT131: 45.655 | BU131: 34.474 | BV131: 24.011
A132: Thunnus alalunga | B132: Albacore | C132: Large pelagics (>=90 cm) | D132: Tuna & billfishes | E132: 0 | F132: 0 | G132: 0 | H132: 0 | I132: 27.213 | J132: 0.285 | K132: 0 | L132: 0.219 | M132: 0 | N132: 0.041 | O132: 0.306 | P132: 0.534 | Q132: 0.613 | R132: 2.397 | S132: 0.79 | T132: 0.25 | U132: 0 | V132: 113.712 | W132: 25.269 | X132: 53.298 | Y132: 46.168 | Z132: 0.217 | AA132: 0.367 | AB132: 0.322 | AC132: 0.567 | AD132: 0.496 | AE132: 15.078 | AF132: 31.961 | AG132: 3.614 | AH132: 16.859 | AI132: 72.651 | AJ132: 43.173 | AK132: 2.4 | AL132: 2.432 | AM132: 28.883 | AN132: 203.898 | AO132: 0.128 | AP132: 3.777 | AQ132: 0 | AR132: 108.468 | AS132: 384.095 | AT132: 213.824 | AU132: 25.044 | AV132: 64.309 | AW132: 28.267 | AX132: 50.444 | AY132: 60.41 | AZ132: 16.316 | BA132: 81.596 | BB132: 18.13 | BC132: 8.854 | BD132: 107.819 | BE132: 9.207 | BF132: 44.188 | BG132: 78.166 | BH132: 24.342 | BI132: 26.161 | BJ132: 55.882 | BK132: 16.425 | BL132: 48.317 | BM132: 7.588 | BN132: 4.597 | BO132: 9.406 | BP132: 6.249 | BQ132: 20.287 | BR132: 57.133 | BS132: 53.448 | BT132: 138.527 | BU132: 69.163 | BV132: 40.396
A133: Carangidae | B133: Jacks, pompanos | C133: Medium pelagics (30 - 89 cm) | D133: Perch-likes | E133: 0 | F133: 0 | G133: 0 | H133: 0 | I133: 0 | J133: 0 | K133: 0 | L133: 0 | M133: 0 | N133: 0.173 | O133: 14.008 | P133: 14.718 | Q133: 36.174 | R133: 40.631 | S133: 87.841 | T133: 126.103 | U133: 98.573 | V133: 224.529 | W133: 40.993 | X133: 18.55 | Y133: 11.46 | Z133: 14.065 | AA133: 7.278 | AB133: 37.235 | AC133: 3.985 | AD133: 0 | AE133: 121.214 | AF133: 7.716 | AG133: 2.973 | AH133: 5.665 | AI133: 22.51 | AJ133: 0.539 | AK133: 1.258 | AL133: 71.743 | AM133: 0.484 | AN133: 1.286 | AO133: 0 | AP133: 0 | AQ133: 16.083 | AR133: 0.173 | AS133: 0.011 | AT133: 2.807 | AU133: 75.115 | AV133: 173.031 | AW133: 74.974 | AX133: 18.95 | AY133: 23.848 | AZ133: 14.466 | BA133: 87.194 | BB133: 16.585 | BC133: 1.141 | BD133: 71.667 | BE133: 8.095 | BF133: 23.913 | BG133: 23.081 | BH133: 75.187 | BI133: 24.534 | BJ133: 34.823 | BK133: 20.432 | BL133: 40.023 | BM133: 10.045 | BN133: 24.474 | BO133: 17.393 | BP133: 11.27 | BQ133: 20.539 | BR133: 83.817 | BS133: 91.012 | BT133: 228.764 | BU133: 39.29 | BV133: 139.912
A134: Miscellaneous marine crustaceans | B134: Marine crabs, shrimps, lobsters nei | C134: Shrimps | D134: Crustaceans | E134: 0 | F134: 0 | G134: 0 | H134: 0 | I134: 0 | J134: 0 | K134: 0 | L134: 0 | M134: 0 | N134: 0 | O134: 0 | P134: 0 | Q134: 0 | R134: 0 | S134: 0 | T134: 0 | U134: 0 | V134: 0 | W134: 0 | X134: 0 | Y134: 0 | Z134: 0 | AA134: 0 | AB134: 0 | AC134: 0 | AD134: 0 | AE134: 0 | AF134: 0 | AG134: 0 | AH134: 0 | AI134: 0 | AJ134: 0 | AK134: 0 | AL134: 275.595 | AM134: 1.168 | AN134: 0 | AO134: 1.168 | AP134: 0 | AQ134: 0 | AR134: 0 | AS134: 5.862 | AT134: 0 | AU134: 179.615 | AV134: 27.285 | AW134: 1.191 | AX134: 0 | AY134: 1.2 | AZ134: 0 | BA134: 1.209 | BB134: 68.647 | BC134: 100.989 | BD134: 0 | BE134: 0 | BF134: 0 | BG134: 0 | BH134: 373.818 | BI134: 0 | BJ134: 1.251 | BK134: 17.581 | BL134: 291.165 | BM134: 1110.748 | BN134: 0 | BO134: 2.238 | BP134: 15.668 | BQ134: 0 | BR134: 0 | BS134: 0 | BT134: 0 | BU134: 0 | BV134: 23.851
A135: Enteroctopus megalocyathus | B135: Patagonian giant octopus | C135: Cephalopods | D135: Other fishes & inverts | E135: 0 | F135: 0 | G135: 0 | H135: 0 | I135: 0 | J135: 0 | K135: 0 | L135: 0 | M135: 0 | N135: 0 | O135: 0 | P135: 0 | Q135: 0 | R135: 0 | S135: 0 | T135: 0 | U135: 0 | V135: 0 | W135: 0 | X135: 0 | Y135: 0 | Z135: 0 | AA135: 0 | AB135: 0 | AC135: 0 | AD135: 0 | AE135: 0 | AF135: 0 | AG135: 0 | AH135: 0 | AI135: 0 | AJ135: 0 | AK135: 0 | AL135: 0 | AM135: 0 | AN135: 0 | AO135: 0 | AP135: 0 | AQ135: 0 | AR135: 0 | AS135: 0 | AT135: 0 | AU135: 0 | AV135: 0 | AW135: 0 | AX135: 0 | AY135: 0 | AZ135: 0 | BA135: 0 | BB135: 0 | BC135: 0 | BD135: 0 | BE135: 0 | BF135: 0 | BG135: 0 | BH135: 0 | BI135: 0 | BJ135: 0 | BK135: 0 | BL135: 0 | BM135: 0 | BN135: 0 | BO135: 0 | BP135: 0 | BQ135: 0 | BR135: 0 | BS135: 0 | BT135: 713.992 | BU135: 572.165 | BV135: 801.419
A136: Istiophoridae | B136: Billfishes | C136: Large pelagics (>=90 cm) | D136: Tuna & billfishes | E136: 0 | F136: 0 | G136: 0 | H136: 0 | I136: 0.08 | J136: 0.124 | K136: 0 | L136: 0.299 | M136: 0 | N136: 0 | O136: 0 | P136: 0 | Q136: 0 | R136: 0 | S136: 0 | T136: 0 | U136: 0 | V136: 112.007 | W136: 0 | X136: 18.426 | Y136: 11.399 | Z136: 0 | AA136: 6.388 | AB136: 18.479 | AC136: 1.864 | AD136: 0 | AE136: 39.537 | AF136: 4.113 | AG136: 1.287 | AH136: 2.546 | AI136: 11.053 | AJ136: 0 | AK136: 0 | AL136: 9.813 | AM136: 0.003 | AN136: 0 | AO136: 0 | AP136: 0.19 | AQ136: 6.764 | AR136: 0.005 | AS136: 11.332 | AT136: 5.685 | AU136: 53.956 | AV136: 135.915 | AW136: 39.342 | AX136: 22.508 | AY136: 19.541 | AZ136: 1.219 | BA136: 44.034 | BB136: 8.171 | BC136: 1.135 | BD136: 7.974 | BE136: 17.394 | BF136: 20.266 | BG136: 11.848 | BH136: 50.003 | BI136: 32.05 | BJ136: 54.062 | BK136: 308.631 | BL136: 41.077 | BM136: 302.132 | BN136: 114.698 | BO136: 69.892 | BP136: 32.104 | BQ136: 2.989 | BR136: 42.763 | BS136: 52.911 | BT136: 134.191 | BU136: 20.457 | BV136: 110.549
A137: Chrysaora plocamia | B137: South American sea nettle | C137: Jellyfish | D137: Other fishes & inverts | E137: 0 | F137: 0 | G137: 0 | H137: 0 | I137: 0 | J137: 0 | K137: 0 | L137: 0 | M137: 0 | N137: 0 | O137: 0 | P137: 0 | Q137: 0 | R137: 0 | S137: 0 | T137: 0 | U137: 0 | V137: 0 | W137: 0 | X137: 0 | Y137: 0 | Z137: 0 | AA137: 0 | AB137: 0 | AC137: 0 | AD137: 0 | AE137: 0 | AF137: 0 | AG137: 0 | AH137: 0 | AI137: 0 | AJ137: 0 | AK137: 0 | AL137: 0 | AM137: 0 | AN137: 0 | AO137: 0 | AP137: 0 | AQ137: 0 | AR137: 0 | AS137: 0 | AT137: 0 | AU137: 0 | AV137: 0 | AW137: 0 | AX137: 0 | AY137: 0 | AZ137: 0 | BA137: 0 | BB137: 0 | BC137: 0 | BD137: 0 | BE137: 0 | BF137: 0 | BG137: 0 | BH137: 0 | BI137: 0 | BJ137: 0 | BK137: 0 | BL137: 0 | BM137: 0 | BN137: 0 | BO137: 0 | BP137: 0 | BQ137: 0 | BR137: 0 | BS137: 1029.939 | BT137: 908.076 | BU137: 0 | BV137: 0
... A219: Caulolatilus princeps | B219: Ocean whitefish | C219: Medium reef assoc. fish (30 - 89 cm) | D219: Perch-likes | E219: 0 | F219: 0 | G219: 0 | H219: 0 | I219: 0 | J219: 0 | K219: 0 | L219: 0 | M219: 0 | N219: 0 | O219: 0 | P219: 0 | Q219: 0 | R219: 0 | S219: 0 | T219: 0 | U219: 0 | V219: 0 | W219: 0 | X219: 0 | Y219: 0 | Z219: 0 | AA219: 0 | AB219: 0 | AC219: 0 | AD219: 0 | AE219: 0 | AF219: 0 | AG219: 0 | AH219: 0 | AI219: 0 | AJ219: 0 | AK219: 0 | AL219: 0 | AM219: 0 | AN219: 0 | AO219: 0 | AP219: 0 | AQ219: 0 | AR219: 0 | AS219: 0 | AT219: 0 | AU219: 0 | AV219: 0 | AW219: 0 | AX219: 0 | AY219: 0 | AZ219: 0 | BA219: 0 | BB219: 0 | BC219: 0 | BD219: 0 | BE219: 0 | BF219: 0 | BG219: 0 | BH219: 0 | BI219: 0 | BJ219: 0 | BK219: 0 | BL219: 0 | BM219: 0 | BN219: 0 | BO219: 0 | BP219: 0 | BQ219: 0 | BR219: 0 | BS219: 0 | BT219: 0 | BU219: 0 | BV219: 0.081

Sheet Taxon-Group Map
A1: Which Ecopath group each catch taxon belongs to, and on what evidence.
A2: Several groups separated by | means the taxon spans them and its catch is apportioned; the weights used are in the next two columns.
A4: taxon | B4: common_name | C4: SAU functional group | D4: SAU commercial group | E4: Ecopath group | F4: weights | G4: weight basis | H4: confidence | I4: evidence | J4: catch tonnes | K4: % of catch | L4: explanation
A5: Engraulis ringens | B5: Anchoveta | C5: Small pelagics (<30 cm) | D5: Anchovies | E5: Anchovy | H5: high | I5: explicit_member | J5: 4.2989081e+08 | K5: 63.4058 | L5: Focal model adopts Tam et al. (2008) pp.353-354 membership (Chiaverano 2018 p.30); Engraulis ringens matches the printed species or recorded synonym. Peruvian hake spans three source size classes and uses fixed model catch weights.
A6: Sardinops sagax | B6: South American pilchard | C6: Medium pelagics (30 - 89 cm) | D6: Herring-likes | E6: Sardine | H6: high | I6: explicit_member | J6: 83222176 | K6: 12.2747 | L6: Focal model adopts Tam et al. (2008) pp.353-354 membership (Chiaverano 2018 p.30); Sardinops sagax matches the printed species or recorded synonym. Peruvian hake spans three source size classes and uses fixed model catch weights.
A7: Trachurus murphyi | B7: Chilean jack mackerel | C7: Medium pelagics (30 - 89 cm) | D7: Perch-likes | E7: Horse mackerel | H7: high | I7: inherited_model | J7: 66735664 | K7: 9.843 | L7: Focal model adopts Tam et al. (2008) pp.353-354 membership (Chiaverano 2018 p.30); Trachurus murphyi matches the printed species or recorded synonym. Peruvian hake spans three source size classes and uses fixed model catch weights.
A8: Clupeidae | B8: Herrings, sardines, menhadens | C8: Small pelagics (<30 cm) | D8: Herring-likes | E8: Sardine | Other small pelagic fish | F8: 0.965 | 0.035 | G8: explicit | H8: medium | I8: composite_split | J8: 16256966 | K8: 2.3978 | L8: Clupeidae spans the dedicated Sardinops sardine stock and other small planktivorous pelagics. Family-specific catch weights use identified Sardinops versus other clupeids, not all pelagic catch.
A9: Dosidicus gigas | B9: Jumbo flying squid | C9: Cephalopods | D9: Other fishes & inverts | E9: Jumbo squid | H9: high | I9: inherited_model | J9: 14273293 | K9: 2.1052 | L9: Focal model adopts Tam et al. (2008) pp.353-354 membership (Chiaverano 2018 p.30); Dosidicus gigas matches the printed species or recorded synonym. Peruvian hake spans three source size classes and uses fixed model catch weights.
A10: Scomber japonicus | B10: Pacific chub mackerel | C10: Medium pelagics (30 - 89 cm) | D10: Perch-likes | E10: Chub mackerel | H10: high | I10: inherited_model | J10: 10461891 | K10: 1.5431 | L10: Focal model adopts Tam et al. (2008) pp.353-354 membership (Chiaverano 2018 p.30); Scomber japonicus matches the printed species or recorded synonym. Peruvian hake spans three source size classes and uses fixed model catch weights.
A11: Marine fishes not identified | B11: Marine fishes nei | C11: Medium demersals (30 - 89 cm) | D11: Other fishes & inverts | E11: Small demersal fish | Medium demersal fish | Medium sciaenids | F11: 0.227 | 0.497 | 0.276 | G11: catch_composition | H11: low | I11: composite_split | J11: 8678083.7 | K11: 1.28 | L11: Analyst residual-catch composite, SAU Medium demersals (30 - 89 cm). Candidate residual groups are constrained by source habitat and Table E feeding guilds; dedicated stocks are excluded. Catch-composition weights are estimated, not a source species list.
A12: Merluccius peruanus | B12: Peruvian hake | C12: Medium bathydemersals (30 - 89 cm) | D12: Cod-likes | E12: Large hake | Medium hake | Small hake | F12: 0.037 | 0.038 | 0.925 | G12: model_catch | H12: medium | I12: composite_split | J12: 4467956.8 | K12: 0.659 | L12: Focal model adopts Tam et al. (2008) pp.353-354 membership (Chiaverano 2018 p.30); Merluccius peruanus matches the printed species or recorded synonym. Peruvian hake spans three source size classes and uses fixed model catch weights.
A13: Merluccius gayi | B13: South Pacific hake | C13: Medium bathydemersals (30 - 89 cm) | D13: Cod-likes | E13: Unresolved | H13: unresolved | I13: none | J13: 4414589.5 | K13: 0.6511 | L13: This is a southern/offshore demersal stock, not the explicitly modelled northern Peruvian hake Merluccius peruanus; the northern model has no corresponding named stock compartment.
A14: Macruronus magellanicus | B14: Patagonian grenadier | C14: Large benthopelagics (>=90 cm) | D14: Cod-likes | E14: Unresolved | H14: unresolved | I14: none | J14: 3359421.7 | K14: 0.4955 | L14: This is a southern/offshore demersal stock, not the explicitly modelled northern Peruvian hake Merluccius peruanus; the northern model has no corresponding named stock compartment.
A15: Sarda chiliensis | B15: Eastern Pacific bonito | C15: Medium pelagics (30 - 89 cm) | D15: Tuna & billfishes | E15: Other large pelagic fish | H15: high | I15: inherited_model | J15: 3285621 | K15: 0.4846 | L15: Focal model adopts Tam et al. (2008) pp.353-354 membership (Chiaverano 2018 p.30); Sarda chiliensis matches the printed species or recorded synonym. Peruvian hake spans three source size classes and uses fixed model catch weights.
A16: Normanichthys crockeri | B16: Mote sculpin | C16: Small demersals (<30 cm) | D16: Scorpionfishes | E16: Other small pelagic fish | H16: low | I16: analogue | J16: 1986528.6 | K16: 0.293 | L16: Analyst small schooling planktivorous/pelagic analogue to source Other small pelagic fish; the species is not in the source member list, and its SAU demersal/size class may differ.
A17: Loxechinus albus | B17: Chilean sea urchin | C17: Other demersal invertebrates | D17: Other fishes & inverts | E17: Macrobenthos | H17: medium | I17: taxonomic_containment | J17: 1756286.8 | K17: 0.259 | L17: Taxonomic/habitat containment in the single Macrobenthos pool, Tam (2008) p.353; no species list documents this exact taxon. Applying the northern pool to LME-wide benthic catches is an area transfer.
A18: Merluccius australis | B18: Southern hake | C18: Large benthopelagics (>=90 cm) | D18: Cod-likes | E18: Unresolved | H18: unresolved | I18: none | J18: 1545604.4 | K18: 0.228 | L18: This is a southern/offshore demersal stock, not the explicitly modelled northern Peruvian hake Merluccius peruanus; the northern model has no corresponding named stock compartment.
A19: Ethmidium maculatum | B19: Pacific menhaden | C19: Small pelagics (<30 cm) | D19: Herring-likes | E19: Other small pelagic fish | H19: medium | I19: analogue | J19: 1420567.9 | K19: 0.2095 | L19: Other small planktivorous clupeiform, compared with source Anchoa nasus (Tam 2008 p.353); distinct from the named Sardinops and Engraulis stocks. This is an ecological extension to LME-wide catches.
A20: Aulacomya atra | B20: Chilean ribbed mussel | C20: Other demersal invertebrates | D20: Molluscs | E20: Macrobenthos | H20: medium | I20: taxonomic_containment | J20: 1411623.6 | K20: 0.2082 | L20: Taxonomic/habitat containment in the single Macrobenthos pool, Tam (2008) p.353; no species list documents this exact taxon. Applying the northern pool to LME-wide benthic catches is an area transfer.
A21: Anchoa nasus | B21: Longnose anchovy | C21: Small pelagics (<30 cm) | D21: Anchovies | E21: Other small pelagic fish | H21: high | I21: inherited_model | J21: 1388525.9 | K21: 0.2048 | L21: Focal model adopts Tam et al. (2008) pp.353-354 membership (Chiaverano 2018 p.30); Anchoa nasus matches the printed species or recorded synonym. Peruvian hake spans three source size classes and uses fixed model catch weights.
A22: Strangomera bentincki | B22: Araucanian herring | C22: Small pelagics (<30 cm) | D22: Herring-likes | E22: Other small pelagic fish | H22: medium | I22: analogue | J22: 1335495.3 | K22: 0.197 | L22: Other small planktivorous clupeiform, compared with source Anchoa nasus (Tam 2008 p.353); distinct from the named Sardinops and Engraulis stocks. This is an ecological extension to LME-wide catches.
A23: Coryphaena hippurus | B23: Common dolphinfish | C23: Large pelagics (>=90 cm) | D23: Perch-likes | E23: Other large pelagic fish | H23: high | I23: inherited_model | J23: 1116395.3 | K23: 0.1647 | L23: Focal model adopts Tam et al. (2008) pp.353-354 membership (Chiaverano 2018 p.30); Coryphaena hippurus matches the printed species or recorded synonym. Peruvian hake spans three source size classes and uses fixed model catch weights.
A24: Grimothea monodon | B24: Squat Lobster | C24: Lobsters, crabs | D24: Crustaceans | E24: Macrobenthos | H24: medium | I24: taxonomic_containment | J24: 1085796.1 | K24: 0.1601 | L24: Taxonomic/habitat containment in the single Macrobenthos pool, Tam (2008) p.353; no species list documents this exact taxon. Applying the northern pool to LME-wide benthic catches is an area transfer.
... A36: Mesodesma donacium | B36: Macha clam | C36: Other demersal invertebrates | D36: Molluscs | E36: Macrobenthos | H36: medium | I36: taxonomic_containment | J36: 562635.74 | K36: 0.083 | L36: Taxonomic/habitat containment in the single Macrobenthos pool, Tam (2008) p.353; no species list documents this exact taxon. Applying the northern pool to LME-wide benthic catches is an area transfer.
A37: Sciaenidae | B37: Drums, croakers | C37: Medium demersals (30 - 89 cm) | D37: Perch-likes | E37: Small demersal fish | Medium sciaenids | F37: 0.451 | 0.549 | G37: catch_composition | H37: low | I37: composite_split | J37: 549931.3 | K37: 0.0811 | L37: Analyst sciaenid extension: source explicitly separates Ctenosciaena into Small demersal fish and a Medium sciaenids pool (Tam 2008 p.353); the family label spans both, named medium croakers use the latter.
A38: Gastropoda | B38: Sea snails | C38: Other demersal invertebrates | D38: Molluscs | E38: Macrobenthos | H38: medium | I38: taxonomic_containment | J38: 545506.35 | K38: 0.0805 | L38: Taxonomic/habitat containment in the single Macrobenthos pool, Tam (2008) p.353; no species list documents this exact taxon. Applying the northern pool to LME-wide benthic catches is an area transfer.
A39: Penaeidae | B39: Commercial shrimps and prawns | C39: Shrimps | D39: Crustaceans | E39: Macrobenthos | H39: medium | I39: taxonomic_containment | J39: 473288.84 | K39: 0.0698 | L39: Taxonomic/habitat containment in the single Macrobenthos pool, Tam (2008) p.353; no species list documents this exact taxon. Applying the northern pool to LME-wide benthic catches is an area transfer.
A40: Mustelus whitneyi | B40: Humpback smooth-hound | C40: Small to medium sharks (<90 cm) | D40: Sharks & rays | E40: Benthic elasmobranchs | H40: medium | I40: analogue | J40: 434523.7 | K40: 0.0641 | L40: Analyst habitat/feeding inference to benthic elasmobranchs or, for oceanic Mobula, the remaining Chondrichthyans pool (Tam 2008 pp.353-354; Table E separates benthivores from apex fish).
A41: Concholepas concholepas | B41: False abalone | C41: Other demersal invertebrates | D41: Molluscs | E41: Macrobenthos | H41: medium | I41: taxonomic_containment | J41: 403348.04 | K41: 0.0595 | L41: Taxonomic/habitat containment in the single Macrobenthos pool, Tam (2008) p.353; no species list documents this exact taxon. Applying the northern pool to LME-wide benthic catches is an area transfer.
A42: Mytilus chilensis | B42: Chilean mussel | C42: Other demersal invertebrates | D42: Molluscs | E42: Macrobenthos | H42: medium | I42: taxonomic_containment | J42: 369069.11 | K42: 0.0544 | L42: Taxonomic/habitat containment in the single Macrobenthos pool, Tam (2008) p.353; no species list documents this exact taxon. Applying the northern pool to LME-wide benthic catches is an area transfer.
A43: Thunnus albacares | B43: Yellowfin tuna | C43: Large pelagics (>=90 cm) | D43: Tuna & billfishes | E43: Other large pelagic fish | H43: high | I43: inherited_model | J43: 354412.64 | K43: 0.0523 | L43: Focal model adopts Tam et al. (2008) pp.353-354 membership (Chiaverano 2018 p.30); Thunnus albacares matches the printed species or recorded synonym. Peruvian hake spans three source size classes and uses fixed model catch weights.
A44: Cynoscion analis | B44: Peruvian weakfish | C44: Medium demersals (30 - 89 cm) | D44: Perch-likes | E44: Medium sciaenids | H44: medium | I44: analogue | J44: 331555.39 | K44: 0.0489 | L44: Analyst sciaenid extension: source explicitly separates Ctenosciaena into Small demersal fish and a Medium sciaenids pool (Tam 2008 p.353); the family label spans both, named medium croakers use the latter.
A45: Paralonchurus peruanus | B45: Peruvian banded croaker | C45: Medium demersals (30 - 89 cm) | D45: Perch-likes | E45: Medium sciaenids | H45: medium | I45: analogue | J45: 315461.87 | K45: 0.0465 | L45: Analyst sciaenid extension: source explicitly separates Ctenosciaena into Small demersal fish and a Medium sciaenids pool (Tam 2008 p.353); the family label spans both, named medium croakers use the latter.
A46: Thyrsites atun | B46: Snoek | C46: Large benthopelagics (>=90 cm) | D46: Perch-likes | E46: Unresolved | H46: unresolved | I46: none | J46: 310792.73 | K46: 0.0458 | L46: No documented source member or sufficiently supported feeding-guild analogue established for Thyrsites atun; source size/habitat labels alone do not resolve its placement.
A47: Heterocarpus reedi | B47: Chilean nylon shrimp | C47: Shrimps | D47: Crustaceans | E47: Macrobenthos | H47: medium | I47: taxonomic_containment | J47: 302770.32 | K47: 0.0447 | L47: Taxonomic/habitat containment in the single Macrobenthos pool, Tam (2008) p.353; no species list documents this exact taxon. Applying the northern pool to LME-wide benthic catches is an area transfer.
A48: Paralabrax humeralis | B48: Peruvian rock seabass | C48: Medium benthopelagics (30 - 89 cm) | D48: Perch-likes | E48: Medium demersal fish | H48: high | I48: inherited_model | J48: 295221.93 | K48: 0.0435 | L48: Focal model adopts Tam et al. (2008) pp.353-354 membership (Chiaverano 2018 p.30); Paralabrax humeralis matches the printed species or recorded synonym. Peruvian hake spans three source size classes and uses fixed model catch weights.
A49: Genypterus blacodes | B49: Pink cusk-eel | C49: Large bathydemersals (>=90 cm) | D49: Other fishes & inverts | E49: Unresolved | H49: unresolved | I49: none | J49: 277009.56 | K49: 0.0409 | L49: Source names Conger without a member list; snake eels and cusk-eels cannot be declared members from a shared eel-like shape, and the relevant demersal trophic analogue is not established.
A50: Malacostraca | B50: Lobsters, crabs, shrimps, krill | C50: Shrimps | D50: Crustaceans | E50: Macrobenthos | H50: medium | I50: taxonomic_containment | J50: 253611.19 | K50: 0.0374 | L50: Taxonomic/habitat containment in the single Macrobenthos pool, Tam (2008) p.353; no species list documents this exact taxon. Applying the northern pool to LME-wide benthic catches is an area transfer.
A51: Scombridae | B51: Mackerels, tunas, bonitos | C51: Medium pelagics (30 - 89 cm) | D51: Perch-likes | E51: Chub mackerel | Other large pelagic fish | F51: 0.690 | 0.310 | G51: explicit | H51: medium | I51: composite_split | J51: 252141.7 | K51: 0.0372 | L51: Scombrid aggregate spans dedicated chub mackerel and other large pelagic predatory fishes including tuna/bonito (Tam 2008 p.353); fixed composition uses the identified scombrid genera.
A52: Cilus gilberti | B52: Corvina drum | C52: Medium demersals (30 - 89 cm) | D52: Perch-likes | E52: Medium sciaenids | H52: medium | I52: analogue | J52: 243847.38 | K52: 0.036 | L52: Analyst sciaenid extension: source explicitly separates Ctenosciaena into Small demersal fish and a Medium sciaenids pool (Tam 2008 p.353); the family label spans both, named medium croakers use the latter.
A53: Pleuronectiformes | B53: Flatfishes | C53: Small to medium flatfishes (<90 cm) | D53: Flatfishes | E53: Flatfish | H53: high | I53: taxonomic_containment | J53: 241318.64 | K53: 0.0356 | L53: Flatfish taxon falls within the source Flatfish pool; examples Paralichthys and Hippoglossina are given in Tam (2008) p.353.
A54: Sprattus fuegensis | B54: Falkland sprat | C54: Small pelagics (<30 cm) | D54: Herring-likes | E54: Other small pelagic fish | H54: medium | I54: analogue | J54: 241204.89 | K54: 0.0356 | L54: Other small planktivorous clupeiform, compared with source Anchoa nasus (Tam 2008 p.353); distinct from the named Sardinops and Engraulis stocks. This is an ecological extension to LME-wide catches.
A55: Prionace glauca | B55: Blue shark | C55: Large sharks (>=90 cm) | D55: Sharks & rays | E55: Chondrichthyans | H55: medium | I55: analogue | J55: 235975.89 | K55: 0.0348 | L55: Analyst inference: pelagic predatory shark corresponds to Chondrichthyans after the benthic elasmobranch pool is excluded (Tam 2008 p.354; Table E apex predatory fish).
A56: Isacia conceptionis | B56: Cabinza grunt | C56: Medium benthopelagics (30 - 89 cm) | D56: Perch-likes | E56: Medium demersal fish | H56: low | I56: analogue | J56: 199236.38 | K56: 0.0294 | L56: Analyst benthic-invertebrate-feeding demersal lineage, SAU Medium benthopelagics (30 - 89 cm), compared with the source Medium demersal fish guild (Supplement Table E); no exact membership documented.
A57: Genypterus maculatus | B57: Black cusk-eel | C57: Medium demersals (30 - 89 cm) | D57: Other fishes & inverts | E57: Unresolved | H57: unresolved | I57: none | J57: 193675.53 | K57: 0.0286 | L57: Source names Conger without a member list; snake eels and cusk-eels cannot be declared members from a shared eel-like shape, and the relevant demersal trophic analogue is not established.
A58: Batoidea | B58: Batoids, skates, rays, sawfishes | C58: Large rays (>=90 cm) | D58: Sharks & rays | E58: Benthic elasmobranchs | H58: medium | I58: analogue | J58: 185377.81 | K58: 0.0273 | L58: Analyst habitat/feeding inference to benthic elasmobranchs or, for oceanic Mobula, the remaining Chondrichthyans pool (Tam 2008 pp.353-354; Table E separates benthivores from apex fish).
A59: Pyura chilensis | B59: Red sea squirt | C59: Other demersal invertebrates | D59: Other fishes & inverts | E59: Macrobenthos | H59: medium | I59: taxonomic_containment | J59: 175576.94 | K59: 0.0259 | L59: Taxonomic/habitat containment in the single Macrobenthos pool, Tam (2008) p.353; no species list documents this exact taxon. Applying the northern pool to LME-wide benthic catches is an area transfer.
A60: Dissostichus eleginoides | B60: Patagonian toothfish | C60: Large bathydemersals (>=90 cm) | D60: Perch-likes | E60: Unresolved | H60: unresolved | I60: none | J60: 173997.7 | K60: 0.0257 | L60: This is a southern/offshore demersal stock, not the explicitly modelled northern Peruvian hake Merluccius peruanus; the northern model has no corresponding named stock compartment.
A61: Semele solida | B61: Chilean semele | C61: Other demersal invertebrates | D61: Molluscs | E61: Macrobenthos | H61: medium | I61: taxonomic_containment | J61: 167429.89 | K61: 0.0247 | L61: Taxonomic/habitat containment in the single Macrobenthos pool, Tam (2008) p.353; no species list documents this exact taxon. Applying the northern pool to LME-wide benthic catches is an area transfer.
A62: Ophichthus | B62: Snake eel | C62: Medium demersals (30 - 89 cm) | D62: Other fishes & inverts | E62: Unresolved | H62: unresolved | I62: none | J62: 144198 | K62: 0.0213 | L62: Source names Conger without a member list; snake eels and cusk-eels cannot be declared members from a shared eel-like shape, and the relevant demersal trophic analogue is not established.
A63: Xiphias gladius | B63: Swordfish | C63: Large pelagics (>=90 cm) | D63: Tuna & billfishes | E63: Unresolved | H63: unresolved | I63: none | J63: 131461.08 | K63: 0.0194 | L63: Billfish is outside the documented source examples and no oceanic billfish stock/feeding compartment is supplied; a coastal pelagic-piscivore analogy is insufficiently established.
... A70: Pseudobatos planiceps | B70: Pacific guitarfish | C70: Small to medium rays (<90 cm) | D70: Sharks & rays | E70: Benthic elasmobranchs | H70: medium | I70: analogue | J70: 76620.922 | K70: 0.0113 | L70: Analyst habitat/feeding inference to benthic elasmobranchs or, for oceanic Mobula, the remaining Chondrichthyans pool (Tam 2008 pp.353-354; Table E separates benthivores from apex fish).
A71: Marine pelagic fishes not identified | B71: Pelagic fishes | C71: Medium pelagics (30 - 89 cm) | D71: Other fishes & inverts | E71: Other small pelagic fish | Other large pelagic fish | F71: 0.522 | 0.478 | G71: catch_composition | H71: low | I71: composite_split | J71: 73442.082 | K71: 0.0108 | L71: Analyst residual-catch composite, SAU Medium pelagics (30 - 89 cm). Candidate residual groups are constrained by source habitat and Table E feeding guilds; dedicated stocks are excluded. Catch-composition weights are estimated, not a source species list.
A72: Coryphaena | B72: Dolphinfishes | C72: Large pelagics (>=90 cm) | D72: Perch-likes | E72: Other large pelagic fish | H72: medium | I72: analogue | J72: 66961.437 | K72: 0.0099 | L72: Pelagic predatory fish extending the source Sarda/Coryphaena/Thunnus examples in Other large pelagic fish (Tam 2008 p.353); same feeding and water-column habitat, not a source-listed species.
A73: Paralichthys microps | B73: Paralichthys microps | C73: Small to medium flatfishes (<90 cm) | D73: Flatfishes | E73: Flatfish | H73: high | I73: taxonomic_containment | J73: 61786.274 | K73: 0.0091 | L73: Flatfish taxon falls within the source Flatfish pool; examples Paralichthys and Hippoglossina are given in Tam (2008) p.353.
A74: Selene peruviana | B74: Peruvian moonfish | C74: Small pelagics (<30 cm) | D74: Perch-likes | E74: Other small pelagic fish | H74: low | I74: analogue | J74: 60946.781 | K74: 0.009 | L74: Analyst small schooling planktivorous/pelagic analogue to source Other small pelagic fish; the species is not in the source member list, and its SAU demersal/size class may differ.
A75: Lithodes santolla | B75: Southern king crab | C75: Lobsters, crabs | D75: Crustaceans | E75: Macrobenthos | H75: medium | I75: taxonomic_containment | J75: 57832.98 | K75: 0.0085 | L75: Taxonomic/habitat containment in the single Macrobenthos pool, Tam (2008) p.353; no species list documents this exact taxon. Applying the northern pool to LME-wide benthic catches is an area transfer.
A76: Scomberomorus sierra | B76: Pacific sierra | C76: Large pelagics (>=90 cm) | D76: Perch-likes | E76: Other large pelagic fish | H76: medium | I76: analogue | J76: 55127.193 | K76: 0.0081 | L76: Pelagic predatory fish extending the source Sarda/Coryphaena/Thunnus examples in Other large pelagic fish (Tam 2008 p.353); same feeding and water-column habitat, not a source-listed species.
A77: Paralichthyidae | B77: Largetooth flounders | C77: Small to medium flatfishes (<90 cm) | D77: Flatfishes | E77: Flatfish | H77: high | I77: taxonomic_containment | J77: 55054.515 | K77: 0.0081 | L77: Flatfish taxon falls within the source Flatfish pool; examples Paralichthys and Hippoglossina are given in Tam (2008) p.353.
A78: Larimus pacificus | B78: Pacific drum | C78: Small pelagics (<30 cm) | D78: Perch-likes | E78: Medium sciaenids | H78: medium | I78: analogue | J78: 52703.456 | K78: 0.0078 | L78: Analyst sciaenid extension: source explicitly separates Ctenosciaena into Small demersal fish and a Medium sciaenids pool (Tam 2008 p.353); the family label spans both, named medium croakers use the latter.
A79: Mulinia | B79: Taquilla clams | C79: Other demersal invertebrates | D79: Molluscs | E79: Macrobenthos | H79: medium | I79: taxonomic_containment | J79: 51964.083 | K79: 0.0077 | L79: Taxonomic/habitat containment in the single Macrobenthos pool, Tam (2008) p.353; no species list documents this exact taxon. Applying the northern pool to LME-wide benthic catches is an area transfer.
A80: Mollusca | B80: Clams, seasnails, squids, octopuses | C80: Other demersal invertebrates | D80: Molluscs | E80: Macrobenthos | H80: medium | I80: taxonomic_containment | J80: 51635.289 | K80: 0.0076 | L80: Taxonomic/habitat containment in the single Macrobenthos pool, Tam (2008) p.353; no species list documents this exact taxon. Applying the northern pool to LME-wide benthic catches is an area transfer.
A81: Seriolella caerulea | B81: White warehou | C81: Medium bathypelagics (30 - 89 cm) | D81: Perch-likes | E81: Unresolved | H81: unresolved | I81: none | J81: 50396.662 | K81: 0.0074 | L81: The 4-16 S coastal model lacks a documented deep pelagic stock or comparable feeding compartment for this taxon.
A82: Sphyrna zygaena | B82: Smooth hammerhead | C82: Large sharks (>=90 cm) | D82: Sharks & rays | E82: Chondrichthyans | H82: medium | I82: analogue | J82: 50246.65 | K82: 0.0074 | L82: Analyst inference: pelagic predatory shark corresponds to Chondrichthyans after the benthic elasmobranch pool is excluded (Tam 2008 p.354; Table E apex predatory fish).
A83: Leukoma thaca | B83: Taca clam | C83: Other demersal invertebrates | D83: Molluscs | E83: Macrobenthos | H83: medium | I83: taxonomic_containment | J83: 47262.2 | K83: 0.007 | L83: Taxonomic/habitat containment in the single Macrobenthos pool, Tam (2008) p.353; no species list documents this exact taxon. Applying the northern pool to LME-wide benthic catches is an area transfer.
... A98: Alopias vulpinus | B98: Thresher | C98: Large sharks (>=90 cm) | D98: Sharks & rays | E98: Chondrichthyans | H98: medium | I98: analogue | J98: 23499.523 | K98: 0.0035 | L98: Analyst inference: pelagic predatory shark corresponds to Chondrichthyans after the benthic elasmobranch pool is excluded (Tam 2008 p.354; Table E apex predatory fish).
A99: Elasmobranchii | B99: Sharks, rays, skates | C99: Large sharks (>=90 cm) | D99: Sharks & rays | E99: Benthic elasmobranchs | Chondrichthyans | F99: 0.647 | 0.353 | G99: catch_composition | H99: low | I99: composite_split | J99: 22274.611 | K99: 0.0033 | L99: Coarse cartilaginous-fish label spans source benthic elasmobranchs and apex Chondrichthyans; source does not supply a species-level split.
A100: Haliporoides diomedeae | B100: Chilean knife shrimp | C100: Shrimps | D100: Crustaceans | E100: Macrobenthos | H100: medium | I100: taxonomic_containment | J100: 21320.817 | K100: 0.0031 | L100: Taxonomic/habitat containment in the single Macrobenthos pool, Tam (2008) p.353; no species list documents this exact taxon. Applying the northern pool to LME-wide benthic catches is an area transfer.
A101: Chirodactylus variegatus | B101: Peruvian morwong | C101: Medium benthopelagics (30 - 89 cm) | D101: Perch-likes | E101: Medium demersal fish | H101: low | I101: analogue | J101: 21015.864 | K101: 0.0031 | L101: Analyst benthic-invertebrate-feeding demersal lineage, SAU Medium benthopelagics (30 - 89 cm), compared with the source Medium demersal fish guild (Supplement Table E); no exact membership documented.
A102: Teuthida | B102: Squids | C102: Cephalopods | D102: Other fishes & inverts | E102: Jumbo squid | Other cephalopods | F102: 0.946 | 0.054 | G102: explicit | H102: medium | I102: composite_split | J102: 20259.358 | K102: 0.003 | L102: Unidentified squids span explicitly modelled Dosidicus gigas and other cephalopods; fixed weights use identified squid catch, excluding octopods.
A103: Ostrea chilensis | B103: Chilean flat oyster | C103: Other demersal invertebrates | D103: Molluscs | E103: Macrobenthos | H103: medium | I103: taxonomic_containment | J103: 20061.328 | K103: 0.003 | L103: Taxonomic/habitat containment in the single Macrobenthos pool, Tam (2008) p.353; no species list documents this exact taxon. Applying the northern pool to LME-wide benthic catches is an area transfer.
A104: Prolatilus jugularis | B104: Pacific sandperch | C104: Medium demersals (30 - 89 cm) | D104: Perch-likes | E104: Medium demersal fish | H104: low | I104: analogue | J104: 17288.923 | K104: 0.0025 | L104: Analyst benthic-invertebrate-feeding demersal lineage, SAU Medium demersals (30 - 89 cm), compared with the source Medium demersal fish guild (Supplement Table E); no exact membership documented.
A105: Austromegabalanus psittacus | B105: Giant barnacle | C105: Other demersal invertebrates | D105: Crustaceans | E105: Macrobenthos | H105: medium | I105: taxonomic_containment | J105: 15377.241 | K105: 0.0023 | L105: Taxonomic/habitat containment in the single Macrobenthos pool, Tam (2008) p.353; no species list documents this exact taxon. Applying the northern pool to LME-wide benthic catches is an area transfer.
A106: Decapoda | B106: Crabs, lobsters, shrimps | C106: Lobsters, crabs | D106: Crustaceans | E106: Macrobenthos | H106: medium | I106: taxonomic_containment | J106: 14168.97 | K106: 0.0021 | L106: Taxonomic/habitat containment in the single Macrobenthos pool, Tam (2008) p.353; no species list documents this exact taxon. Applying the northern pool to LME-wide benthic catches is an area transfer.
A107: Pseudograpsus setosus | B107: Jaiba peluda | C107: Lobsters, crabs | D107: Crustaceans | E107: Macrobenthos | H107: medium | I107: taxonomic_containment | J107: 13297.372 | K107: 0.002 | L107: Taxonomic/habitat containment in the single Macrobenthos pool, Tam (2008) p.353; no species list documents this exact taxon. Applying the northern pool to LME-wide benthic catches is an area transfer.
A108: Chorus giganteus | B108: Top shell whelk | C108: Other demersal invertebrates | D108: Molluscs | E108: Macrobenthos | H108: medium | I108: taxonomic_containment | J108: 12877.5 | K108: 0.0019 | L108: Taxonomic/habitat containment in the single Macrobenthos pool, Tam (2008) p.353; no species list documents this exact taxon. Applying the northern pool to LME-wide benthic catches is an area transfer.
A109: Stellifer minor | B109: Minor stardrum | C109: Medium demersals (30 - 89 cm) | D109: Perch-likes | E109: Medium sciaenids | H109: medium | I109: analogue | J109: 12536.073 | K109: 0.0018 | L109: Analyst sciaenid extension: source explicitly separates Ctenosciaena into Small demersal fish and a Medium sciaenids pool (Tam 2008 p.353); the family label spans both, named medium croakers use the latter.
A110: Cancer porteri | B110: Boco | C110: Lobsters, crabs | D110: Crustaceans | E110: Macrobenthos | H110: medium | I110: taxonomic_containment | J110: 12214.363 | K110: 0.0018 | L110: Taxonomic/habitat containment in the single Macrobenthos pool, Tam (2008) p.353; no species list documents this exact taxon. Applying the northern pool to LME-wide benthic catches is an area transfer.
A111: Argobuccinum pustulosum | B111: Swollen trumpet | C111: Other demersal invertebrates | D111: Molluscs | E111: Macrobenthos | H111: medium | I111: taxonomic_containment | J111: 10379.404 | K111: 0.0015 | L111: Taxonomic/habitat containment in the single Macrobenthos pool, Tam (2008) p.353; no species list documents this exact taxon. Applying the northern pool to LME-wide benthic catches is an area transfer.
A112: Gari solida | B112: Pacific clam | C112: Other demersal invertebrates | D112: Molluscs | E112: Macrobenthos | H112: medium | I112: taxonomic_containment | J112: 9695.649 | K112: 0.0014 | L112: Taxonomic/habitat containment in the single Macrobenthos pool, Tam (2008) p.353; no species list documents this exact taxon. Applying the northern pool to LME-wide benthic catches is an area transfer.
A113: Homalaspis plana | B113: Blackberry crab | C113: Lobsters, crabs | D113: Crustaceans | E113: Macrobenthos | H113: medium | I113: taxonomic_containment | J113: 9639.356 | K113: 0.0014 | L113: Taxonomic/habitat containment in the single Macrobenthos pool, Tam (2008) p.353; no species list documents this exact taxon. Applying the northern pool to LME-wide benthic catches is an area transfer.
A114: Perciformes | B114: Perch-likes | C114: Medium demersals (30 - 89 cm) | D114: Perch-likes | E114: Small demersal fish | Medium demersal fish | Medium sciaenids | F114: 0.227 | 0.497 | 0.276 | G114: catch_composition | H114: low | I114: composite_split | J114: 9387.252 | K114: 0.0014 | L114: Analyst residual-catch composite, SAU Medium demersals (30 - 89 cm). Candidate residual groups are constrained by source habitat and Table E feeding guilds; dedicated stocks are excluded. Catch-composition weights are estimated, not a source species list.
A115: Gadiformes | B115: Cods | C115: Medium benthopelagics (30 - 89 cm) | D115: Cod-likes | E115: Unresolved | H115: unresolved | I115: none | J115: 9060.355 | K115: 0.0013 | L115: This coarse/deep demersal label can include southern gadiform stocks; no evidence justifies assigning all of it to the northern Peruvian hake stock.
A116: Seriolella violacea | B116: Palm ruff | C116: Medium pelagics (30 - 89 cm) | D116: Perch-likes | E116: Unresolved | H116: unresolved | I116: none | J116: 9046.996 | K116: 0.0013 | L116: No documented source member or sufficiently supported feeding-guild analogue established for Seriolella violacea; source size/habitat labels alone do not resolve its placement.
A117: Labrisomus philippii | B117: Chalapo clinid | C117: Medium demersals (30 - 89 cm) | D117: Perch-likes | E117: Small demersal fish | H117: high | I117: inherited_model | J117: 8560.415 | K117: 0.0013 | L117: Focal model adopts Tam et al. (2008) pp.353-354 membership (Chiaverano 2018 p.30); Labrisomus philippii matches the printed species or recorded synonym. Peruvian hake spans three source size classes and uses fixed model catch weights.
A118: Callorhinchus callorynchus | B118: Plownose chimaera | C118: Small to medium rays (<90 cm) | D118: Sharks & rays | E118: Benthic elasmobranchs | H118: medium | I118: analogue | J118: 8106.148 | K118: 0.0012 | L118: Analyst habitat/feeding inference to benthic elasmobranchs or, for oceanic Mobula, the remaining Chondrichthyans pool (Tam 2008 pp.353-354; Table E separates benthivores from apex fish).
A119: Hoplostethus atlanticus | B119: Orange roughy | C119: Medium bathypelagics (30 - 89 cm) | D119: Other fishes & inverts | E119: Unresolved | H119: unresolved | I119: none | J119: 7833.698 | K119: 0.0012 | L119: The 4-16 S coastal model lacks a documented deep pelagic stock or comparable feeding compartment for this taxon.
A120: Magallana gigas | B120: Pacific cupped oyster | C120: Other demersal invertebrates | D120: Molluscs | E120: Macrobenthos | H120: medium | I120: taxonomic_containment | J120: 6982.768 | K120: 0.001 | L120: Taxonomic/habitat containment in the single Macrobenthos pool, Tam (2008) p.353; no species list documents this exact taxon. Applying the northern pool to LME-wide benthic catches is an area transfer.
A121: Seriola lalandi | B121: Yellowtail amberjack | C121: Large benthopelagics (>=90 cm) | D121: Perch-likes | E121: Other large pelagic fish | H121: medium | I121: analogue | J121: 6744.647 | K121: 0.001 | L121: Pelagic predatory fish extending the source Sarda/Coryphaena/Thunnus examples in Other large pelagic fish (Tam 2008 p.353); same feeding and water-column habitat, not a source-listed species.
A122: Graus nigra | B122: Mulata | C122: Medium demersals (30 - 89 cm) | D122: Other fishes & inverts | E122: Unresolved | H122: unresolved | I122: none | J122: 6600.041 | K122: 0.001 | L122: No documented source member or sufficiently supported feeding-guild analogue established for Graus nigra; source size/habitat labels alone do not resolve its placement.
A123: Hippoglossina macrops | B123: Bigeye flounder | C123: Small to medium flatfishes (<90 cm) | D123: Flatfishes | E123: Flatfish | H123: high | I123: taxonomic_containment | J123: 5925.573 | K123: 0.0009 | L123: Flatfish taxon falls within the source Flatfish pool; examples Paralichthys and Hippoglossina are given in Tam (2008) p.353.
A124: Scorpaeniformes | B124: Scorpionfishes, flatheads | C124: Medium demersals (30 - 89 cm) | D124: Scorpionfishes | E124: Small demersal fish | Medium demersal fish | Medium sciaenids | F124: 0.227 | 0.497 | 0.276 | G124: catch_composition | H124: low | I124: composite_split | J124: 5759.402 | K124: 0.0008 | L124: Analyst residual-catch composite, SAU Medium demersals (30 - 89 cm). Candidate residual groups are constrained by source habitat and Table E feeding guilds; dedicated stocks are excluded. Catch-composition weights are estimated, not a source species list.
A125: Seriola | B125: Amberjacks | C125: Large benthopelagics (>=90 cm) | D125: Perch-likes | E125: Other large pelagic fish | H125: medium | I125: analogue | J125: 4675.325 | K125: 0.0007 | L125: Pelagic predatory fish extending the source Sarda/Coryphaena/Thunnus examples in Other large pelagic fish (Tam 2008 p.353); same feeding and water-column habitat, not a source-listed species.
A126: Mulinia edulis | B126: taquilla clam | C126: Other demersal invertebrates | D126: Molluscs | E126: Macrobenthos | H126: medium | I126: taxonomic_containment | J126: 4627.267 | K126: 0.0007 | L126: Taxonomic/habitat containment in the single Macrobenthos pool, Tam (2008) p.353; no species list documents this exact taxon. Applying the northern pool to LME-wide benthic catches is an area transfer.
A127: Tegula atra | B127: Smooth black trochid | C127: Other demersal invertebrates | D127: Molluscs | E127: Macrobenthos | H127: medium | I127: taxonomic_containment | J127: 4607.164 | K127: 0.0007 | L127: Taxonomic/habitat containment in the single Macrobenthos pool, Tam (2008) p.353; no species list documents this exact taxon. Applying the northern pool to LME-wide benthic catches is an area transfer.
A128: Fissurella latimarginata | C128: Other demersal invertebrates | D128: Molluscs | E128: Macrobenthos | H128: medium | I128: taxonomic_containment | J128: 4460.574 | K128: 0.0007 | L128: Taxonomic/habitat containment in the single Macrobenthos pool, Tam (2008) p.353; no species list documents this exact taxon. Applying the northern pool to LME-wide benthic catches is an area transfer.
A129: Athyonidium chilensis | B129: Burrowing shaggy sea cucumber | C129: Other demersal invertebrates | D129: Other fishes & inverts | E129: Macrobenthos | H129: medium | I129: taxonomic_containment | J129: 4180.83 | K129: 0.0006 | L129: Taxonomic/habitat containment in the single Macrobenthos pool, Tam (2008) p.353; no species list documents this exact taxon. Applying the northern pool to LME-wide benthic catches is an area transfer.
A130: Paralichthys | B130: Paralichthyid flounders | C130: Small to medium flatfishes (<90 cm) | D130: Flatfishes | E130: Flatfish | H130: high | I130: taxonomic_containment | J130: 3998.877 | K130: 0.0006 | L130: Flatfish taxon falls within the source Flatfish pool; examples Paralichthys and Hippoglossina are given in Tam (2008) p.353.
A131: Fissurella cumingi | B131: keyhole limpet | C131: Other demersal invertebrates | D131: Molluscs | E131: Macrobenthos | H131: medium | I131: taxonomic_containment | J131: 3651.053 | K131: 0.0005 | L131: Taxonomic/habitat containment in the single Macrobenthos pool, Tam (2008) p.353; no species list documents this exact taxon. Applying the northern pool to LME-wide benthic catches is an area transfer.
A132: Penaeus californiensis | B132: Yellowleg shrimp | C132: Shrimps | D132: Crustaceans | E132: Macrobenthos | H132: medium | I132: taxonomic_containment | J132: 2903.747 | K132: 0.0004 | L132: Taxonomic/habitat containment in the single Macrobenthos pool, Tam (2008) p.353; no species list documents this exact taxon. Applying the northern pool to LME-wide benthic catches is an area transfer.
...

Sheet SPPR
A1: Specific PPR per taxon — LME_013, model 13_2_Northern_Humboldt_Current_(1995-1998)
A2: sppr_simple is the trophic-chain estimate (1/TE)^(TL-1) at TE=0.1, applied to the taxon's own trophic level and needing no model.
A3: All basal sources, including imports. Blank means unavailable, not zero. sppr_simple is an unpartitioned reference.
A4: taxon | B4: trophic_level | C4: sppr_simple | D4: Ecopath group | E4: SPPR_1986 | F4: SPPR_1995_TE0.1 | G4: SPPR_1995_TEmean | H4: Ulanowicz_globalTEmean | I4: Ulanowicz_TE | J4: EwE_TE_noEE | K4: EwE_TE_EE | L4: SPPR_2015 | M4: new_TE_noEEfix | N4: new_TE_EEfix | O4: new_GE | P4: new_WithEgestion | Q4: sym_TE_asPP | R4: sym_TE_asDC | S4: sym_GE_asPP | T4: sym_GE_asDC | U4: sym_WithEgestion_asPP | V4: sym_WithEgestion_asDC | W4: MC_new_GE | X4: MC_new_TE_EEfix
A5: Engraulis ringens | B5: 2.7 | C5: 50.118723 | D5: Anchovy | E5: 100.34153 | F5: 79.859919 | G5: 75.605829 | H5: 172.39955 | I5: 32.654082 | J5: 32.654082 | K5: 26.608094 | L5: 43.673175 | M5: 43.673175 | N5: 43.673175 | O5: -46.608493 | P5: -90.268379 | Q5: 43.673175 | S5: -46.608493 | U5: 60.488948 | V5: 62.511821 | W5: 1076.5692 | X5: 49.223524
A6: Sardinops sagax | B6: 2.84 | C6: 69.183097 | D6: Sardine | E6: 100.34153 | F6: 110.73429 | G6: 104.40818 | H6: 186.96821 | I6: 36.031758 | J6: 36.031758 | K6: 34.950931 | L6: 48.153928 | M6: 48.153928 | N6: 48.153928 | O6: -60.849913 | P6: -115.04459 | Q6: 48.153928 | S6: -60.849913 | U6: 76.494071 | V6: 79.064174 | W6: 1336.8994 | X6: 54.375213
A7: Trachurus murphyi | B7: 3.33 | C7: 213.79621 | D7: Horse mackerel | E7: 100.34153 | F7: 256.97282 | G7: 239.75661 | H7: 917.18332 | I7: 603.9568 | J7: 603.9568 | K7: 142.24214 | L7: 799.91534 | M7: 799.91534 | N7: 799.91534 | O7: -225.03293 | P7: -321.00704 | Q7: 799.91534 | S7: -225.03293 | U7: 207.8973 | V7: 217.28759 | W7: 4639.6422 | X7: 914.48772
A8: Clupeidae | B8: 3.16 | C8: 144.54398 | D8: Sardine | Other small pelagic fish | E8: 100.34153 | F8: 108.82847 | G8: 102.62695 | H8: 184.96506 | I8: 36.07268 | J8: 36.07268 | K8: 34.900076 | L8: 48.127026 | M8: 48.127026 | N8: 48.127026 | O8: -60.147512 | P8: -113.72204 | Q8: 48.127026 | S8: -60.147512 | U8: 75.819764 | V8: 78.45894 | W8: 1333.6096 | X8: 54.313577
A9: Dosidicus gigas | B9: 4.14 | C9: 1380.3843 | D9: Jumbo squid | E9: 100.34153 | F9: 702.78981 | G9: 647.51287 | H9: 1318.5109 | I9: 236.56512 | J9: 271.85235 | K9: 217.47602 | L9: 831.74504 | M9: 831.74504 | N9: 831.74504 | O9: -273.76655 | P9: -364.4994 | Q9: 831.74504 | S9: -273.76655 | U9: 230.76194 | V9: 241.86996 | W9: 5891.014 | X9: 1054.6803
A10: Scomber japonicus | B10: 3.38 | C10: 239.88329 | D10: Chub mackerel | E10: 100.34153 | F10: 367.10237 | G10: 340.98462 | H10: 1026.5545 | I10: 1462.5636 | J10: 1462.5636 | K10: 226.88376 | L10: 1951.049 | M10: 1951.049 | N10: 1951.049 | O10: -337.35519 | P10: -532.27037 | Q10: 1951.049 | S10: -337.35519 | U10: 354.11429 | V10: 369.11622 | W10: 7302.8387 | X10: 2206.173
A11: Marine fishes not identified | B11: 3.28 | C11: 190.54607 | D11: Small demersal fish | Medium demersal fish | Medium sciaenids | E11: 100.34153 | F11: 138.32652 | G11: 129.84254 | H11: 381.78767 | I11: 897.52225 | J11: 898.11132 | K11: 642.85006 | L11: 1416.6205 | M11: 1416.6205 | N11: 1416.6205 | O11: -245.91948 | P11: -623.52268 | Q11: 1416.6205 | S11: -245.91948 | U11: 331.68607 | V11: 405.12958 | W11: 4869.5491 | X11: 1676.9638
A12: Merluccius peruanus | B12: 4.4 | C12: 2511.8864 | D12: Large hake | Medium hake | Small hake | E12: 100.34153 | F12: 524.22383 | G12: 484.18145 | H12: 1951.6688 | I12: 1695.1503 | J12: 1706.3024 | K12: 1366.5856 | L12: 2528.8859 | M12: 2528.8859 | N12: 2528.8859 | O12: -389.06202 | P12: -543.52238 | Q12: 2528.8859 | S12: -389.06202 | U12: 335.38764 | V12: 368.88358 | W12: 7607.0988 | X12: 2964.0107
A13: Merluccius gayi | B13: 4.26 | C13: 1819.7009 | D13: Unresolved
A14: Macruronus magellanicus | B14: 3.93 | C14: 851.13804 | D14: Unresolved
A15: Sarda chiliensis | B15: 4.49 | C15: 3090.2954 | D15: Other large pelagic fish | E15: 100.34153 | F15: 721.56117 | G15: 664.58883 | H15: 1923.8805 | I15: 707.78626 | J15: 730.79575 | K15: 390.22479 | L15: 1280.1746 | M15: 1280.1746 | N15: 1280.1746 | O15: -479.79416 | P15: -709.96578 | Q15: 1280.1746 | S15: -479.79416 | U15: 483.37754 | V15: 503.88153 | W15: 10483.564 | X15: 1536.9808
A16: Normanichthys crockeri | B16: 2.75 | C16: 56.234133 | D16: Other small pelagic fish | E16: 100.34153 | F16: 55.911353 | G16: 53.169346 | H16: 129.34564 | I16: 37.208913 | J16: 37.208913 | K16: 33.488021 | L16: 47.38007 | M16: 47.38007 | N16: 47.38007 | O16: -40.644634 | P16: -77.000115 | Q16: 47.38007 | S16: -40.644634 | U16: 57.096937 | V16: 61.654006 | W16: 1242.2652 | X16: 52.602205
A17: Loxechinus albus | B17: 2 | C17: 10 | D17: Macrobenthos | E17: 100.34153 | F17: 10 | G17: 9.716344 | H17: 9.230527 | I17: 10.017358 | J17: 10.017358 | K17: 7.916667 | L17: 2.899495 | M17: 2.899495 | N17: 2.899495 | O17: -50.833365 | P17: -184.82507 | Q17: 2.899495 | S17: -50.833365 | U17: 91.528788 | V17: 116.69195 | W17: 929.62298 | X17: 3.093013
A18: Merluccius australis | B18: 4.45 | C18: 2818.3829 | D18: Unresolved
A19: Ethmidium maculatum | B19: 2.07 | C19: 11.748976 | D19: Other small pelagic fish | E19: 100.34153 | F19: 55.911353 | G19: 53.169346 | H19: 129.34564 | I19: 37.208913 | J19: 37.208913 | K19: 33.488021 | L19: 47.38007 | M19: 47.38007 | N19: 47.38007 | O19: -40.644634 | P19: -77.000115 | Q19: 47.38007 | S19: -40.644634 | U19: 57.096937 | V19: 61.654006 | W19: 1242.2652 | X19: 52.602205
A20: Aulacomya atra | B20: 2 | C20: 10 | D20: Macrobenthos | E20: 100.34153 | F20: 10 | G20: 9.716344 | H20: 9.230527 | I20: 10.017358 | J20: 10.017358 | K20: 7.916667 | L20: 2.899495 | M20: 2.899495 | N20: 2.899495 | O20: -50.833365 | P20: -184.82507 | Q20: 2.899495 | S20: -50.833365 | U20: 91.528788 | V20: 116.69195 | W20: 929.62298 | X20: 3.093013
A21: Anchoa nasus | B21: 3.4 | C21: 251.18864 | D21: Other small pelagic fish | E21: 100.34153 | F21: 55.911353 | G21: 53.169346 | H21: 129.34564 | I21: 37.208913 | J21: 37.208913 | K21: 33.488021 | L21: 47.38007 | M21: 47.38007 | N21: 47.38007 | O21: -40.644634 | P21: -77.000115 | Q21: 47.38007 | S21: -40.644634 | U21: 57.096937 | V21: 61.654006 | W21: 1242.2652 | X21: 52.602205
A22: Strangomera bentincki | B22: 2 | C22: 10 | D22: Other small pelagic fish | E22: 100.34153 | F22: 55.911353 | G22: 53.169346 | H22: 129.34564 | I22: 37.208913 | J22: 37.208913 | K22: 33.488021 | L22: 47.38007 | M22: 47.38007 | N22: 47.38007 | O22: -40.644634 | P22: -77.000115 | Q22: 47.38007 | S22: -40.644634 | U22: 57.096937 | V22: 61.654006 | W22: 1242.2652 | X22: 52.602205
A23: Coryphaena hippurus | B23: 4.37 | C23: 2344.2288 | D23: Other large pelagic fish | E23: 100.34153 | F23: 721.56117 | G23: 664.58883 | H23: 1923.8805 | I23: 707.78626 | J23: 730.79575 | K23: 390.22479 | L23: 1280.1746 | M23: 1280.1746 | N23: 1280.1746 | O23: -479.79416 | P23: -709.96578 | Q23: 1280.1746 | S23: -479.79416 | U23: 483.37754 | V23: 503.88153 | W23: 10483.564 | X23: 1536.9808
A24: Grimothea monodon | B24: 2.74 | C24: 54.954087 | D24: Macrobenthos | E24: 100.34153 | F24: 10 | G24: 9.716344 | H24: 9.230527 | I24: 10.017358 | J24: 10.017358 | K24: 7.916667 | L24: 2.899495 | M24: 2.899495 | N24: 2.899495 | O24: -50.833365 | P24: -184.82507 | Q24: 2.899495 | S24: -50.833365 | U24: 91.528788 | V24: 116.69195 | W24: 929.62298 | X24: 3.093013
A25: Cervimunida johni | B25: 2.6 | C25: 39.810717 | D25: Macrobenthos | E25: 100.34153 | F25: 10 | G25: 9.716344 | H25: 9.230527 | I25: 10.017358 | J25: 10.017358 | K25: 7.916667 | L25: 2.899495 | M25: 2.899495 | N25: 2.899495 | O25: -50.833365 | P25: -184.82507 | Q25: 2.899495 | S25: -50.833365 | U25: 91.528788 | V25: 116.69195 | W25: 929.62298 | X25: 3.093013
A26: Mugil cephalus | B26: 2.14 | C26: 13.803843 | D26: Medium demersal fish | E26: 100.34153 | F26: 150.44686 | G26: 141.30976 | H26: 345.60848 | I26: 95.134595 | J26: 95.680039 | K26: 78.472681 | L26: 85.358492 | M26: 85.358492 | N26: 85.358492 | O26: -290.0196 | P26: -770.35308 | Q26: 85.358492 | S26: -290.0196 | U26: 400.58621 | V26: 495.19252 | W26: 4943.2562 | X26: 95.427959
A27: Katsuwonus pelamis | B27: 4.43 | C27: 2691.5348 | D27: Other large pelagic fish | E27: 100.34153 | F27: 721.56117 | G27: 664.58883 | H27: 1923.8805 | I27: 707.78626 | J27: 730.79575 | K27: 390.22479 | L27: 1280.1746 | M27: 1280.1746 | N27: 1280.1746 | O27: -479.79416 | P27: -709.96578 | Q27: 1280.1746 | S27: -479.79416 | U27: 483.37754 | V27: 503.88153 | W27: 10483.564 | X27: 1536.9808
A28: Veneridae | D28: Macrobenthos | E28: 100.34153 | F28: 10 | G28: 9.716344 | H28: 9.230527 | I28: 10.017358 | J28: 10.017358 | K28: 7.916667 | L28: 2.899495 | M28: 2.899495 | N28: 2.899495 | O28: -50.833365 | P28: -184.82507 | Q28: 2.899495 | S28: -50.833365 | U28: 91.528788 | V28: 116.69195 | W28: 929.62298 | X28: 3.093013
A29: Argopecten purpuratus | B29: 2 | C29: 10 | D29: Macrobenthos | E29: 100.34153 | F29: 10 | G29: 9.716344 | H29: 9.230527 | I29: 10.017358 | J29: 10.017358 | K29: 7.916667 | L29: 2.899495 | M29: 2.899495 | N29: 2.899495 | O29: -50.833365 | P29: -184.82507 | Q29: 2.899495 | S29: -50.833365 | U29: 91.528788 | V29: 116.69195 | W29: 929.62298 | X29: 3.093013
A30: Doryteuthis gahi | B30: 3.2 | C30: 158.48932 | D30: Other cephalopods | E30: 100.34153 | F30: 133.99852 | G30: 126.04262 | H30: 240.46643 | I30: 9.809711 | J30: 9.809711 | K30: 9.319225 | L30: 13.826862 | M30: 13.826862 | N30: 13.826862 | O30: -21.746323 | P30: -52.393884 | Q30: 13.826862 | S30: -21.746323 | U30: 33.004478 | V30: 37.738157 | W30: 384.45606 | X30: 15.987649
A31: Odontesthes regia | B31: 4 | C31: 1000 | D31: Small demersal fish | E31: 100.34153 | F31: 28.840315 | G31: 27.653763 | H31: 83.334375 | I31: 22.319429 | J31: 22.319429 | K31: 16.302777 | L31: 27.460928 | M31: 27.460928 | N31: 27.460928 | O31: -14.110618 | P31: -36.828458 | Q31: 27.460928 | S31: -14.110618 | U31: 30.881292 | V31: 31.789849 | W31: 429.71383 | X31: 30.241866
A32: Brama australis | B32: 4.2 | C32: 1584.8932 | D32: Unresolved
A33: Seriolella | D33: Unresolved
A34: Prionotus stephanophrys | B34: 3.5 | C34: 316.22777 | D34: Sea robin | E34: 100.34153 | F34: 190.40816 | G34: 178.31837 | H34: 351.91557 | I34: 90.725031 | J34: 90.725031 | K34: 41.601385 | L34: 110.63707 | M34: 110.63707 | N34: 110.63707 | O34: -88.560252 | P34: -205.51698 | Q34: 110.63707 | S34: -88.560252 | U34: 122.57888 | V34: 136.60552 | W34: 1664.5087 | X34: 126.76771
A35: Bivalvia | B35: 2.23 | C35: 16.982437 | D35: Macrobenthos | E35: 100.34153 | F35: 10 | G35: 9.716344 | H35: 9.230527 | I35: 10.017358 | J35: 10.017358 | K35: 7.916667 | L35: 2.899495 | M35: 2.899495 | N35: 2.899495 | O35: -50.833365 | P35: -184.82507 | Q35: 2.899495 | S35: -50.833365 | U35: 91.528788 | V35: 116.69195 | W35: 929.62298 | X35: 3.093013
A36: Mesodesma donacium | B36: 2 | C36: 10 | D36: Macrobenthos | E36: 100.34153 | F36: 10 | G36: 9.716344 | H36: 9.230527 | I36: 10.017358 | J36: 10.017358 | K36: 7.916667 | L36: 2.899495 | M36: 2.899495 | N36: 2.899495 | O36: -50.833365 | P36: -184.82507 | Q36: 2.899495 | S36: -50.833365 | U36: 91.528788 | V36: 116.69195 | W36: 929.62298 | X36: 3.093013
A37: Sciaenidae | B37: 3.76 | C37: 575.43994 | D37: Small demersal fish | Medium sciaenids | E37: 100.34153 | F37: 126.35074 | G37: 118.51211 | H37: 417.53529 | I37: 1690.3387 | J37: 1690.9709 | K37: 1200.4953 | L37: 2732.0026 | M37: 2732.0026 | N37: 2732.0026 | O37: -202.34539 | P37: -478.44373 | Q37: 2732.0026 | S37: -202.34539 | U37: 263.60779 | V37: 316.14094 | W37: 4796.7212 | X37: 3239.6345
A38: Gastropoda | B38: 3.06 | C38: 114.81536 | D38: Macrobenthos | E38: 100.34153 | F38: 10 | G38: 9.716344 | H38: 9.230527 | I38: 10.017358 | J38: 10.017358 | K38: 7.916667 | L38: 2.899495 | M38: 2.899495 | N38: 2.899495 | O38: -50.833365 | P38: -184.82507 | Q38: 2.899495 | S38: -50.833365 | U38: 91.528788 | V38: 116.69195 | W38: 929.62298 | X38: 3.093013
A39: Penaeidae | B39: 3.31 | C39: 204.17379 | D39: Macrobenthos | E39: 100.34153 | F39: 10 | G39: 9.716344 | H39: 9.230527 | I39: 10.017358 | J39: 10.017358 | K39: 7.916667 | L39: 2.899495 | M39: 2.899495 | N39: 2.899495 | O39: -50.833365 | P39: -184.82507 | Q39: 2.899495 | S39: -50.833365 | U39: 91.528788 | V39: 116.69195 | W39: 929.62298 | X39: 3.093013
A40: Mustelus whitneyi | B40: 3.66 | C40: 457.08819 | D40: Benthic elasmobranchs | E40: 100.34153 | F40: 227.67211 | G40: 212.74056 | H40: 1454.4773 | I40: 5850.04 | J40: 5861.6113 | K40: 3861.1946 | L40: 7955.3551 | M40: 7955.3551 | N40: 7955.3551 | O40: -475.30423 | P40: -1034.6028 | Q40: 7955.3551 | S40: -475.30423 | U40: 558.60759 | V40: 673.42931 | W40: 8955.7697 | X40: 9372.1906
A41: Concholepas concholepas | B41: 3.18 | C41: 151.35612 | D41: Macrobenthos | E41: 100.34153 | F41: 10 | G41: 9.716344 | H41: 9.230527 | I41: 10.017358 | J41: 10.017358 | K41: 7.916667 | L41: 2.899495 | M41: 2.899495 | N41: 2.899495 | O41: -50.833365 | P41: -184.82507 | Q41: 2.899495 | S41: -50.833365 | U41: 91.528788 | V41: 116.69195 | W41: 929.62298 | X41: 3.093013
A42: Mytilus chilensis | B42: 2 | C42: 10 | D42: Macrobenthos | E42: 100.34153 | F42: 10 | G42: 9.716344 | H42: 9.230527 | I42: 10.017358 | J42: 10.017358 | K42: 7.916667 | L42: 2.899495 | M42: 2.899495 | N42: 2.899495 | O42: -50.833365 | P42: -184.82507 | Q42: 2.899495 | S42: -50.833365 | U42: 91.528788 | V42: 116.69195 | W42: 929.62298 | X42: 3.093013
A43: Thunnus albacares | B43: 4.41 | C43: 2570.3958 | D43: Other large pelagic fish | E43: 100.34153 | F43: 721.56117 | G43: 664.58883 | H43: 1923.8805 | I43: 707.78626 | J43: 730.79575 | K43: 390.22479 | L43: 1280.1746 | M43: 1280.1746 | N43: 1280.1746 | O43: -479.79416 | P43: -709.96578 | Q43: 1280.1746 | S43: -479.79416 | U43: 483.37754 | V43: 503.88153 | W43: 10483.564 | X43: 1536.9808
A44: Cynoscion analis | B44: 4.06 | C44: 1148.1536 | D44: Medium sciaenids | E44: 100.34153 | F44: 206.3558 | G44: 193.05928 | H44: 691.73944 | I44: 3058.91 | J44: 3060.0609 | K44: 2172.098 | L44: 4951.0167 | M44: 4951.0167 | N44: 4951.0167 | O44: -356.78768 | P44: -840.77886 | Q44: 4951.0167 | S44: -356.78768 | U44: 454.55452 | V44: 549.44445 | W44: 8379.7501 | X44: 5872.8672
A45: Paralonchurus peruanus | B45: 2.17 | C45: 14.791084 | D45: Medium sciaenids | E45: 100.34153 | F45: 206.3558 | G45: 193.05928 | H45: 691.73944 | I45: 3058.91 | J45: 3060.0609 | K45: 2172.098 | L45: 4951.0167 | M45: 4951.0167 | N45: 4951.0167 | O45: -356.78768 | P45: -840.77886 | Q45: 4951.0167 | S45: -356.78768 | U45: 454.55452 | V45: 549.44445 | W45: 8379.7501 | X45: 5872.8672
A46: Thyrsites atun | B46: 3.63 | C46: 426.57952 | D46: Unresolved
A47: Heterocarpus reedi | B47: 2.3 | C47: 19.952623 | D47: Macrobenthos | E47: 100.34153 | F47: 10 | G47: 9.716344 | H47: 9.230527 | I47: 10.017358 | J47: 10.017358 | K47: 7.916667 | L47: 2.899495 | M47: 2.899495 | N47: 2.899495 | O47: -50.833365 | P47: -184.82507 | Q47: 2.899495 | S47: -50.833365 | U47: 91.528788 | V47: 116.69195 | W47: 929.62298 | X47: 3.093013
A48: Paralabrax humeralis | B48: 4.12 | C48: 1318.2567 | D48: Medium demersal fish | E48: 100.34153 | F48: 150.44686 | G48: 141.30976 | H48: 345.60848 | I48: 95.134595 | J48: 95.680039 | K48: 78.472681 | L48: 85.358492 | M48: 85.358492 | N48: 85.358492 | O48: -290.0196 | P48: -770.35308 | Q48: 85.358492 | S48: -290.0196 | U48: 400.58621 | V48: 495.19252 | W48: 4943.2562 | X48: 95.427959
A49: Genypterus blacodes | B49: 4.22 | C49: 1659.5869 | D49: Unresolved
A50: Malacostraca | B50: 3 | C50: 100 | D50: Macrobenthos | E50: 100.34153 | F50: 10 | G50: 9.716344 | H50: 9.230527 | I50: 10.017358 | J50: 10.017358 | K50: 7.916667 | L50: 2.899495 | M50: 2.899495 | N50: 2.899495 | O50: -50.833365 | P50: -184.82507 | Q50: 2.899495 | S50: -50.833365 | U50: 91.528788 | V50: 116.69195 | W50: 929.62298 | X50: 3.093013
A51: Scombridae | B51: 4.26 | C51: 1819.7009 | D51: Chub mackerel | Other large pelagic fish | E51: 100.34153 | F51: 476.85245 | G51: 441.18128 | H51: 1304.391 | I51: 1228.864 | J51: 1235.9884 | K51: 277.45858 | L51: 1743.3281 | M51: 1743.3281 | N51: 1743.3281 | O51: -381.45817 | P51: -587.2897 | Q51: 1743.3281 | S51: -381.45817 | U51: 394.13771 | V51: 410.84323 | W51: 8287.6776 | X51: 1998.9729
A52: Cilus gilberti | B52: 3.67 | C52: 467.73514 | D52: Medium sciaenids | E52: 100.34153 | F52: 206.3558 | G52: 193.05928 | H52: 691.73944 | I52: 3058.91 | J52: 3060.0609 | K52: 2172.098 | L52: 4951.0167 | M52: 4951.0167 | N52: 4951.0167 | O52: -356.78768 | P52: -840.77886 | Q52: 4951.0167 | S52: -356.78768 | U52: 454.55452 | V52: 549.44445 | W52: 8379.7501 | X52: 5872.8672
A53: Pleuronectiformes | B53: 3.57 | C53: 371.53523 | D53: Flatfish | E53: 100.34153 | F53: 734.48186 | G53: 676.33931 | H53: 2059.0013 | I53: 348.10027 | J53: 348.10027 | K53: 346.51947 | L53: 354.75481 | M53: 354.75481 | N53: 354.75481 | O53: -898.85307 | P53: -1857.7961 | Q53: 354.75481 | S53: -898.85307 | U53: 998.77079 | V53: 1204.5977 | W53: 19477.734 | X53: 404.58143
A54: Sprattus fuegensis | B54: 3.4 | C54: 251.18864 | D54: Other small pelagic fish | E54: 100.34153 | F54: 55.911353 | G54: 53.169346 | H54: 129.34564 | I54: 37.208913 | J54: 37.208913 | K54: 33.488021 | L54: 47.38007 | M54: 47.38007 | N54: 47.38007 | O54: -40.644634 | P54: -77.000115 | Q54: 47.38007 | S54: -40.644634 | U54: 57.096937 | V54: 61.654006 | W54: 1242.2652 | X54: 52.602205
A55: Prionace glauca | B55: 4.35 | C55: 2238.7211 | D55: Chondrichthyans | E55: 100.34153 | F55: 2800.5163 | G55: 2536.049 | H55: 9821.4268 | I55: 3417.6123 | J55: 3623.3264 | K55: 2044.3941 | L55: 7596.0143 | M55: 7596.0143 | N55: 7596.0143 | O55: -1524.4875 | P55: -1803.6833 | Q55: 7596.0143 | S55: -1524.4875 | U55: 1166.9993 | V55: 1235.0051 | W55: 32229.818 | X55: 9391.6621
A56: Isacia conceptionis | B56: 2.91 | C56: 81.283052 | D56: Medium demersal fish | E56: 100.34153 | F56: 150.44686 | G56: 141.30976 | H56: 345.60848 | I56: 95.134595 | J56: 95.680039 | K56: 78.472681 | L56: 85.358492 | M56: 85.358492 | N56: 85.358492 | O56: -290.0196 | P56: -770.35308 | Q56: 85.358492 | S56: -290.0196 | U56: 400.58621 | V56: 495.19252 | W56: 4943.2562 | X56: 95.427959
A57: Genypterus maculatus | B57: 3.48 | C57: 301.99517 | D57: Unresolved
A58: Batoidea | B58: 3.72 | C58: 524.80746 | D58: Benthic elasmobranchs | E58: 100.34153 | F58: 227.67211 | G58: 212.74056 | H58: 1454.4773 | I58: 5850.04 | J58: 5861.6113 | K58: 3861.1946 | L58: 7955.3551 | M58: 7955.3551 | N58: 7955.3551 | O58: -475.30423 | P58: -1034.6028 | Q58: 7955.3551 | S58: -475.30423 | U58: 558.60759 | V58: 673.42931 | W58: 8955.7697 | X58: 9372.1906
A59: Pyura chilensis | B59: 3 | C59: 100 | D59: Macrobenthos | E59: 100.34153 | F59: 10 | G59: 9.716344 | H59: 9.230527 | I59: 10.017358 | J59: 10.017358 | K59: 7.916667 | L59: 2.899495 | M59: 2.899495 | N59: 2.899495 | O59: -50.833365 | P59: -184.82507 | Q59: 2.899495 | S59: -50.833365 | U59: 91.528788 | V59: 116.69195 | W59: 929.62298 | X59: 3.093013
A60: Dissostichus eleginoides | B60: 3.96 | C60: 912.01084 | D60: Unresolved
A61: Semele solida | B61: 2 | C61: 10 | D61: Macrobenthos | E61: 100.34153 | F61: 10 | G61: 9.716344 | H61: 9.230527 | I61: 10.017358 | J61: 10.017358 | K61: 7.916667 | L61: 2.899495 | M61: 2.899495 | N61: 2.899495 | O61: -50.833365 | P61: -184.82507 | Q61: 2.899495 | S61: -50.833365 | U61: 91.528788 | V61: 116.69195 | W61: 929.62298 | X61: 3.093013
A62: Ophichthus | B62: 4.05 | C62: 1122.0185 | D62: Unresolved
A63: Xiphias gladius | B63: 4.53 | C63: 3388.4416 | D63: Unresolved
A64: Tawera gayi | B64: 2 | C64: 10 | D64: Macrobenthos | E64: 100.34153 | F64: 10 | G64: 9.716344 | H64: 9.230527 | I64: 10.017358 | J64: 10.017358 | K64: 7.916667 | L64: 2.899495 | M64: 2.899495 | N64: 2.899495 | O64: -50.833365 | P64: -184.82507 | Q64: 2.899495 | S64: -50.833365 | U64: 91.528788 | V64: 116.69195 | W64: 929.62298 | X64: 3.093013
A65: Paralomis granulosa | B65: 2.3 | C65: 19.952623 | D65: Macrobenthos | E65: 100.34153 | F65: 10 | G65: 9.716344 | H65: 9.230527 | I65: 10.017358 | J65: 10.017358 | K65: 7.916667 | L65: 2.899495 | M65: 2.899495 | N65: 2.899495 | O65: -50.833365 | P65: -184.82507 | Q65: 2.899495 | S65: -50.833365 | U65: 91.528788 | V65: 116.69195 | W65: 929.62298 | X65: 3.093013
A66: Isurus oxyrinchus | B66: 4.5 | C66: 3162.2777 | D66: Chondrichthyans | E66: 100.34153 | F66: 2800.5163 | G66: 2536.049 | H66: 9821.4268 | I66: 3417.6123 | J66: 3623.3264 | K66: 2044.3941 | L66: 7596.0143 | M66: 7596.0143 | N66: 7596.0143 | O66: -1524.4875 | P66: -1803.6833 | Q66: 7596.0143 | S66: -1524.4875 | U66: 1166.9993 | V66: 1235.0051 | W66: 32229.818 | X66: 9391.6621
A67: Lithodes | D67: Macrobenthos | E67: 100.34153 | F67: 10 | G67: 9.716344 | H67: 9.230527 | I67: 10.017358 | J67: 10.017358 | K67: 7.916667 | L67: 2.899495 | M67: 2.899495 | N67: 2.899495 | O67: -50.833365 | P67: -184.82507 | Q67: 2.899495 | S67: -50.833365 | U67: 91.528788 | V67: 116.69195 | W67: 929.62298 | X67: 3.093013
A68: Caulolatilus | B68: 4.28 | C68: 1905.4607 | D68: Medium demersal fish | E68: 100.34153 | F68: 150.44686 | G68: 141.30976 | H68: 345.60848 | I68: 95.134595 | J68: 95.680039 | K68: 78.472681 | L68: 85.358492 | M68: 85.358492 | N68: 85.358492 | O68: -290.0196 | P68: -770.35308 | Q68: 85.358492 | S68: -290.0196 | U68: 400.58621 | V68: 495.19252 | W68: 4943.2562 | X68: 95.427959
A69: Salilota australis | D69: Unresolved
A70: Pseudobatos planiceps | B70: 3.56 | C70: 363.07806 | D70: Benthic elasmobranchs | E70: 100.34153 | F70: 227.67211 | G70: 212.74056 | H70: 1454.4773 | I70: 5850.04 | J70: 5861.6113 | K70: 3861.1946 | L70: 7955.3551 | M70: 7955.3551 | N70: 7955.3551 | O70: -475.30423 | P70: -1034.6028 | Q70: 7955.3551 | S70: -475.30423 | U70: 558.60759 | V70: 673.42931 | W70: 8955.7697 | X70: 9372.1906
A71: Marine pelagic fishes not identified | B71: 3.35 | C71: 223.87211 | D71: Other small pelagic fish | Other large pelagic fish | E71: 100.34153 | F71: 373.97742 | G71: 345.32265 | H71: 986.82448 | I71: 357.62949 | J71: 368.62407 | K71: 203.94681 | L71: 636.4437 | M71: 636.4437 | N71: 636.4437 | O71: -250.48254 | P71: -379.44878 | Q71: 636.4437 | S71: -250.48254 | U71: 260.78571 | V71: 272.96266 | W71: 5658.0156 | X71: 761.87974
A72: Coryphaena | B72: 4.49 | C72: 3090.2954 | D72: Other large pelagic fish | E72: 100.34153 | F72: 721.56117 | G72: 664.58883 | H72: 1923.8805 | I72: 707.78626 | J72: 730.79575 | K72: 390.22479 | L72: 1280.1746 | M72: 1280.1746 | N72: 1280.1746 | O72: -479.79416 | P72: -709.96578 | Q72: 1280.1746 | S72: -479.79416 | U72: 483.37754 | V72: 503.88153 | W72: 10483.564 | X72: 1536.9808
A73: Paralichthys microps | B73: 4.04 | C73: 1096.4782 | D73: Flatfish | E73: 100.34153 | F73: 734.48186 | G73: 676.33931 | H73: 2059.0013 | I73: 348.10027 | J73: 348.10027 | K73: 346.51947 | L73: 354.75481 | M73: 354.75481 | N73: 354.75481 | O73: -898.85307 | P73: -1857.7961 | Q73: 354.75481 | S73: -898.85307 | U73: 998.77079 | V73: 1204.5977 | W73: 19477.734 | X73: 404.58143
A74: Selene peruviana | B74: 4.26 | C74: 1819.7009 | D74: Other small pelagic fish | E74: 100.34153 | F74: 55.911353 | G74: 53.169346 | H74: 129.34564 | I74: 37.208913 | J74: 37.208913 | K74: 33.488021 | L74: 47.38007 | M74: 47.38007 | N74: 47.38007 | O74: -40.644634 | P74: -77.000115 | Q74: 47.38007 | S74: -40.644634 | U74: 57.096937 | V74: 61.654006 | W74: 1242.2652 | X74: 52.602205
A75: Lithodes santolla | B75: 2.5 | C75: 31.622777 | D75: Macrobenthos | E75: 100.34153 | F75: 10 | G75: 9.716344 | H75: 9.230527 | I75: 10.017358 | J75: 10.017358 | K75: 7.916667 | L75: 2.899495 | M75: 2.899495 | N75: 2.899495 | O75: -50.833365 | P75: -184.82507 | Q75: 2.899495 | S75: -50.833365 | U75: 91.528788 | V75: 116.69195 | W75: 929.62298 | X75: 3.093013
A76: Scomberomorus sierra | B76: 4.49 | C76: 3090.2954 | D76: Other large pelagic fish | E76: 100.34153 | F76: 721.56117 | G76: 664.58883 | H76: 1923.8805 | I76: 707.78626 | J76: 730.79575 | K76: 390.22479 | L76: 1280.1746 | M76: 1280.1746 | N76: 1280.1746 | O76: -479.79416 | P76: -709.96578 | Q76: 1280.1746 | S76: -479.79416 | U76: 483.37754 | V76: 503.88153 | W76: 10483.564 | X76: 1536.9808
A77: Paralichthyidae | B77: 4.06 | C77: 1148.1536 | D77: Flatfish | E77: 100.34153 | F77: 734.48186 | G77: 676.33931 | H77: 2059.0013 | I77: 348.10027 | J77: 348.10027 | K77: 346.51947 | L77: 354.75481 | M77: 354.75481 | N77: 354.75481 | O77: -898.85307 | P77: -1857.7961 | Q77: 354.75481 | S77: -898.85307 | U77: 998.77079 | V77: 1204.5977 | W77: 19477.734 | X77: 404.58143
A78: Larimus pacificus | B78: 4.46 | C78: 2884.0315 | D78: Medium sciaenids | E78: 100.34153 | F78: 206.3558 | G78: 193.05928 | H78: 691.73944 | I78: 3058.91 | J78: 3060.0609 | K78: 2172.098 | L78: 4951.0167 | M78: 4951.0167 | N78: 4951.0167 | O78: -356.78768 | P78: -840.77886 | Q78: 4951.0167 | S78: -356.78768 | U78: 454.55452 | V78: 549.44445 | W78: 8379.7501 | X78: 5872.8672
A79: Mulinia | B79: 2 | C79: 10 | D79: Macrobenthos | E79: 100.34153 | F79: 10 | G79: 9.716344 | H79: 9.230527 | I79: 10.017358 | J79: 10.017358 | K79: 7.916667 | L79: 2.899495 | M79: 2.899495 | N79: 2.899495 | O79: -50.833365 | P79: -184.82507 | Q79: 2.899495 | S79: -50.833365 | U79: 91.528788 | V79: 116.69195 | W79: 929.62298 | X79: 3.093013
A80: Mollusca | B80: 2.1 | C80: 12.589254 | D80: Macrobenthos | E80: 100.34153 | F80: 10 | G80: 9.716344 | H80: 9.230527 | I80: 10.017358 | J80: 10.017358 | K80: 7.916667 | L80: 2.899495 | M80: 2.899495 | N80: 2.899495 | O80: -50.833365 | P80: -184.82507 | Q80: 2.899495 | S80: -50.833365 | U80: 91.528788 | V80: 116.69195 | W80: 929.62298 | X80: 3.093013
A81: Seriolella caerulea | B81: 3.42 | C81: 263.0268 | D81: Unresolved
A82: Sphyrna zygaena | B82: 4.94 | C82: 8709.6359 | D82: Chondrichthyans | E82: 100.34153 | F82: 2800.5163 | G82: 2536.049 | H82: 9821.4268 | I82: 3417.6123 | J82: 3623.3264 | K82: 2044.3941 | L82: 7596.0143 | M82: 7596.0143 | N82: 7596.0143 | O82: -1524.4875 | P82: -1803.6833 | Q82: 7596.0143 | S82: -1524.4875 | U82: 1166.9993 | V82: 1235.0051 | W82: 32229.818 | X82: 9391.6621
A83: Leukoma thaca | B83: 2 | C83: 10 | D83: Macrobenthos | E83: 100.34153 | F83: 10 | G83: 9.716344 | H83: 9.230527 | I83: 10.017358 | J83: 10.017358 | K83: 7.916667 | L83: 2.899495 | M83: 2.899495 | N83: 2.899495 | O83: -50.833365 | P83: -184.82507 | Q83: 2.899495 | S83: -50.833365 | U83: 91.528788 | V83: 116.69195 | W83: 929.62298 | X83: 3.093013
A84: Serranidae | B84: 3.98 | C84: 954.99259 | D84: Medium demersal fish | E84: 100.34153 | F84: 150.44686 | G84: 141.30976 | H84: 345.60848 | I84: 95.134595 | J84: 95.680039 | K84: 78.472681 | L84: 85.358492 | M84: 85.358492 | N84: 85.358492 | O84: -290.0196 | P84: -770.35308 | Q84: 85.358492 | S84: -290.0196 | U84: 400.58621 | V84: 495.19252 | W84: 4943.2562 | X84: 95.427959
A85: Beryx splendens | D85: Unresolved
A86: Choromytilus chorus | B86: 2 | C86: 10 | D86: Macrobenthos | E86: 100.34153 | F86: 10 | G86: 9.716344 | H86: 9.230527 | I86: 10.017358 | J86: 10.017358 | K86: 7.916667 | L86: 2.899495 | M86: 2.899495 | N86: 2.899495 | O86: -50.833365 | P86: -184.82507 | Q86: 2.899495 | S86: -50.833365 | U86: 91.528788 | V86: 116.69195 | W86: 929.62298 | X86: 3.093013
A87: Zearaja chilensis | B87: 4.46 | C87: 2884.0315 | D87: Benthic elasmobranchs | E87: 100.34153 | F87: 227.67211 | G87: 212.74056 | H87: 1454.4773 | I87: 5850.04 | J87: 5861.6113 | K87: 3861.1946 | L87: 7955.3551 | M87: 7955.3551 | N87: 7955.3551 | O87: -475.30423 | P87: -1034.6028 | Q87: 7955.3551 | S87: -475.30423 | U87: 558.60759 | V87: 673.42931 | W87: 8955.7697 | X87: 9372.1906
A88: Ameghinomya antiqua | B88: 2 | C88: 10 | D88: Macrobenthos | E88: 100.34153 | F88: 10 | G88: 9.716344 | H88: 9.230527 | I88: 10.017358 | J88: 10.017358 | K88: 7.916667 | L88: 2.899495 | M88: 2.899495 | N88: 2.899495 | O88: -50.833365 | P88: -184.82507 | Q88: 2.899495 | S88: -50.833365 | U88: 91.528788 | V88: 116.69195 | W88: 929.62298 | X88: 3.093013
A89: Fissurella maxima | B89: 2 | C89: 10 | D89: Macrobenthos | E89: 100.34153 | F89: 10 | G89: 9.716344 | H89: 9.230527 | I89: 10.017358 | J89: 10.017358 | K89: 7.916667 | L89: 2.899495 | M89: 2.899495 | N89: 2.899495 | O89: -50.833365 | P89: -184.82507 | Q89: 2.899495 | S89: -50.833365 | U89: 91.528788 | V89: 116.69195 | W89: 929.62298 | X89: 3.093013
A90: Tagelus dombeii | B90: 2 | C90: 10 | D90: Macrobenthos | E90: 100.34153 | F90: 10 | G90: 9.716344 | H90: 9.230527 | I90: 10.017358 | J90: 10.017358 | K90: 7.916667 | L90: 2.899495 | M90: 2.899495 | N90: 2.899495 | O90: -50.833365 | P90: -184.82507 | Q90: 2.899495 | S90: -50.833365 | U90: 91.528788 | V90: 116.69195 | W90: 929.62298 | X90: 3.093013
A91: Stromateus stellatus | B91: 3.59 | C91: 389.04514 | D91: Butter fishes | E91: 100.34153 | F91: 40.75629 | G91: 38.910954 | H91: 257.9894 | I91: 240519.77 | J91: 240519.77 | K91: 129100.83 | L91: 319786.5 | M91: 319786.5 | N91: 319786.5 | O91: -98.453843 | P91: -271.16444 | Q91: 319786.5 | S91: -98.453843 | U91: 140.98099 | V91: 173.96859 | W91: 2138.1798 | X91: 368059.05
A92: Taliepus dentatus | B92: 2 | C92: 10 | D92: Macrobenthos | E92: 100.34153 | F92: 10 | G92: 9.716344 | H92: 9.230527 | I92: 10.017358 | J92: 10.017358 | K92: 7.916667 | L92: 2.899495 | M92: 2.899495 | N92: 2.899495 | O92: -50.833365 | P92: -184.82507 | Q92: 2.899495 | S92: -50.833365 | U92: 91.528788 | V92: 116.69195 | W92: 929.62298 | X92: 3.093013
A93: Seriolella punctata | B93: 3.4 | C93: 251.18864 | D93: Unresolved
A94: Haemulidae | B94: 3.36 | C94: 229.08677 | D94: Medium demersal fish | E94: 100.34153 | F94: 150.44686 | G94: 141.30976 | H94: 345.60848 | I94: 95.134595 | J94: 95.680039 | K94: 78.472681 | L94: 85.358492 | M94: 85.358492 | N94: 85.358492 | O94: -290.0196 | P94: -770.35308 | Q94: 85.358492 | S94: -290.0196 | U94: 400.58621 | V94: 495.19252 | W94: 4943.2562 | X94: 95.427959
A95: Ensis macha | B95: 2 | C95: 10 | D95: Macrobenthos | E95: 100.34153 | F95: 10 | G95: 9.716344 | H95: 9.230527 | I95: 10.017358 | J95: 10.017358 | K95: 7.916667 | L95: 2.899495 | M95: 2.899495 | N95: 2.899495 | O95: -50.833365 | P95: -184.82507 | Q95: 2.899495 | S95: -50.833365 | U95: 91.528788 | V95: 116.69195 | W95: 929.62298 | X95: 3.093013
A96: Odontocymbiola magellanica | B96: 3.22 | C96: 165.95869 | D96: Macrobenthos | E96: 100.34153 | F96: 10 | G96: 9.716344 | H96: 9.230527 | I96: 10.017358 | J96: 10.017358 | K96: 7.916667 | L96: 2.899495 | M96: 2.899495 | N96: 2.899495 | O96: -50.833365 | P96: -184.82507 | Q96: 2.899495 | S96: -50.833365 | U96: 91.528788 | V96: 116.69195 | W96: 929.62298 | X96: 3.093013
A97: Thunnus obesus | B97: 4.49 | C97: 3090.2954 | D97: Other large pelagic fish | E97: 100.34153 | F97: 721.56117 | G97: 664.58883 | H97: 1923.8805 | I97: 707.78626 | J97: 730.79575 | K97: 390.22479 | L97: 1280.1746 | M97: 1280.1746 | N97: 1280.1746 | O97: -479.79416 | P97: -709.96578 | Q97: 1280.1746 | S97: -479.79416 | U97: 483.37754 | V97: 503.88153 | W97: 10483.564 | X97: 1536.9808
A98: Alopias vulpinus | B98: 4.5 | C98: 3162.2777 | D98: Chondrichthyans | E98: 100.34153 | F98: 2800.5163 | G98: 2536.049 | H98: 9821.4268 | I98: 3417.6123 | J98: 3623.3264 | K98: 2044.3941 | L98: 7596.0143 | M98: 7596.0143 | N98: 7596.0143 | O98: -1524.4875 | P98: -1803.6833 | Q98: 7596.0143 | S98: -1524.4875 | U98: 1166.9993 | V98: 1235.0051 | W98: 32229.818 | X98: 9391.6621
A99: Elasmobranchii | B99: 4.05 | C99: 1122.0185 | D99: Benthic elasmobranchs | Chondrichthyans | E99: 100.34153 | F99: 1136.3621 | G99: 1033.2982 | H99: 4409.5584 | I99: 4990.943 | J99: 5071.0826 | K99: 3219.5279 | L99: 7828.4413 | M99: 7828.4413 | N99: 7828.4413 | O99: -845.86003 | P99: -1306.2305 | Q99: 7828.4413 | S99: -845.86003 | U99: 773.48243 | V99: 871.76945 | W99: 17175.815 | X99: 9379.0676
A100: Haliporoides diomedeae | B100: 2.6 | C100: 39.810717 | D100: Macrobenthos | E100: 100.34153 | F100: 10 | G100: 9.716344 | H100: 9.230527 | I100: 10.017358 | J100: 10.017358 | K100: 7.916667 | L100: 2.899495 | M100: 2.899495 | N100: 2.899495 | O100: -50.833365 | P100: -184.82507 | Q100: 2.899495 | S100: -50.833365 | U100: 91.528788 | V100: 116.69195 | W100: 929.62298 | X100: 3.093013
...

Sheet PPR by method
A1: Total PPR by method and year — every taxon summed, tonnes wet weight equivalent of primary production.
A2: All basal sources, including imports. The simple chain rows are unpartitioned references; model rows use this scope.
A3: Methods are not alternatives to be averaged. They rest on different assumptions and the spread between them is the result.
A4: The two grey rows aggregate the catch to a group before exponentiating, which understates the total: SPPR is convex in trophic level, so they measure the Jensen effect rather than the PPR.
A5: method | B5: status | C5: 1950 | D5: 1951 | E5: 1952 | F5: 1953 | G5: 1954 | H5: 1955 | I5: 1956 | J5: 1957 | K5: 1958 | L5: 1959 | M5: 1960 | N5: 1961 | O5: 1962 | P5: 1963 | Q5: 1964 | R5: 1965 | S5: 1966 | T5: 1967 | U5: 1968 | V5: 1969 | W5: 1970 | X5: 1971 | Y5: 1972 | Z5: 1973 | AA5: 1974 | AB5: 1975 | AC5: 1976 | AD5: 1977 | AE5: 1978 | AF5: 1979 | AG5: 1980 | AH5: 1981 | AI5: 1982 | AJ5: 1983 | AK5: 1984 | AL5: 1985 | AM5: 1986 | AN5: 1987 | AO5: 1988 | AP5: 1989 | AQ5: 1990 | AR5: 1991 | AS5: 1992 | AT5: 1993 | AU5: 1994 | AV5: 1995 | AW5: 1996 | AX5: 1997 | AY5: 1998 | AZ5: 1999 | BA5: 2000 | BB5: 2001 | BC5: 2002 | BD5: 2003 | BE5: 2004 | BF5: 2005 | BG5: 2006 | BH5: 2007 | BI5: 2008 | BJ5: 2009 | BK5: 2010 | BL5: 2011 | BM5: 2012 | BN5: 2013 | BO5: 2014 | BP5: 2015 | BQ5: 2016 | BR5: 2017 | BS5: 2018 | BT5: 2019
A6: simple trophic chain, per taxon | B6: ok | C6: 2.6683935e+08 | D6: 3.3732702e+08 | E6: 3.9471552e+08 | F6: 3.4738331e+08 | G6: 3.7143913e+08 | H6: 5.2078429e+08 | I6: 5.2295353e+08 | J6: 4.4905999e+08 | K6: 4.9763083e+08 | L6: 6.1824572e+08 | M6: 7.8733261e+08 | N6: 8.9759123e+08 | O6: 9.9452416e+08 | P6: 1.153028e+09 | Q6: 1.3320035e+09 | R6: 1.0161146e+09 | S6: 1.1754176e+09 | T6: 1.2869375e+09 | U6: 1.3156041e+09 | V6: 1.1520104e+09 | W6: 1.5216568e+09 | X6: 1.319944e+09 | Y6: 1.0027491e+09 | Z6: 1.0277251e+09 | AA6: 1.038412e+09 | AB6: 8.5803326e+08 | AC6: 9.1004573e+08 | AD6: 1.15723e+09 | AE6: 1.9378296e+09 | AF6: 1.0222211e+09 | AG6: 1.2889308e+09 | AH6: 1.1960154e+09 | AI6: 1.3956441e+09 | AJ6: 1.1918909e+09 | AK6: 1.3621175e+09 | AL6: 1.2056168e+09 | AM6: 1.4831031e+09 | AN6: 1.5840283e+09 | AO6: 2.1765496e+09 | AP6: 2.376708e+09 | AQ6: 2.4905129e+09 | AR6: 2.3340333e+09 | AS6: 2.358993e+09 | AT6: 2.4243573e+09 | AU6: 2.9994724e+09 | AV6: 2.9828472e+09 | AW6: 3.1016869e+09 | AX6: 2.425609e+09 | AY6: 2.0659665e+09 | AZ6: 2.1484335e+09 | BA6: 2.0766485e+09 | BB6: 2.5656294e+09 | BC6: 1.8847128e+09 | BD6: 2.308319e+09 | BE6: 2.972909e+09 | BF6: 3.1236783e+09 | BG6: 3.0360153e+09 | BH6: 2.6611749e+09 | BI6: 3.034655e+09 | BJ6: 2.6970947e+09 | BK6: 2.2448314e+09 | BL6: 2.8584186e+09 | BM6: 2.6395297e+09 | BN6: 2.4605015e+09 | BO6: 2.8479657e+09 | BP6: 2.8827958e+09 | BQ6: 2.5286592e+09 | BR6: 2.3932777e+09 | BS6: 2.4922627e+09 | BT6: 2.6120525e+09
A7: simple, aggregated to SAU functional group | B7: Jensen comparison, not a PPR estimate | C7: 2.0957745e+08 | D7: 2.66937e+08 | E7: 3.1325906e+08 | F7: 2.7057803e+08 | G7: 2.8745431e+08 | H7: 4.2288843e+08 | I7: 4.096468e+08 | J7: 3.3353232e+08 | K7: 3.7138969e+08 | L7: 4.6829612e+08 | M7: 6.0773259e+08 | N7: 7.1962832e+08 | O7: 8.1983961e+08 | P7: 9.57274e+08 | Q7: 1.1083609e+09 | R7: 8.3918295e+08 | S7: 9.5188556e+08 | T7: 1.0848667e+09 | U7: 1.1348546e+09 | V7: 9.6102812e+08 | W7: 1.2996395e+09 | X7: 1.0829468e+09 | Y7: 7.2240732e+08 | Z7: 8.457408e+08 | AA7: 9.2115374e+08 | AB7: 7.6878315e+08 | AC7: 8.3134731e+08 | AD7: 9.9653229e+08 | AE7: 1.7495536e+09 | AF7: 8.9025007e+08 | AG7: 1.0767098e+09 | AH7: 9.3967356e+08 | AI7: 1.0730796e+09 | AJ7: 8.7488698e+08 | AK7: 1.0206836e+09 | AL7: 9.8766742e+08 | AM7: 1.2356173e+09 | AN7: 1.2901334e+09 | AO7: 1.7570726e+09 | AP7: 1.9325791e+09 | AQ7: 2.0122595e+09 | AR7: 1.9752346e+09 | AS7: 1.9380947e+09 | AT7: 2.0742522e+09 | AU7: 2.6531798e+09 | AV7: 2.6076936e+09 | AW7: 2.755597e+09 | AX7: 2.1581133e+09 | AY7: 1.7244097e+09 | AZ7: 1.8870068e+09 | BA7: 1.8431018e+09 | BB7: 2.2868772e+09 | BC7: 1.7275286e+09 | BD7: 2.0727208e+09 | BE7: 2.7610095e+09 | BF7: 2.9293541e+09 | BG7: 2.8512238e+09 | BH7: 2.4484417e+09 | BI7: 2.6263413e+09 | BJ7: 2.2981677e+09 | BK7: 1.7813433e+09 | BL7: 2.616255e+09 | BM7: 2.3744181e+09 | BN7: 2.2278429e+09 | BO7: 2.5569768e+09 | BP7: 2.495052e+09 | BQ7: 2.1984993e+09 | BR7: 2.0488031e+09 | BS7: 2.1909583e+09 | BT7: 2.2399184e+09
A8: simple, aggregated to SAU commercial group | B8: Jensen comparison, not a PPR estimate | C8: 2.526025e+08 | D8: 3.2271184e+08 | E8: 3.7750116e+08 | F8: 3.3197539e+08 | G8: 3.5610869e+08 | H8: 4.9949369e+08 | I8: 5.0171231e+08 | J8: 4.2164416e+08 | K8: 4.720234e+08 | L8: 5.9481712e+08 | M8: 7.557726e+08 | N8: 8.7553523e+08 | O8: 9.6691066e+08 | P8: 1.1251997e+09 | Q8: 1.293203e+09 | R8: 9.8705387e+08 | S8: 1.1447869e+09 | T8: 1.2471198e+09 | U8: 1.2766017e+09 | V8: 1.1126964e+09 | W8: 1.4575751e+09 | X8: 1.2716261e+09 | Y8: 9.5966654e+08 | Z8: 9.610069e+08 | AA8: 9.729184e+08 | AB8: 8.0666863e+08 | AC8: 8.7149304e+08 | AD8: 1.1000764e+09 | AE8: 1.875016e+09 | AF8: 9.6705789e+08 | AG8: 1.2111776e+09 | AH8: 1.1060482e+09 | AI8: 1.3004485e+09 | AJ8: 1.109946e+09 | AK8: 1.2615706e+09 | AL8: 1.1284785e+09 | AM8: 1.3771565e+09 | AN8: 1.4755443e+09 | AO8: 1.9865172e+09 | AP8: 2.1685203e+09 | AQ8: 2.3063608e+09 | AR8: 2.1160329e+09 | AS8: 2.0921055e+09 | AT8: 2.1475236e+09 | AU8: 2.6921845e+09 | AV8: 2.6324564e+09 | AW8: 2.7938055e+09 | AX8: 2.230689e+09 | AY8: 1.738553e+09 | AZ8: 1.8479106e+09 | BA8: 1.7785973e+09 | BB8: 2.1516075e+09 | BC8: 1.5091039e+09 | BD8: 1.8509651e+09 | BE8: 2.466112e+09 | BF8: 2.5704157e+09 | BG8: 2.5172744e+09 | BH8: 2.1539315e+09 | BI8: 2.4137213e+09 | BJ8: 2.0970007e+09 | BK8: 1.6338749e+09 | BL8: 2.2358898e+09 | BM8: 1.9839925e+09 | BN8: 1.8628437e+09 | BO8: 2.1488886e+09 | BP8: 2.3534576e+09 | BQ8: 2.0687851e+09 | BR8: 2.0182037e+09 | BS8: 2.0738673e+09 | BT8: 2.0586713e+09
A9: SPPR_1986 | B9: ok | C9: 16115693 | D9: 19928565 | E9: 21588693 | F9: 22752479 | G9: 25654362 | H9: 31855066 | I9: 38287088 | J9: 57941900 | K9: 1.0540298e+08 | L9: 2.4578443e+08 | M9: 4.3072152e+08 | N9: 6.5486226e+08 | O9: 8.7707327e+08 | P9: 9.6296327e+08 | Q9: 1.3456902e+09 | R9: 9.6684845e+08 | S9: 1.2288807e+09 | T9: 1.3860887e+09 | U9: 1.4730661e+09 | V9: 1.256682e+09 | W9: 1.7860934e+09 | X9: 1.4954197e+09 | Y9: 6.2917383e+08 | Z9: 3.2016771e+08 | AA9: 6.900721e+08 | AB9: 5.6990889e+08 | AC9: 7.0243998e+08 | AD9: 5.4377447e+08 | AE9: 7.7418037e+08 | AF9: 6.8075893e+08 | AG9: 5.9977757e+08 | AH9: 6.8013264e+08 | AI9: 9.9409031e+08 | AJ9: 6.7637184e+08 | AK9: 8.746784e+08 | AL9: 9.9769327e+08 | AM9: 1.2722866e+09 | AN9: 1.0975299e+09 | AO9: 1.2965726e+09 | AP9: 1.4915718e+09 | AQ9: 1.351556e+09 | AR9: 1.4028749e+09 | AS9: 1.4905859e+09 | AT9: 1.5879601e+09 | AU9: 2.1470389e+09 | AV9: 1.6860813e+09 | AW9: 1.7297115e+09 | AX9: 1.4234516e+09 | AY9: 7.510442e+08 | AZ9: 1.4520705e+09 | BA9: 1.7211649e+09 | BB9: 1.3246109e+09 | BC9: 1.4772123e+09 | BD9: 1.1236563e+09 | BE9: 1.7426347e+09 | BF9: 1.6455529e+09 | BG9: 1.2781456e+09 | BH9: 1.2555422e+09 | BI9: 1.2592561e+09 | BJ9: 1.184348e+09 | BK9: 8.1328789e+08 | BL9: 1.427071e+09 | BM9: 8.8643025e+08 | BN9: 9.1430666e+08 | BO9: 7.0762319e+08 | BP9: 7.271846e+08 | BQ9: 5.9244224e+08 | BR9: 6.4788871e+08 | BS9: 9.7469331e+08 | BT9: 7.3072743e+08
A10: SPPR_1995_TE0.1 | B10: ok | C10: 44301837 | D10: 58096058 | E10: 62931928 | F10: 54523785 | G10: 65555937 | H10: 88718292 | I10: 99157640 | J10: 97873842 | K10: 1.4188822e+08 | L10: 2.6543882e+08 | M10: 4.2715219e+08 | N10: 6.1226067e+08 | O10: 7.8430161e+08 | P10: 8.9047155e+08 | Q10: 1.20973e+09 | R10: 8.4835946e+08 | S10: 1.0682774e+09 | T10: 1.205348e+09 | U10: 1.2523043e+09 | V10: 1.0842154e+09 | W10: 1.5012812e+09 | X10: 1.3076352e+09 | Y10: 6.2557237e+08 | Z10: 4.4076088e+08 | AA10: 7.6298298e+08 | AB10: 6.1941674e+08 | AC10: 7.5354925e+08 | AD10: 8.7630706e+08 | AE10: 1.2796433e+09 | AF10: 9.0626011e+08 | AG10: 8.4618158e+08 | AH10: 9.4931654e+08 | AI10: 1.3048745e+09 | AJ10: 1.041742e+09 | AK10: 1.3016669e+09 | AL10: 1.3347819e+09 | AM10: 1.4854519e+09 | AN10: 1.4305236e+09 | AO10: 1.7334839e+09 | AP10: 1.9526725e+09 | AQ10: 1.9469979e+09 | AR10: 1.9939281e+09 | AS10: 1.9580244e+09 | AT10: 2.0353028e+09 | AU10: 2.6146062e+09 | AV10: 2.2936624e+09 | AW10: 2.2571011e+09 | AX10: 1.9444437e+09 | AY10: 1.2077561e+09 | AZ10: 1.7301171e+09 | BA10: 1.8674095e+09 | BB10: 1.8656005e+09 | BC10: 1.7093682e+09 | BD10: 1.730566e+09 | BE10: 2.3644067e+09 | BF10: 2.2787564e+09 | BG10: 2.0853604e+09 | BH10: 1.8810166e+09 | BI10: 1.9547405e+09 | BJ10: 1.7427645e+09 | BK10: 1.3214843e+09 | BL10: 1.9406212e+09 | BM10: 1.5721798e+09 | BN10: 1.5066778e+09 | BO10: 1.5642012e+09 | BP10: 1.4909637e+09 | BQ10: 1.2970253e+09 | BR10: 1.2603564e+09 | BS10: 1.5318573e+09 | BT10: 1.4227869e+09
A11: SPPR_1995_TEmean | B11: ok | C11: 41000781 | D11: 53742695 | E11: 58226984 | F11: 50539524 | G11: 60737831 | H11: 82128552 | I11: 91845699 | J11: 91158211 | K11: 1.3263767e+08 | L11: 2.4929287e+08 | M11: 4.0198609e+08 | N11: 5.7703585e+08 | O11: 7.4008338e+08 | P11: 8.398246e+08 | Q11: 1.1418261e+09 | R11: 8.0098706e+08 | S11: 1.0088946e+09 | T11: 1.1382565e+09 | U11: 1.1833413e+09 | V11: 1.0241165e+09 | W11: 1.4185537e+09 | X11: 1.2348334e+09 | Y11: 5.88808e+08 | Z11: 4.1250116e+08 | AA11: 7.1709509e+08 | AB11: 5.8247341e+08 | AC11: 7.0872969e+08 | AD11: 8.2001988e+08 | AE11: 1.1967681e+09 | AF11: 8.5044189e+08 | AG11: 7.9324145e+08 | AH11: 8.9040243e+08 | AI11: 1.2255033e+09 | AJ11: 9.7628685e+08 | AK11: 1.2203423e+09 | AL11: 1.2534337e+09 | AM11: 1.3970768e+09 | AN11: 1.3433499e+09 | AO11: 1.6270437e+09 | AP11: 1.8329995e+09 | AQ11: 1.825175e+09 | AR11: 1.8694054e+09 | AS11: 1.8369268e+09 | AT11: 1.9092372e+09 | AU11: 2.454787e+09 | AV11: 2.1502774e+09 | AW11: 2.1175224e+09 | AX11: 1.8228269e+09 | AY11: 1.1291831e+09 | AZ11: 1.6246875e+09 | BA11: 1.7558499e+09 | BB11: 1.7467262e+09 | BC11: 1.6045396e+09 | BD11: 1.6173238e+09 | BE11: 2.2132664e+09 | BF11: 2.1316359e+09 | BG11: 1.9460518e+09 | BH11: 1.7577316e+09 | BI11: 1.8249238e+09 | BJ11: 1.6282206e+09 | BK11: 1.2321893e+09 | BL11: 1.8146508e+09 | BM11: 1.4642514e+09 | BN11: 1.404103e+09 | BO11: 1.4525677e+09 | BP11: 1.3847012e+09 | BQ11: 1.2043343e+09 | BR11: 1.1715853e+09 | BS11: 1.4286218e+09 | BT11: 1.3231067e+09
A12: Ulanowicz_globalTEmean | B12: ok | C12: 1.2031448e+08 | D12: 1.5572144e+08 | E12: 1.7045028e+08 | F12: 1.4619615e+08 | G12: 1.7762127e+08 | H12: 2.3591267e+08 | I12: 2.6332665e+08 | J12: 2.5090267e+08 | K12: 3.4947197e+08 | L12: 6.2434154e+08 | M12: 9.8664068e+08 | N12: 1.3859889e+09 | O12: 1.7576651e+09 | P12: 2.0373754e+09 | Q12: 2.7539007e+09 | R12: 1.8947455e+09 | S12: 2.3839792e+09 | T12: 2.7068042e+09 | U12: 2.7995574e+09 | V12: 2.4222152e+09 | W12: 3.3651739e+09 | X12: 2.9590229e+09 | Y12: 1.4686323e+09 | Z12: 1.2140959e+09 | AA12: 1.9097857e+09 | AB12: 1.6059537e+09 | AC12: 1.8631415e+09 | AD12: 2.4054498e+09 | AE12: 3.563227e+09 | AF12: 2.1902085e+09 | AG12: 2.0980988e+09 | AH12: 2.4696361e+09 | AI12: 3.1977687e+09 | AJ12: 2.7836745e+09 | AK12: 3.2780338e+09 | AL12: 3.2314158e+09 | AM12: 3.6053923e+09 | AN12: 3.6054329e+09 | AO12: 4.4747967e+09 | AP12: 5.1455817e+09 | AQ12: 5.2202637e+09 | AR12: 5.2158711e+09 | AS12: 5.0443646e+09 | AT12: 5.324687e+09 | AU12: 6.788921e+09 | AV12: 6.379629e+09 | AW12: 6.2735653e+09 | AX12: 5.4568396e+09 | AY12: 3.4193779e+09 | AZ12: 4.2785683e+09 | BA12: 4.5851958e+09 | BB12: 5.0387623e+09 | BC12: 4.2150606e+09 | BD12: 4.3574286e+09 | BE12: 5.7451269e+09 | BF12: 5.4572216e+09 | BG12: 5.086558e+09 | BH12: 4.6178489e+09 | BI12: 4.5627478e+09 | BJ12: 4.1190894e+09 | BK12: 3.0427611e+09 | BL12: 4.4848323e+09 | BM12: 3.6538493e+09 | BN12: 3.5150418e+09 | BO12: 3.6815193e+09 | BP12: 3.4215857e+09 | BQ12: 3.1016546e+09 | BR12: 3.040046e+09 | BS12: 3.5937283e+09 | BT12: 3.3992103e+09
A13: Ulanowicz_TE | B13: ok | C13: 92180452 | D13: 96141363 | E13: 1.1822048e+08 | F13: 1.0469258e+08 | G13: 1.3406092e+08 | H13: 1.3812178e+08 | I13: 1.4922135e+08 | J13: 1.5661464e+08 | K13: 1.9042002e+08 | L13: 2.6750001e+08 | M13: 3.6964031e+08 | N13: 4.2880269e+08 | O13: 5.4120067e+08 | P13: 1.0601302e+09 | Q13: 1.4652694e+09 | R13: 5.4001317e+08 | S13: 6.980788e+08 | T13: 8.520309e+08 | U13: 8.5603636e+08 | V13: 7.1198659e+08 | W13: 1.0150386e+09 | X13: 8.7261952e+08 | Y13: 5.5456178e+08 | Z13: 1.046971e+09 | AA13: 1.0175235e+09 | AB13: 9.0696655e+08 | AC13: 1.0073322e+09 | AD13: 1.7859663e+09 | AE13: 2.6242461e+09 | AF13: 1.337582e+09 | AG13: 1.3271197e+09 | AH13: 1.5236822e+09 | AI13: 1.6407349e+09 | AJ13: 1.6293591e+09 | AK13: 2.0326313e+09 | AL13: 1.7565015e+09 | AM13: 1.7797716e+09 | AN13: 1.8909213e+09 | AO13: 2.3849568e+09 | AP13: 2.7830654e+09 | AQ13: 3.0869632e+09 | AR13: 2.8166103e+09 | AS13: 2.4428209e+09 | AT13: 2.6298341e+09 | AU13: 3.0802685e+09 | AV13: 3.4457922e+09 | AW13: 3.4226328e+09 | AX13: 3.2488282e+09 | AY13: 2.6278397e+09 | AZ13: 2.5302908e+09 | BA13: 2.0009907e+09 | BB13: 2.9976049e+09 | BC13: 1.6876593e+09 | BD13: 2.487583e+09 | BE13: 2.787692e+09 | BF13: 2.3872276e+09 | BG13: 2.5134058e+09 | BH13: 2.2538272e+09 | BI13: 1.9177798e+09 | BJ13: 1.8539486e+09 | BK13: 1.2717151e+09 | BL13: 1.7773996e+09 | BM13: 1.7625352e+09 | BN13: 1.9594419e+09 | BO13: 2.1297083e+09 | BP13: 1.8939277e+09 | BQ13: 1.7833229e+09 | BR13: 7.0473258e+09 | BS13: 1.65477e+09 | BT13: 2.2857556e+09
A14: EwE_TE_noEE | B14: ok | C14: 93309059 | D14: 97664088 | E14: 1.1984224e+08 | F14: 1.0600501e+08 | G14: 1.356807e+08 | H14: 1.4038239e+08 | I14: 1.5171209e+08 | J14: 1.5838234e+08 | K14: 1.9240525e+08 | L14: 2.6986937e+08 | M14: 3.7247838e+08 | N14: 4.318423e+08 | O14: 5.4400542e+08 | P14: 1.0634466e+09 | Q14: 1.4686604e+09 | R14: 5.4255867e+08 | S14: 7.0081521e+08 | T14: 8.5521588e+08 | U14: 8.5854633e+08 | V14: 7.1455041e+08 | W14: 1.0176573e+09 | X14: 8.7544545e+08 | Y14: 5.5813053e+08 | Z14: 1.0508285e+09 | AA14: 1.0200423e+09 | AB14: 9.0889807e+08 | AC14: 1.0095258e+09 | AD14: 1.7885732e+09 | AE14: 2.6295211e+09 | AF14: 1.3397905e+09 | AG14: 1.3302353e+09 | AH14: 1.5256713e+09 | AI14: 1.6424894e+09 | AJ14: 1.6310599e+09 | AK14: 2.0353337e+09 | AL14: 1.757912e+09 | AM14: 1.7817673e+09 | AN14: 1.893107e+09 | AO14: 2.3884586e+09 | AP14: 2.7868615e+09 | AQ14: 3.0915097e+09 | AR14: 2.8231239e+09 | AS14: 2.4514599e+09 | AT14: 2.6410243e+09 | AU14: 3.0931924e+09 | AV14: 3.4552979e+09 | AW14: 3.4291679e+09 | AX14: 3.2549214e+09 | AY14: 2.6339657e+09 | AZ14: 2.536971e+09 | BA14: 2.0110044e+09 | BB14: 3.0108093e+09 | BC14: 1.7028257e+09 | BD14: 2.5088866e+09 | BE14: 2.8163003e+09 | BF14: 2.4209466e+09 | BG14: 2.5498538e+09 | BH14: 2.2823539e+09 | BI14: 1.9546379e+09 | BJ14: 1.8834681e+09 | BK14: 1.3002947e+09 | BL14: 1.8118778e+09 | BM14: 1799805077 | BN14: 1.9948281e+09 | BO14: 2.1726707e+09 | BP14: 1.9385543e+09 | BQ14: 1.8189574e+09 | BR14: 7.0801579e+09 | BS14: 1.6883187e+09 | BT14: 2.3222053e+09
A15: EwE_TE_EE | B15: ok | C15: 55860174 | D15: 57472839 | E15: 69825029 | F15: 64782880 | G15: 82148596 | H15: 81758986 | I15: 88613683 | J15: 94345991 | K15: 1.1664413e+08 | L15: 1.7504172e+08 | M15: 2.4720831e+08 | N15: 2.9651542e+08 | O15: 3.8263329e+08 | P15: 7.5508359e+08 | Q15: 1.0558363e+09 | R15: 3.892364e+08 | S15: 4.9957369e+08 | T15: 6.0816487e+08 | U15: 6.1977318e+08 | V15: 5.1340311e+08 | W15: 7.1279481e+08 | X15: 5.9553125e+08 | Y15: 3.5324333e+08 | Z15: 6.587113e+08 | AA15: 6.0742825e+08 | AB15: 5.138527e+08 | AC15: 5.3071823e+08 | AD15: 7.1784033e+08 | AE15: 1.1643743e+09 | AF15: 6.2594979e+08 | AG15: 6.8790194e+08 | AH15: 6.5740175e+08 | AI15: 7.1151814e+08 | AJ15: 6.1707077e+08 | AK15: 8.1829284e+08 | AL15: 7.6875382e+08 | AM15: 8.6422286e+08 | AN15: 8.131067e+08 | AO15: 1.0347541e+09 | AP15: 1.1824781e+09 | AQ15: 1.2238274e+09 | AR15: 1.0765777e+09 | AS15: 9.953601e+08 | AT15: 1.1392588e+09 | AU15: 1.3590185e+09 | AV15: 1.4026544e+09 | AW15: 1.436822e+09 | AX15: 1.2531005e+09 | AY15: 1.0506331e+09 | AZ15: 1.0066038e+09 | BA15: 1.0097722e+09 | BB15: 1.1735534e+09 | BC15: 8.495746e+08 | BD15: 8.8989878e+08 | BE15: 1.143594e+09 | BF15: 1.1342369e+09 | BG15: 1.0619549e+09 | BH15: 9.8686517e+08 | BI15: 9.6949765e+08 | BJ15: 9.2478591e+08 | BK15: 7.1441773e+08 | BL15: 1.0215387e+09 | BM15: 9.2396647e+08 | BN15: 1.1119187e+09 | BO15: 1.0402714e+09 | BP15: 1.1169545e+09 | BQ15: 7.8612441e+08 | BR15: 3.651694e+09 | BS15: 9.3258497e+08 | BT15: 1.2202462e+09
A16: SPPR_2015 | B16: ok | C16: 1.4779014e+08 | D16: 1.5759582e+08 | E16: 1.9008143e+08 | F16: 1.662113e+08 | G16: 2.1120996e+08 | H16: 2.2524543e+08 | I16: 2.4309147e+08 | J16: 2.4540346e+08 | K16: 2.9650555e+08 | L16: 4.0819256e+08 | M16: 5.5163375e+08 | N16: 6.3461237e+08 | O16: 7.8923141e+08 | P16: 1.6082058e+09 | Q16: 2.2146028e+09 | R16: 7.7612216e+08 | S16: 9.9699783e+08 | T16: 1.2115351e+09 | U16: 1.1997832e+09 | V16: 1.0070937e+09 | W16: 1.4185773e+09 | X16: 1.2239963e+09 | Y16: 8.1092085e+08 | Z16: 1.5409384e+09 | AA16: 1.4334089e+09 | AB16: 1.27651e+09 | AC16: 1.4051792e+09 | AD16: 2.4662904e+09 | AE16: 3.6456207e+09 | AF16: 1.8484044e+09 | AG16: 1.8557467e+09 | AH16: 2.088937e+09 | AI16: 2.2303573e+09 | AJ16: 2.2162853e+09 | AK16: 2.7768058e+09 | AL16: 2.4034053e+09 | AM16: 2.4475086e+09 | AN16: 2.5772038e+09 | AO16: 3.2610487e+09 | AP16: 3.8094212e+09 | AQ16: 4.2364301e+09 | AR16: 3.8792345e+09 | AS16: 3.4025022e+09 | AT16: 3.7120336e+09 | AU16: 4.3268783e+09 | AV16: 4.782953e+09 | AW16: 4.7131222e+09 | AX16: 4.4729771e+09 | AY16: 3.7105395e+09 | AZ16: 3.5474717e+09 | BA16: 2.866802e+09 | BB16: 4.2508138e+09 | BC16: 2.5047951e+09 | BD16: 3.6568648e+09 | BE16: 4.170968e+09 | BF16: 3.7337655e+09 | BG16: 3.9296194e+09 | BH16: 3.4735855e+09 | BI16: 3.1473406e+09 | BJ16: 2.9573407e+09 | BK16: 2.1627902e+09 | BL16: 2.9256244e+09 | BM16: 2.9420115e+09 | BN16: 3.1883763e+09 | BO16: 3.5254041e+09 | BP16: 3.2180748e+09 | BQ16: 2.952204e+09 | BR16: 9.8911063e+09 | BS16: 2.7285561e+09 | BT16: 3.6299878e+09
... A21: sym_TE_asPP | B21: ok | C21: 1.4779014e+08 | D21: 1.5759582e+08 | E21: 1.9008143e+08 | F21: 1.662113e+08 | G21: 2.1120996e+08 | H21: 2.2524543e+08 | I21: 2.4309147e+08 | J21: 2.4540346e+08 | K21: 2.9650555e+08 | L21: 4.0819256e+08 | M21: 5.5163375e+08 | N21: 6.3461237e+08 | O21: 7.8923141e+08 | P21: 1.6082058e+09 | Q21: 2.2146028e+09 | R21: 7.7612216e+08 | S21: 9.9699783e+08 | T21: 1.2115351e+09 | U21: 1.1997832e+09 | V21: 1.0070937e+09 | W21: 1.4185773e+09 | X21: 1.2239963e+09 | Y21: 8.1092085e+08 | Z21: 1.5409384e+09 | AA21: 1.4334089e+09 | AB21: 1.27651e+09 | AC21: 1.4051792e+09 | AD21: 2.4662904e+09 | AE21: 3.6456207e+09 | AF21: 1.8484044e+09 | AG21: 1.8557467e+09 | AH21: 2.088937e+09 | AI21: 2.2303573e+09 | AJ21: 2.2162853e+09 | AK21: 2.7768058e+09 | AL21: 2.4034053e+09 | AM21: 2.4475086e+09 | AN21: 2.5772038e+09 | AO21: 3.2610487e+09 | AP21: 3.8094212e+09 | AQ21: 4.2364301e+09 | AR21: 3.8792345e+09 | AS21: 3.4025022e+09 | AT21: 3.7120336e+09 | AU21: 4.3268783e+09 | AV21: 4.782953e+09 | AW21: 4.7131222e+09 | AX21: 4.4729771e+09 | AY21: 3.7105395e+09 | AZ21: 3.5474717e+09 | BA21: 2.866802e+09 | BB21: 4.2508138e+09 | BC21: 2.5047951e+09 | BD21: 3.6568648e+09 | BE21: 4.170968e+09 | BF21: 3.7337655e+09 | BG21: 3.9296194e+09 | BH21: 3.4735855e+09 | BI21: 3.1473406e+09 | BJ21: 2.9573407e+09 | BK21: 2.1627902e+09 | BL21: 2.9256244e+09 | BM21: 2.9420115e+09 | BN21: 3.1883763e+09 | BO21: 3.5254041e+09 | BP21: 3.2180748e+09 | BQ21: 2.952204e+09 | BR21: 9.8911063e+09 | BS21: 2.7285561e+09 | BT21: 3.6299878e+09
A22: sym_TE_asDC | B22: did not resolve for any mapped group
A23: sym_GE_asPP | B23: DIVERGED - negative SPPR in a source-model group | C23: -35967653 | D23: -44755206 | E23: -49401488 | F23: -43314345 | G23: -51927480 | H23: -66408097 | I23: -74058172 | J23: -74455618 | K23: -1.0185659e+08 | L23: -1.7546763e+08 | M23: -2.7466239e+08 | N23: -3.8198751e+08 | O23: -4.9188895e+08 | P23: -6.4570747e+08 | Q23: -8.8320962e+08 | R23: -5.1813713e+08 | S23: -6.5659286e+08 | T23: -7.456992e+08 | U23: -7.6866324e+08 | V23: -6.6400113e+08 | W23: -9.4580304e+08 | X23: -8.0648862e+08 | Y23: -4.05863e+08 | Z23: -3.5821852e+08 | AA23: -5.4395089e+08 | AB23: -4.4643963e+08 | AC23: -5.2361493e+08 | AD23: -6.8628104e+08 | AE23: -9.77216e+08 | AF23: -6.395109e+08 | AG23: -6.0108318e+08 | AH23: -6.9771968e+08 | AI23: -9.0964212e+08 | AJ23: -7.8399288e+08 | AK23: -9.5030302e+08 | AL23: -9.3970817e+08 | AM23: -1.0254881e+09 | AN23: -1.0148702e+09 | AO23: -1.2330064e+09 | AP23: -1.4150213e+09 | AQ23: -1.4408193e+09 | AR23: -1.4274839e+09 | AS23: -1.367088e+09 | AT23: -1.4160962e+09 | AU23: -1.7818409e+09 | AV23: -1.6738432e+09 | AW23: -1.6486446e+09 | AX23: -1.4497126e+09 | AY23: -9.9415445e+08 | AZ23: -1.2163556e+09 | BA23: -1.2319979e+09 | BB23: -1.3489492e+09 | BC23: -1.1046783e+09 | BD23: -1.1735707e+09 | BE23: -1.5267079e+09 | BF23: -1.4330061e+09 | BG23: -1.3291955e+09 | BH23: -1.2196724e+09 | BI23: -1.1875709e+09 | BJ23: -1.092094e+09 | BK23: -7.8482699e+08 | BL23: -1.1684382e+09 | BM23: -9.3836808e+08 | BN23: -8.978241e+08 | BO23: -9.4527205e+08 | BP23: -8.3814945e+08 | BQ23: -7.8180158e+08 | BR23: -7.611733e+08 | BS23: -9.0353198e+08 | BT23: -8.6525464e+08
A24: sym_GE_asDC | B24: did not resolve for any mapped group
A25: sym_WithEgestion_asPP | B25: ok | C25: 40469955 | D25: 49545571 | E25: 54741895 | F25: 48988398 | G25: 58205002 | H25: 73041516 | I25: 81876344 | J25: 86381037 | K25: 1.2079382e+08 | L25: 2.1358916e+08 | M25: 3.3904577e+08 | N25: 4.7689771e+08 | O25: 6.2195256e+08 | P25: 8.2700892e+08 | Q25: 1.139257e+09 | R25: 6.5509067e+08 | S25: 8.3232774e+08 | T25: 9.4422798e+08 | U25: 9.7810783e+08 | V25: 8.4206216e+08 | W25: 1.2093904e+09 | X25: 1.0133022e+09 | Y25: 4.9594634e+08 | Z25: 4.1316785e+08 | AA25: 6.392964e+08 | AB25: 5.204357e+08 | AC25: 6.1771819e+08 | AD25: 7.4176781e+08 | AE25: 1.0419705e+09 | AF25: 7.2740117e+08 | AG25: 6.7349636e+08 | AH25: 7.6979591e+08 | AI25: 1.0191761e+09 | AJ25: 8.4332115e+08 | AK25: 1.0457129e+09 | AL25: 1.0558281e+09 | AM25: 1.1818125e+09 | AN25: 1.1324483e+09 | AO25: 1.3585803e+09 | AP25: 1.5620154e+09 | AQ25: 1.5636482e+09 | AR25: 1.5490274e+09 | AS25: 1.5092523e+09 | AT25: 1.5651598e+09 | AU25: 1.9804787e+09 | AV25: 1.8029047e+09 | AW25: 1.7896394e+09 | AX25: 1.5660547e+09 | AY25: 1.0913896e+09 | AZ25: 1.4119765e+09 | BA25: 1.4369226e+09 | BB25: 1.4710575e+09 | BC25: 1.2629309e+09 | BD25: 1.2765481e+09 | BE25: 1.7013179e+09 | BF25: 1.5974834e+09 | BG25: 1.4315114e+09 | BH25: 1.3361163e+09 | BI25: 1.3040417e+09 | BJ25: 1.2161406e+09 | BK25: 8.6364561e+08 | BL25: 1.3173739e+09 | BM25: 1.0091186e+09 | BN25: 9.7934071e+08 | BO25: 9.8789268e+08 | BP25: 8.8174814e+08 | BQ25: 8.1834988e+08 | BR25: 8.068133e+08 | BS25: 9.8639672e+08 | BT25: 9.1803375e+08
A26: sym_WithEgestion_asDC | B26: ok | C26: 44584344 | D26: 53984731 | E26: 59804370 | F26: 53811535 | G26: 63769602 | H26: 79057574 | I26: 88637120 | J26: 94028920 | K26: 1.2999245e+08 | L26: 2.2608732e+08 | M26: 3.5691282e+08 | N26: 4.9910335e+08 | O26: 6.5285183e+08 | P26: 8.9929893e+08 | Q26: 1.2413418e+09 | R26: 6.8280516e+08 | S26: 8.6896957e+08 | T26: 9.8765329e+08 | U26: 1.0215591e+09 | V26: 8.7872566e+08 | W26: 1.2720535e+09 | X26: 1.0568431e+09 | Y26: 5.2209761e+08 | Z26: 4.5575254e+08 | AA26: 6.8583762e+08 | AB26: 5.5657253e+08 | AC26: 6.5539723e+08 | AD26: 7.9182636e+08 | AE26: 1.1086555e+09 | AF26: 7.7150718e+08 | AG26: 7.1700453e+08 | AH26: 8.1591639e+08 | AI26: 1.0725109e+09 | AJ26: 8.9348471e+08 | AK26: 1.1064077e+09 | AL26: 1.1149167e+09 | AM26: 1.2474718e+09 | AN26: 1.1943917e+09 | AO26: 1.430531e+09 | AP26: 1.6494146e+09 | AQ26: 1.6521458e+09 | AR26: 1.6300827e+09 | AS26: 1.5880674e+09 | AT26: 1.6475093e+09 | AU26: 2.0768416e+09 | AV26: 1.9013823e+09 | AW26: 1.8852988e+09 | AX26: 1.6504955e+09 | AY26: 1.1805488e+09 | AZ26: 1.4950973e+09 | BA26: 1.5120686e+09 | BB26: 1.5548294e+09 | BC26: 1.3279686e+09 | BD26: 1.3454549e+09 | BE26: 1.7864259e+09 | BF26: 1.6828714e+09 | BG26: 1.5111138e+09 | BH26: 1.4126483e+09 | BI26: 1.3789492e+09 | BJ26: 1.2895818e+09 | BK26: 9.2195674e+08 | BL26: 1.3937895e+09 | BM26: 1.0725793e+09 | BN26: 1.0428677e+09 | BO26: 1.055415e+09 | BP26: 9.356172e+08 | BQ26: 8.7085963e+08 | BR26: 8.5664031e+08 | BS26: 1.0406696e+09 | BT26: 9.7859552e+08
A27: MC_new_GE | B27: ok | C27: 7.7603917e+08 | D27: 9.7023668e+08 | E27: 1.067381e+09 | F27: 9.3214192e+08 | G27: 1.1189119e+09 | H27: 1.440789e+09 | I27: 1.6046968e+09 | J27: 1.6142886e+09 | K27: 2.2452775e+09 | L27: 3.9324849e+09 | M27: 6.1903034e+09 | N27: 8.6715718e+09 | O27: 1.11568e+10 | P27: 1.4257863e+10 | Q27: 1.9493522e+10 | R27: 1.1822024e+10 | S27: 1.4968185e+10 | T27: 1.6954392e+10 | U27: 1.7507981e+10 | V27: 1.5128674e+10 | W27: 2.1436636e+10 | X27: 1.831758e+10 | Y27: 9.1013173e+09 | Z27: 7.5860163e+09 | AA27: 1.1873278e+10 | AB27: 9.6576922e+09 | AC27: 1.1426817e+10 | AD27: 1.4482983e+10 | AE27: 2.0598123e+10 | AF27: 1.3663919e+10 | AG27: 1.2740878e+10 | AH27: 1.4832138e+10 | AI27: 1.9459622e+10 | AJ27: 1.652228e+10 | AK27: 2.014385e+10 | AL27: 2.0049357e+10 | AM27: 2.2152283e+10 | AN27: 2.1694001e+10 | AO27: 2.6336529e+10 | AP27: 3.024251e+10 | AQ27: 3.0652797e+10 | AR27: 3.0474837e+10 | AS27: 2.9423065e+10 | AT27: 3.0629463e+10 | AU27: 3.8707046e+10 | AV27: 3.5891499e+10 | AW27: 3.5386834e+10 | AX27: 3.1109223e+10 | AY27: 2.1203844e+10 | AZ27: 2.6557628e+10 | BA27: 2.7114697e+10 | BB27: 2.9105941e+10 | BC27: 2.4283336e+10 | BD27: 2.5463558e+10 | BE27: 3.3489892e+10 | BF27: 3.1446059e+10 | BG27: 2.898518e+10 | BH27: 2.6529904e+10 | BI27: 2.5932837e+10 | BJ27: 2.3886423e+10 | BK27: 1.7030699e+10 | BL27: 2.5755444e+10 | BM27: 2.0392564e+10 | BN27: 1.9561234e+10 | BO27: 2.0381459e+10 | BP27: 1.8377856e+10 | BQ27: 1.6904333e+10 | BR27: 1.6636449e+10 | BS27: 1.9888094e+10 | BT27: 1.8801146e+10
A28: MC_new_TE_EEfix | B28: ok | C28: 1.7525735e+08 | D28: 1.8725268e+08 | E28: 2.2541708e+08 | F28: 1.9711531e+08 | G28: 2.5034733e+08 | H28: 2.6751556e+08 | I28: 2.8871183e+08 | J28: 2.8971853e+08 | K28: 3.4901427e+08 | L28: 4.7828919e+08 | M28: 6.4340357e+08 | N28: 7.3656744e+08 | O28: 9.1356268e+08 | P28: 1.8827363e+09 | Q28: 2.5916603e+09 | R28: 8.9579003e+08 | S28: 1.1499037e+09 | T28: 1.3984222e+09 | U28: 1.3819255e+09 | V28: 1.1599809e+09 | W28: 1.6310392e+09 | X28: 1.4062993e+09 | Y28: 9.422517e+08 | Z28: 1.8014937e+09 | AA28: 1.6588976e+09 | AB28: 1.4779262e+09 | AC28: 1.6186955e+09 | AD28: 2.8370901e+09 | AE28: 4.19812e+09 | AF28: 2.1261082e+09 | AG28: 2.1417974e+09 | AH28: 2.4030656e+09 | AI28: 2.5609069e+09 | AJ28: 2.5473879e+09 | AK28: 3.1932646e+09 | AL28: 2.7628046e+09 | AM28: 2.8165115e+09 | AN28: 2.9616922e+09 | AO28: 3.7506129e+09 | AP28: 4.3802985e+09 | AQ28: 4.8669835e+09 | AR28: 4.456591e+09 | AS28: 3.918854e+09 | AT28: 4.2849901e+09 | AU28: 4.9873462e+09 | AV28: 5.5069809e+09 | AW28: 5.4179875e+09 | AX28: 5.1363016e+09 | AY28: 4.2832792e+09 | AZ28: 4.0759683e+09 | BA28: 3.3125561e+09 | BB28: 4.9025578e+09 | BC28: 2.9122867e+09 | BD28: 4.235603e+09 | BE28: 4.8429431e+09 | BF28: 4.3715591e+09 | BG28: 4.5998588e+09 | BH28: 4.0591016e+09 | BI28: 3.7128281e+09 | BJ28: 3.4744928e+09 | BK28: 2.5680392e+09 | BL28: 3.4568913e+09 | BM28: 3.4847075e+09 | BN28: 3.7684363e+09 | BO28: 4.1684316e+09 | BP28: 3.8279707e+09 | BQ28: 3.4883437e+09 | BR28: 1.1464958e+10 | BS28: 3.2260234e+09 | BT28: 4.2776204e+09
A30: Catch tonnage on a named group: 665,696,783 of 677,999,683 (98.2 %). Unresolved taxa contribute nothing to the model rows and everything to the simple row, so the two are not directly comparable until coverage is 100 %.
A31: 6 of 20 methods are flagged above. A flagged row is a property of this model under that method, not of the mapping; see model_health in the SPPR workbook.
A32: Coverage by year, %:
A33: catch on a named group, % | C33: 75.43 | D33: 76.05 | E33: 71.64 | F33: 73.04 | G33: 76.53 | H33: 72.8 | I33: 78.78 | J33: 85.32 | K33: 91.64 | L33: 96.43 | M33: 97.8 | N33: 98.67 | O33: 98.86 | P33: 98.75 | Q33: 99.25 | R33: 98.71 | S33: 99.05 | T33: 99.3 | U33: 98.99 | V33: 99.2 | W33: 99.21 | X33: 99.37 | Y33: 98.17 | Z33: 96.62 | AA33: 99.05 | AB33: 98.48 | AC33: 98.84 | AD33: 97.96 | AE33: 98.42 | AF33: 99.12 | AG33: 97.85 | AH33: 97.7 | AI33: 98.2 | AJ33: 97.72 | AK33: 98.34 | AL33: 99.08 | AM33: 98.45 | AN33: 97.49 | AO33: 96.78 | AP33: 97.13 | AQ33: 97.36 | AR33: 97.59 | AS33: 97.37 | AT33: 98.54 | AU33: 98.83 | AV33: 97.75 | AW33: 96.94 | AX33: 98.36 | AY33: 93.91 | AZ33: 96.94 | BA33: 98.76 | BB33: 97.33 | BC33: 99.49 | BD33: 97.73 | BE33: 98.71 | BF33: 98.66 | BG33: 98.46 | BH33: 98.53 | BI33: 98.51 | BJ33: 98.31 | BK33: 97.63 | BL33: 98.8 | BM33: 98.33 | BN33: 98.82 | BO33: 97.76 | BP33: 98.57 | BQ33: 98.38 | BR33: 98.77 | BS33: 99.14 | BT33: 98.54

Sheet sppr_inner
A1: Specific PPR per taxon — LME_013, model 13_2_Northern_Humboldt_Current_(1995-1998)
A2: sppr_simple is the trophic-chain estimate (1/TE)^(TL-1) at TE=0.1, applied to the taxon's own trophic level and needing no model.
A3: Internal sources: primary producers and detritus; excludes imports. Blank means unavailable, not zero. sppr_simple is an unpartitioned reference.
A4: taxon | B4: trophic_level | C4: sppr_simple | D4: Ecopath group | E4: SPPR_1986 | F4: SPPR_1995_TE0.1 | G4: SPPR_1995_TEmean | H4: Ulanowicz_globalTEmean | I4: Ulanowicz_TE | J4: EwE_TE_noEE | K4: EwE_TE_EE | L4: SPPR_2015 | M4: new_TE_noEEfix | N4: new_TE_EEfix | O4: new_GE | P4: new_WithEgestion | Q4: sym_TE_asPP | R4: sym_TE_asDC | S4: sym_GE_asPP | T4: sym_GE_asDC | U4: sym_WithEgestion_asPP | V4: sym_WithEgestion_asDC | W4: MC_new_GE | X4: MC_new_TE_EEfix
A5: Engraulis ringens | B5: 2.7 | C5: 50.118723 | D5: Anchovy | E5: 100.34153 | F5: 79.859919 | G5: 75.605829 | H5: 172.39955 | I5: 32.654082 | J5: 32.654082 | K5: 26.608094 | L5: 43.673175 | M5: 43.673175 | N5: 43.673175 | O5: -46.608493 | P5: -90.268379 | Q5: 43.673175 | S5: -46.608493 | U5: 60.488948 | V5: 62.511821 | W5: 1076.5692 | X5: 49.223524
A6: Sardinops sagax | B6: 2.84 | C6: 69.183097 | D6: Sardine | E6: 100.34153 | F6: 110.73429 | G6: 104.40818 | H6: 186.96821 | I6: 36.031758 | J6: 36.031758 | K6: 34.950931 | L6: 48.153928 | M6: 48.153928 | N6: 48.153928 | O6: -60.849913 | P6: -115.04459 | Q6: 48.153928 | S6: -60.849913 | U6: 76.494071 | V6: 79.064174 | W6: 1336.8994 | X6: 54.375213
A7: Trachurus murphyi | B7: 3.33 | C7: 213.79621 | D7: Horse mackerel | E7: 100.34153 | F7: 256.97282 | G7: 239.75661 | H7: 916.66526 | I7: 602.75158 | J7: 602.75158 | K7: 141.95829 | L7: 798.034 | M7: 798.034 | N7: 798.034 | O7: -225.3564 | P7: -321.15566 | Q7: 798.034 | S7: -225.3564 | U7: 207.74868 | V7: 214.84563 | W7: 4639.3675 | X7: 912.49695
A8: Clupeidae | B8: 3.16 | C8: 144.54398 | D8: Sardine | Other small pelagic fish | E8: 100.34153 | F8: 108.82847 | G8: 102.62695 | H8: 184.94817 | I8: 36.053367 | J8: 36.053367 | K8: 34.882694 | L8: 48.107713 | M8: 48.107713 | N8: 48.107713 | O8: -60.164894 | P8: -113.73334 | Q8: 48.107713 | S8: -60.164894 | U8: 75.808466 | V8: 78.351776 | W8: 1333.5911 | X8: 54.294221
A9: Dosidicus gigas | B9: 4.14 | C9: 1380.3843 | D9: Jumbo squid | E9: 100.34153 | F9: 702.78981 | G9: 647.51287 | H9: 1317.6549 | I9: 236.42192 | J9: 271.37598 | K9: 217.09493 | L9: 830.07571 | M9: 830.07571 | N9: 830.07571 | O9: -274.33794 | P9: -364.7095 | Q9: 830.07571 | S9: -274.33794 | U9: 230.55184 | V9: 238.53928 | W9: 5890.541 | X9: 1052.784
A10: Scomber japonicus | B10: 3.38 | C10: 239.88329 | D10: Chub mackerel | E10: 100.34153 | F10: 367.10237 | G10: 340.98462 | H10: 1025.94 | I10: 1459.779 | J10: 1459.779 | K10: 226.45179 | L10: 1947.6626 | M10: 1947.6626 | N10: 1947.6626 | O10: -337.78534 | P10: -532.49654 | Q10: 1947.6626 | S10: -337.78534 | U10: 353.88812 | V10: 365.78179 | W10: 7302.414 | X10: 2202.6729
A11: Marine fishes not identified | B11: 3.28 | C11: 190.54607 | D11: Small demersal fish | Medium demersal fish | Medium sciaenids | E11: 100.34153 | F11: 138.32652 | G11: 129.84254 | H11: 375.63788 | I11: 891.77817 | J11: 892.36127 | K11: 638.3844 | L11: 1402.2271 | M11: 1402.2271 | N11: 1402.2271 | O11: -252.73904 | P11: -627.20938 | Q11: 1402.2271 | S11: -252.73904 | U11: 327.99937 | V11: 340.81672 | W11: 4864.1468 | X11: 1661.2696
A12: Merluccius peruanus | B12: 4.4 | C12: 2511.8864 | D12: Large hake | Medium hake | Small hake | E12: 100.34153 | F12: 524.22383 | G12: 484.18145 | H12: 1947.0822 | I12: 1690.6821 | J12: 1701.8047 | K12: 1363.686 | L12: 2519.7628 | M12: 2519.7628 | N12: 2519.7628 | O12: -392.30417 | P12: -544.90807 | Q12: 2519.7628 | S12: -392.30417 | U12: 334.00194 | V12: 345.79544 | W12: 7604.3896 | X12: 2954.1895
A13: Merluccius gayi | B13: 4.26 | C13: 1819.7009 | D13: Unresolved
A14: Macruronus magellanicus | B14: 3.93 | C14: 851.13804 | D14: Unresolved
A15: Sarda chiliensis | B15: 4.49 | C15: 3090.2954 | D15: Other large pelagic fish | E15: 100.34153 | F15: 721.56117 | G15: 664.58883 | H15: 1922.6672 | I15: 706.38869 | J15: 729.17682 | K15: 389.36033 | L15: 1277.7568 | M15: 1277.7568 | N15: 1277.7568 | O15: -480.62918 | P15: -710.36627 | Q15: 1277.7568 | S15: -480.62918 | U15: 482.97705 | V15: 498.98955 | W15: 10482.765 | X15: 1534.3632
A16: Normanichthys crockeri | B16: 2.75 | C16: 56.234133 | D16: Other small pelagic fish | E16: 100.34153 | F16: 55.911353 | G16: 53.169346 | H16: 128.85983 | I16: 36.653357 | J16: 36.653357 | K16: 32.988021 | L16: 46.824515 | M16: 46.824515 | N16: 46.824515 | O16: -41.144634 | P16: -77.325115 | Q16: 46.824515 | S16: -41.144634 | U16: 56.771937 | V16: 58.571306 | W16: 1241.7325 | X16: 52.045388
A17: Loxechinus albus | B17: 2 | C17: 10 | D17: Macrobenthos | E17: 100.34153 | F17: 10 | G17: 9.716344 | H17: 7.967402 | I17: 8.646561 | J17: 8.646561 | K17: 6.833334 | L17: 0 | M17: 0 | N17: 0 | O17: -52.690508 | P17: -186.12507 | Q17: 0 | S17: -52.690508 | U17: 90.228787 | V17: 93.937016 | W17: 928.12967 | X17: 0
A18: Merluccius australis | B18: 4.45 | C18: 2818.3829 | D18: Unresolved
A19: Ethmidium maculatum | B19: 2.07 | C19: 11.748976 | D19: Other small pelagic fish | E19: 100.34153 | F19: 55.911353 | G19: 53.169346 | H19: 128.85983 | I19: 36.653357 | J19: 36.653357 | K19: 32.988021 | L19: 46.824515 | M19: 46.824515 | N19: 46.824515 | O19: -41.144634 | P19: -77.325115 | Q19: 46.824515 | S19: -41.144634 | U19: 56.771937 | V19: 58.571306 | W19: 1241.7325 | X19: 52.045388
A20: Aulacomya atra | B20: 2 | C20: 10 | D20: Macrobenthos | E20: 100.34153 | F20: 10 | G20: 9.716344 | H20: 7.967402 | I20: 8.646561 | J20: 8.646561 | K20: 6.833334 | L20: 0 | M20: 0 | N20: 0 | O20: -52.690508 | P20: -186.12507 | Q20: 0 | S20: -52.690508 | U20: 90.228787 | V20: 93.937016 | W20: 928.12967 | X20: 0
A21: Anchoa nasus | B21: 3.4 | C21: 251.18864 | D21: Other small pelagic fish | E21: 100.34153 | F21: 55.911353 | G21: 53.169346 | H21: 128.85983 | I21: 36.653357 | J21: 36.653357 | K21: 32.988021 | L21: 46.824515 | M21: 46.824515 | N21: 46.824515 | O21: -41.144634 | P21: -77.325115 | Q21: 46.824515 | S21: -41.144634 | U21: 56.771937 | V21: 58.571306 | W21: 1241.7325 | X21: 52.045388
A22: Strangomera bentincki | B22: 2 | C22: 10 | D22: Other small pelagic fish | E22: 100.34153 | F22: 55.911353 | G22: 53.169346 | H22: 128.85983 | I22: 36.653357 | J22: 36.653357 | K22: 32.988021 | L22: 46.824515 | M22: 46.824515 | N22: 46.824515 | O22: -41.144634 | P22: -77.325115 | Q22: 46.824515 | S22: -41.144634 | U22: 56.771937 | V22: 58.571306 | W22: 1241.7325 | X22: 52.045388
A23: Coryphaena hippurus | B23: 4.37 | C23: 2344.2288 | D23: Other large pelagic fish | E23: 100.34153 | F23: 721.56117 | G23: 664.58883 | H23: 1922.6672 | I23: 706.38869 | J23: 729.17682 | K23: 389.36033 | L23: 1277.7568 | M23: 1277.7568 | N23: 1277.7568 | O23: -480.62918 | P23: -710.36627 | Q23: 1277.7568 | S23: -480.62918 | U23: 482.97705 | V23: 498.98955 | W23: 10482.765 | X23: 1534.3632
A24: Grimothea monodon | B24: 2.74 | C24: 54.954087 | D24: Macrobenthos | E24: 100.34153 | F24: 10 | G24: 9.716344 | H24: 7.967402 | I24: 8.646561 | J24: 8.646561 | K24: 6.833334 | L24: 0 | M24: 0 | N24: 0 | O24: -52.690508 | P24: -186.12507 | Q24: 0 | S24: -52.690508 | U24: 90.228787 | V24: 93.937016 | W24: 928.12967 | X24: 0
A25: Cervimunida johni | B25: 2.6 | C25: 39.810717 | D25: Macrobenthos | E25: 100.34153 | F25: 10 | G25: 9.716344 | H25: 7.967402 | I25: 8.646561 | J25: 8.646561 | K25: 6.833334 | L25: 0 | M25: 0 | N25: 0 | O25: -52.690508 | P25: -186.12507 | Q25: 0 | S25: -52.690508 | U25: 90.228787 | V25: 93.937016 | W25: 928.12967 | X25: 0
A26: Mugil cephalus | B26: 2.14 | C26: 13.803843 | D26: Medium demersal fish | E26: 100.34153 | F26: 150.44686 | G26: 141.30976 | H26: 337.73726 | I26: 88.13505 | J26: 88.674589 | K26: 72.727111 | L26: 68.199492 | M26: 68.199492 | N26: 68.199492 | O26: -298.79382 | P26: -775.13504 | Q26: 68.199492 | S26: -298.79382 | U26: 395.80425 | V26: 411.51637 | W26: 4936.6461 | X26: 76.951698
A27: Katsuwonus pelamis | B27: 4.43 | C27: 2691.5348 | D27: Other large pelagic fish | E27: 100.34153 | F27: 721.56117 | G27: 664.58883 | H27: 1922.6672 | I27: 706.38869 | J27: 729.17682 | K27: 389.36033 | L27: 1277.7568 | M27: 1277.7568 | N27: 1277.7568 | O27: -480.62918 | P27: -710.36627 | Q27: 1277.7568 | S27: -480.62918 | U27: 482.97705 | V27: 498.98955 | W27: 10482.765 | X27: 1534.3632
A28: Veneridae | D28: Macrobenthos | E28: 100.34153 | F28: 10 | G28: 9.716344 | H28: 7.967402 | I28: 8.646561 | J28: 8.646561 | K28: 6.833334 | L28: 0 | M28: 0 | N28: 0 | O28: -52.690508 | P28: -186.12507 | Q28: 0 | S28: -52.690508 | U28: 90.228787 | V28: 93.937016 | W28: 928.12967 | X28: 0
A29: Argopecten purpuratus | B29: 2 | C29: 10 | D29: Macrobenthos | E29: 100.34153 | F29: 10 | G29: 9.716344 | H29: 7.967402 | I29: 8.646561 | J29: 8.646561 | K29: 6.833334 | L29: 0 | M29: 0 | N29: 0 | O29: -52.690508 | P29: -186.12507 | Q29: 0 | S29: -52.690508 | U29: 90.228787 | V29: 93.937016 | W29: 928.12967 | X29: 0
A30: Doryteuthis gahi | B30: 3.2 | C30: 158.48932 | D30: Other cephalopods | E30: 100.34153 | F30: 133.99852 | G30: 126.04262 | H30: 239.4948 | I30: 9.564913 | J30: 9.564913 | K30: 9.086667 | L30: 13.582064 | M30: 13.582064 | N30: 13.582064 | O30: -21.978881 | P30: -52.57993 | Q30: 13.582064 | S30: -21.978881 | U30: 32.818431 | V30: 33.964341 | W30: 384.21996 | X30: 15.740459
A31: Odontesthes regia | B31: 4 | C31: 1000 | D31: Small demersal fish | E31: 100.34153 | F31: 28.840315 | G31: 27.653763 | H31: 83.334375 | I31: 22.319429 | J31: 22.319429 | K31: 16.302777 | L31: 27.460928 | M31: 27.460928 | N31: 27.460928 | O31: -14.110618 | P31: -36.828458 | Q31: 27.460928 | S31: -14.110618 | U31: 30.881292 | V31: 31.789849 | W31: 429.71383 | X31: 30.241866
A32: Brama australis | B32: 4.2 | C32: 1584.8932 | D32: Unresolved
A33: Seriolella | D33: Unresolved
A34: Prionotus stephanophrys | B34: 3.5 | C34: 316.22777 | D34: Sea robin | E34: 100.34153 | F34: 190.40816 | G34: 178.31837 | H34: 350.19671 | I34: 88.597972 | J34: 88.597972 | K34: 40.626035 | L34: 106.87419 | M34: 106.87419 | N34: 106.87419 | O34: -89.743967 | P34: -206.16896 | Q34: 106.87419 | S34: -89.743967 | U34: 121.92689 | V34: 126.32942 | W34: 1663.6341 | X34: 122.72836
A35: Bivalvia | B35: 2.23 | C35: 16.982437 | D35: Macrobenthos | E35: 100.34153 | F35: 10 | G35: 9.716344 | H35: 7.967402 | I35: 8.646561 | J35: 8.646561 | K35: 6.833334 | L35: 0 | M35: 0 | N35: 0 | O35: -52.690508 | P35: -186.12507 | Q35: 0 | S35: -52.690508 | U35: 90.228787 | V35: 93.937016 | W35: 928.12967 | X35: 0
A36: Mesodesma donacium | B36: 2 | C36: 10 | D36: Macrobenthos | E36: 100.34153 | F36: 10 | G36: 9.716344 | H36: 7.967402 | I36: 8.646561 | J36: 8.646561 | K36: 6.833334 | L36: 0 | M36: 0 | N36: 0 | O36: -52.690508 | P36: -186.12507 | Q36: 0 | S36: -52.690508 | U36: 90.228787 | V36: 93.937016 | W36: 928.12967 | X36: 0
A37: Sciaenidae | B37: 3.76 | C37: 575.43994 | D37: Small demersal fish | Medium sciaenids | E37: 100.34153 | F37: 126.35074 | G37: 118.51211 | H37: 413.08641 | I37: 1685.8351 | J37: 1686.4612 | K37: 1197.2943 | L37: 2720.3419 | M37: 2720.3419 | N37: 2720.3419 | O37: -207.23362 | P37: -481.04823 | Q37: 2720.3419 | S37: -207.23362 | U37: 261.00329 | V37: 270.96041 | W37: 4792.5123 | X37: 3226.6891
A38: Gastropoda | B38: 3.06 | C38: 114.81536 | D38: Macrobenthos | E38: 100.34153 | F38: 10 | G38: 9.716344 | H38: 7.967402 | I38: 8.646561 | J38: 8.646561 | K38: 6.833334 | L38: 0 | M38: 0 | N38: 0 | O38: -52.690508 | P38: -186.12507 | Q38: 0 | S38: -52.690508 | U38: 90.228787 | V38: 93.937016 | W38: 928.12967 | X38: 0
A39: Penaeidae | B39: 3.31 | C39: 204.17379 | D39: Macrobenthos | E39: 100.34153 | F39: 10 | G39: 9.716344 | H39: 7.967402 | I39: 8.646561 | J39: 8.646561 | K39: 6.833334 | L39: 0 | M39: 0 | N39: 0 | O39: -52.690508 | P39: -186.12507 | Q39: 0 | S39: -52.690508 | U39: 90.228787 | V39: 93.937016 | W39: 928.12967 | X39: 0
A40: Mustelus whitneyi | B40: 3.66 | C40: 457.08819 | D40: Benthic elasmobranchs | E40: 100.34153 | F40: 227.67211 | G40: 212.74056 | H40: 1440.7112 | I40: 5821.0325 | J40: 5832.4937 | K40: 3842.0141 | L40: 7895.7242 | M40: 7895.7242 | N40: 7895.7242 | O40: -486.53874 | P40: -1040.2873 | Q40: 7895.7242 | S40: -486.53874 | U40: 552.92304 | V40: 574.30132 | W40: 8947.0594 | X40: 9306.4634
A41: Concholepas concholepas | B41: 3.18 | C41: 151.35612 | D41: Macrobenthos | E41: 100.34153 | F41: 10 | G41: 9.716344 | H41: 7.967402 | I41: 8.646561 | J41: 8.646561 | K41: 6.833334 | L41: 0 | M41: 0 | N41: 0 | O41: -52.690508 | P41: -186.12507 | Q41: 0 | S41: -52.690508 | U41: 90.228787 | V41: 93.937016 | W41: 928.12967 | X41: 0
A42: Mytilus chilensis | B42: 2 | C42: 10 | D42: Macrobenthos | E42: 100.34153 | F42: 10 | G42: 9.716344 | H42: 7.967402 | I42: 8.646561 | J42: 8.646561 | K42: 6.833334 | L42: 0 | M42: 0 | N42: 0 | O42: -52.690508 | P42: -186.12507 | Q42: 0 | S42: -52.690508 | U42: 90.228787 | V42: 93.937016 | W42: 928.12967 | X42: 0
A43: Thunnus albacares | B43: 4.41 | C43: 2570.3958 | D43: Other large pelagic fish | E43: 100.34153 | F43: 721.56117 | G43: 664.58883 | H43: 1922.6672 | I43: 706.38869 | J43: 729.17682 | K43: 389.36033 | L43: 1277.7568 | M43: 1277.7568 | N43: 1277.7568 | O43: -480.62918 | P43: -710.36627 | Q43: 1277.7568 | S43: -480.62918 | U43: 482.97705 | V43: 498.98955 | W43: 10482.765 | X43: 1534.3632
A44: Cynoscion analis | B44: 4.06 | C44: 1148.1536 | D44: Medium sciaenids | E44: 100.34153 | F44: 206.3558 | G44: 193.05928 | H44: 683.64036 | I44: 3050.7114 | J44: 3051.8512 | K44: 2166.2706 | L44: 4929.7885 | M44: 4929.7885 | N44: 4929.7885 | O44: -365.6866 | P44: -845.5203 | Q44: 4929.7885 | S44: -365.6866 | U44: 449.81309 | V44: 467.19433 | W44: 8372.0878 | X44: 5849.3003
A45: Paralonchurus peruanus | B45: 2.17 | C45: 14.791084 | D45: Medium sciaenids | E45: 100.34153 | F45: 206.3558 | G45: 193.05928 | H45: 683.64036 | I45: 3050.7114 | J45: 3051.8512 | K45: 2166.2706 | L45: 4929.7885 | M45: 4929.7885 | N45: 4929.7885 | O45: -365.6866 | P45: -845.5203 | Q45: 4929.7885 | S45: -365.6866 | U45: 449.81309 | V45: 467.19433 | W45: 8372.0878 | X45: 5849.3003
A46: Thyrsites atun | B46: 3.63 | C46: 426.57952 | D46: Unresolved
A47: Heterocarpus reedi | B47: 2.3 | C47: 19.952623 | D47: Macrobenthos | E47: 100.34153 | F47: 10 | G47: 9.716344 | H47: 7.967402 | I47: 8.646561 | J47: 8.646561 | K47: 6.833334 | L47: 0 | M47: 0 | N47: 0 | O47: -52.690508 | P47: -186.12507 | Q47: 0 | S47: -52.690508 | U47: 90.228787 | V47: 93.937016 | W47: 928.12967 | X47: 0
A48: Paralabrax humeralis | B48: 4.12 | C48: 1318.2567 | D48: Medium demersal fish | E48: 100.34153 | F48: 150.44686 | G48: 141.30976 | H48: 337.73726 | I48: 88.13505 | J48: 88.674589 | K48: 72.727111 | L48: 68.199492 | M48: 68.199492 | N48: 68.199492 | O48: -298.79382 | P48: -775.13504 | Q48: 68.199492 | S48: -298.79382 | U48: 395.80425 | V48: 411.51637 | W48: 4936.6461 | X48: 76.951698
A49: Genypterus blacodes | B49: 4.22 | C49: 1659.5869 | D49: Unresolved
A50: Malacostraca | B50: 3 | C50: 100 | D50: Macrobenthos | E50: 100.34153 | F50: 10 | G50: 9.716344 | H50: 7.967402 | I50: 8.646561 | J50: 8.646561 | K50: 6.833334 | L50: 0 | M50: 0 | N50: 0 | O50: -52.690508 | P50: -186.12507 | Q50: 0 | S50: -52.690508 | U50: 90.228787 | V50: 93.937016 | W50: 928.12967 | X50: 0
A51: Scombridae | B51: 4.26 | C51: 1819.7009 | D51: Chub mackerel | Other large pelagic fish | E51: 100.34153 | F51: 476.85245 | G51: 441.18128 | H51: 1303.5912 | I51: 1226.5089 | J51: 1233.5647 | K51: 276.8927 | L51: 1740.2416 | M51: 1740.2416 | N51: 1740.2416 | O51: -382.01367 | P51: -587.56984 | Q51: 1740.2416 | S51: -382.01367 | U51: 393.85756 | V51: 407.02653 | W51: 8287.137 | X51: 1995.746
A52: Cilus gilberti | B52: 3.67 | C52: 467.73514 | D52: Medium sciaenids | E52: 100.34153 | F52: 206.3558 | G52: 193.05928 | H52: 683.64036 | I52: 3050.7114 | J52: 3051.8512 | K52: 2166.2706 | L52: 4929.7885 | M52: 4929.7885 | N52: 4929.7885 | O52: -365.6866 | P52: -845.5203 | Q52: 4929.7885 | S52: -365.6866 | U52: 449.81309 | V52: 467.19433 | W52: 8372.0878 | X52: 5849.3003
A53: Pleuronectiformes | B53: 3.57 | C53: 371.53523 | D53: Flatfish | E53: 100.34153 | F53: 734.48186 | G53: 676.33931 | H53: 2029.7504 | I53: 329.93948 | J53: 329.93948 | K53: 328.44115 | L53: 310.66681 | M53: 310.66681 | N53: 310.66681 | O53: -921.64453 | P53: -1867.9482 | Q53: 310.66681 | S53: -921.64453 | U53: 988.61876 | V53: 1026.9492 | W53: 19457.94 | X53: 355.99257
A54: Sprattus fuegensis | B54: 3.4 | C54: 251.18864 | D54: Other small pelagic fish | E54: 100.34153 | F54: 55.911353 | G54: 53.169346 | H54: 128.85983 | I54: 36.653357 | J54: 36.653357 | K54: 32.988021 | L54: 46.824515 | M54: 46.824515 | N54: 46.824515 | O54: -41.144634 | P54: -77.325115 | Q54: 46.824515 | S54: -41.144634 | U54: 56.771937 | V54: 58.571306 | W54: 1241.7325 | X54: 52.045388
A55: Prionace glauca | B55: 4.35 | C55: 2238.7211 | D55: Chondrichthyans | E55: 100.34153 | F55: 2800.5163 | G55: 2536.049 | H55: 9811.5456 | I55: 3407.597 | J55: 3611.4095 | K55: 2037.6702 | L55: 7571.3386 | M55: 7571.3386 | N55: 7571.3386 | O55: -1529.3988 | P55: -1805.5698 | Q55: 7571.3386 | S55: -1529.3988 | U55: 1165.1128 | V55: 1204.9742 | W55: 32225.774 | X55: 9364.4627
A56: Isacia conceptionis | B56: 2.91 | C56: 81.283052 | D56: Medium demersal fish | E56: 100.34153 | F56: 150.44686 | G56: 141.30976 | H56: 337.73726 | I56: 88.13505 | J56: 88.674589 | K56: 72.727111 | L56: 68.199492 | M56: 68.199492 | N56: 68.199492 | O56: -298.79382 | P56: -775.13504 | Q56: 68.199492 | S56: -298.79382 | U56: 395.80425 | V56: 411.51637 | W56: 4936.6461 | X56: 76.951698
A57: Genypterus maculatus | B57: 3.48 | C57: 301.99517 | D57: Unresolved
A58: Batoidea | B58: 3.72 | C58: 524.80746 | D58: Benthic elasmobranchs | E58: 100.34153 | F58: 227.67211 | G58: 212.74056 | H58: 1440.7112 | I58: 5821.0325 | J58: 5832.4937 | K58: 3842.0141 | L58: 7895.7242 | M58: 7895.7242 | N58: 7895.7242 | O58: -486.53874 | P58: -1040.2873 | Q58: 7895.7242 | S58: -486.53874 | U58: 552.92304 | V58: 574.30132 | W58: 8947.0594 | X58: 9306.4634
A59: Pyura chilensis | B59: 3 | C59: 100 | D59: Macrobenthos | E59: 100.34153 | F59: 10 | G59: 9.716344 | H59: 7.967402 | I59: 8.646561 | J59: 8.646561 | K59: 6.833334 | L59: 0 | M59: 0 | N59: 0 | O59: -52.690508 | P59: -186.12507 | Q59: 0 | S59: -52.690508 | U59: 90.228787 | V59: 93.937016 | W59: 928.12967 | X59: 0
A60: Dissostichus eleginoides | B60: 3.96 | C60: 912.01084 | D60: Unresolved
A61: Semele solida | B61: 2 | C61: 10 | D61: Macrobenthos | E61: 100.34153 | F61: 10 | G61: 9.716344 | H61: 7.967402 | I61: 8.646561 | J61: 8.646561 | K61: 6.833334 | L61: 0 | M61: 0 | N61: 0 | O61: -52.690508 | P61: -186.12507 | Q61: 0 | S61: -52.690508 | U61: 90.228787 | V61: 93.937016 | W61: 928.12967 | X61: 0
A62: Ophichthus | B62: 4.05 | C62: 1122.0185 | D62: Unresolved
A63: Xiphias gladius | B63: 4.53 | C63: 3388.4416 | D63: Unresolved
A64: Tawera gayi | B64: 2 | C64: 10 | D64: Macrobenthos | E64: 100.34153 | F64: 10 | G64: 9.716344 | H64: 7.967402 | I64: 8.646561 | J64: 8.646561 | K64: 6.833334 | L64: 0 | M64: 0 | N64: 0 | O64: -52.690508 | P64: -186.12507 | Q64: 0 | S64: -52.690508 | U64: 90.228787 | V64: 93.937016 | W64: 928.12967 | X64: 0
A65: Paralomis granulosa | B65: 2.3 | C65: 19.952623 | D65: Macrobenthos | E65: 100.34153 | F65: 10 | G65: 9.716344 | H65: 7.967402 | I65: 8.646561 | J65: 8.646561 | K65: 6.833334 | L65: 0 | M65: 0 | N65: 0 | O65: -52.690508 | P65: -186.12507 | Q65: 0 | S65: -52.690508 | U65: 90.228787 | V65: 93.937016 | W65: 928.12967 | X65: 0
A66: Isurus oxyrinchus | B66: 4.5 | C66: 3162.2777 | D66: Chondrichthyans | E66: 100.34153 | F66: 2800.5163 | G66: 2536.049 | H66: 9811.5456 | I66: 3407.597 | J66: 3611.4095 | K66: 2037.6702 | L66: 7571.3386 | M66: 7571.3386 | N66: 7571.3386 | O66: -1529.3988 | P66: -1805.5698 | Q66: 7571.3386 | S66: -1529.3988 | U66: 1165.1128 | V66: 1204.9742 | W66: 32225.774 | X66: 9364.4627
A67: Lithodes | D67: Macrobenthos | E67: 100.34153 | F67: 10 | G67: 9.716344 | H67: 7.967402 | I67: 8.646561 | J67: 8.646561 | K67: 6.833334 | L67: 0 | M67: 0 | N67: 0 | O67: -52.690508 | P67: -186.12507 | Q67: 0 | S67: -52.690508 | U67: 90.228787 | V67: 93.937016 | W67: 928.12967 | X67: 0
A68: Caulolatilus | B68: 4.28 | C68: 1905.4607 | D68: Medium demersal fish | E68: 100.34153 | F68: 150.44686 | G68: 141.30976 | H68: 337.73726 | I68: 88.13505 | J68: 88.674589 | K68: 72.727111 | L68: 68.199492 | M68: 68.199492 | N68: 68.199492 | O68: -298.79382 | P68: -775.13504 | Q68: 68.199492 | S68: -298.79382 | U68: 395.80425 | V68: 411.51637 | W68: 4936.6461 | X68: 76.951698
A69: Salilota australis | D69: Unresolved
A70: Pseudobatos planiceps | B70: 3.56 | C70: 363.07806 | D70: Benthic elasmobranchs | E70: 100.34153 | F70: 227.67211 | G70: 212.74056 | H70: 1440.7112 | I70: 5821.0325 | J70: 5832.4937 | K70: 3842.0141 | L70: 7895.7242 | M70: 7895.7242 | N70: 7895.7242 | O70: -486.53874 | P70: -1040.2873 | Q70: 7895.7242 | S70: -486.53874 | U70: 552.92304 | V70: 574.30132 | W70: 8947.0594 | X70: 9306.4634
A71: Marine pelagic fishes not identified | B71: 3.35 | C71: 223.87211 | D71: Other small pelagic fish | Other large pelagic fish | E71: 100.34153 | F71: 373.97742 | G71: 345.32265 | H71: 985.99108 | I71: 356.6716 | J71: 367.5604 | K71: 203.27266 | L71: 634.99831 | M71: 634.99831 | N71: 634.99831 | O71: -251.14262 | P71: -379.80985 | Q71: 634.99831 | S71: -251.14262 | U71: 260.42464 | V71: 269.01544 | W71: 5657.3557 | X71: 760.33824
A72: Coryphaena | B72: 4.49 | C72: 3090.2954 | D72: Other large pelagic fish | E72: 100.34153 | F72: 721.56117 | G72: 664.58883 | H72: 1922.6672 | I72: 706.38869 | J72: 729.17682 | K72: 389.36033 | L72: 1277.7568 | M72: 1277.7568 | N72: 1277.7568 | O72: -480.62918 | P72: -710.36627 | Q72: 1277.7568 | S72: -480.62918 | U72: 482.97705 | V72: 498.98955 | W72: 10482.765 | X72: 1534.3632
A73: Paralichthys microps | B73: 4.04 | C73: 1096.4782 | D73: Flatfish | E73: 100.34153 | F73: 734.48186 | G73: 676.33931 | H73: 2029.7504 | I73: 329.93948 | J73: 329.93948 | K73: 328.44115 | L73: 310.66681 | M73: 310.66681 | N73: 310.66681 | O73: -921.64453 | P73: -1867.9482 | Q73: 310.66681 | S73: -921.64453 | U73: 988.61876 | V73: 1026.9492 | W73: 19457.94 | X73: 355.99257
A74: Selene peruviana | B74: 4.26 | C74: 1819.7009 | D74: Other small pelagic fish | E74: 100.34153 | F74: 55.911353 | G74: 53.169346 | H74: 128.85983 | I74: 36.653357 | J74: 36.653357 | K74: 32.988021 | L74: 46.824515 | M74: 46.824515 | N74: 46.824515 | O74: -41.144634 | P74: -77.325115 | Q74: 46.824515 | S74: -41.144634 | U74: 56.771937 | V74: 58.571306 | W74: 1241.7325 | X74: 52.045388
A75: Lithodes santolla | B75: 2.5 | C75: 31.622777 | D75: Macrobenthos | E75: 100.34153 | F75: 10 | G75: 9.716344 | H75: 7.967402 | I75: 8.646561 | J75: 8.646561 | K75: 6.833334 | L75: 0 | M75: 0 | N75: 0 | O75: -52.690508 | P75: -186.12507 | Q75: 0 | S75: -52.690508 | U75: 90.228787 | V75: 93.937016 | W75: 928.12967 | X75: 0
A76: Scomberomorus sierra | B76: 4.49 | C76: 3090.2954 | D76: Other large pelagic fish | E76: 100.34153 | F76: 721.56117 | G76: 664.58883 | H76: 1922.6672 | I76: 706.38869 | J76: 729.17682 | K76: 389.36033 | L76: 1277.7568 | M76: 1277.7568 | N76: 1277.7568 | O76: -480.62918 | P76: -710.36627 | Q76: 1277.7568 | S76: -480.62918 | U76: 482.97705 | V76: 498.98955 | W76: 10482.765 | X76: 1534.3632
A77: Paralichthyidae | B77: 4.06 | C77: 1148.1536 | D77: Flatfish | E77: 100.34153 | F77: 734.48186 | G77: 676.33931 | H77: 2029.7504 | I77: 329.93948 | J77: 329.93948 | K77: 328.44115 | L77: 310.66681 | M77: 310.66681 | N77: 310.66681 | O77: -921.64453 | P77: -1867.9482 | Q77: 310.66681 | S77: -921.64453 | U77: 988.61876 | V77: 1026.9492 | W77: 19457.94 | X77: 355.99257
A78: Larimus pacificus | B78: 4.46 | C78: 2884.0315 | D78: Medium sciaenids | E78: 100.34153 | F78: 206.3558 | G78: 193.05928 | H78: 683.64036 | I78: 3050.7114 | J78: 3051.8512 | K78: 2166.2706 | L78: 4929.7885 | M78: 4929.7885 | N78: 4929.7885 | O78: -365.6866 | P78: -845.5203 | Q78: 4929.7885 | S78: -365.6866 | U78: 449.81309 | V78: 467.19433 | W78: 8372.0878 | X78: 5849.3003
A79: Mulinia | B79: 2 | C79: 10 | D79: Macrobenthos | E79: 100.34153 | F79: 10 | G79: 9.716344 | H79: 7.967402 | I79: 8.646561 | J79: 8.646561 | K79: 6.833334 | L79: 0 | M79: 0 | N79: 0 | O79: -52.690508 | P79: -186.12507 | Q79: 0 | S79: -52.690508 | U79: 90.228787 | V79: 93.937016 | W79: 928.12967 | X79: 0
A80: Mollusca | B80: 2.1 | C80: 12.589254 | D80: Macrobenthos | E80: 100.34153 | F80: 10 | G80: 9.716344 | H80: 7.967402 | I80: 8.646561 | J80: 8.646561 | K80: 6.833334 | L80: 0 | M80: 0 | N80: 0 | O80: -52.690508 | P80: -186.12507 | Q80: 0 | S80: -52.690508 | U80: 90.228787 | V80: 93.937016 | W80: 928.12967 | X80: 0
A81: Seriolella caerulea | B81: 3.42 | C81: 263.0268 | D81: Unresolved
A82: Sphyrna zygaena | B82: 4.94 | C82: 8709.6359 | D82: Chondrichthyans | E82: 100.34153 | F82: 2800.5163 | G82: 2536.049 | H82: 9811.5456 | I82: 3407.597 | J82: 3611.4095 | K82: 2037.6702 | L82: 7571.3386 | M82: 7571.3386 | N82: 7571.3386 | O82: -1529.3988 | P82: -1805.5698 | Q82: 7571.3386 | S82: -1529.3988 | U82: 1165.1128 | V82: 1204.9742 | W82: 32225.774 | X82: 9364.4627
A83: Leukoma thaca | B83: 2 | C83: 10 | D83: Macrobenthos | E83: 100.34153 | F83: 10 | G83: 9.716344 | H83: 7.967402 | I83: 8.646561 | J83: 8.646561 | K83: 6.833334 | L83: 0 | M83: 0 | N83: 0 | O83: -52.690508 | P83: -186.12507 | Q83: 0 | S83: -52.690508 | U83: 90.228787 | V83: 93.937016 | W83: 928.12967 | X83: 0
A84: Serranidae | B84: 3.98 | C84: 954.99259 | D84: Medium demersal fish | E84: 100.34153 | F84: 150.44686 | G84: 141.30976 | H84: 337.73726 | I84: 88.13505 | J84: 88.674589 | K84: 72.727111 | L84: 68.199492 | M84: 68.199492 | N84: 68.199492 | O84: -298.79382 | P84: -775.13504 | Q84: 68.199492 | S84: -298.79382 | U84: 395.80425 | V84: 411.51637 | W84: 4936.6461 | X84: 76.951698
A85: Beryx splendens | D85: Unresolved
A86: Choromytilus chorus | B86: 2 | C86: 10 | D86: Macrobenthos | E86: 100.34153 | F86: 10 | G86: 9.716344 | H86: 7.967402 | I86: 8.646561 | J86: 8.646561 | K86: 6.833334 | L86: 0 | M86: 0 | N86: 0 | O86: -52.690508 | P86: -186.12507 | Q86: 0 | S86: -52.690508 | U86: 90.228787 | V86: 93.937016 | W86: 928.12967 | X86: 0
A87: Zearaja chilensis | B87: 4.46 | C87: 2884.0315 | D87: Benthic elasmobranchs | E87: 100.34153 | F87: 227.67211 | G87: 212.74056 | H87: 1440.7112 | I87: 5821.0325 | J87: 5832.4937 | K87: 3842.0141 | L87: 7895.7242 | M87: 7895.7242 | N87: 7895.7242 | O87: -486.53874 | P87: -1040.2873 | Q87: 7895.7242 | S87: -486.53874 | U87: 552.92304 | V87: 574.30132 | W87: 8947.0594 | X87: 9306.4634
A88: Ameghinomya antiqua | B88: 2 | C88: 10 | D88: Macrobenthos | E88: 100.34153 | F88: 10 | G88: 9.716344 | H88: 7.967402 | I88: 8.646561 | J88: 8.646561 | K88: 6.833334 | L88: 0 | M88: 0 | N88: 0 | O88: -52.690508 | P88: -186.12507 | Q88: 0 | S88: -52.690508 | U88: 90.228787 | V88: 93.937016 | W88: 928.12967 | X88: 0
A89: Fissurella maxima | B89: 2 | C89: 10 | D89: Macrobenthos | E89: 100.34153 | F89: 10 | G89: 9.716344 | H89: 7.967402 | I89: 8.646561 | J89: 8.646561 | K89: 6.833334 | L89: 0 | M89: 0 | N89: 0 | O89: -52.690508 | P89: -186.12507 | Q89: 0 | S89: -52.690508 | U89: 90.228787 | V89: 93.937016 | W89: 928.12967 | X89: 0
A90: Tagelus dombeii | B90: 2 | C90: 10 | D90: Macrobenthos | E90: 100.34153 | F90: 10 | G90: 9.716344 | H90: 7.967402 | I90: 8.646561 | J90: 8.646561 | K90: 6.833334 | L90: 0 | M90: 0 | N90: 0 | O90: -52.690508 | P90: -186.12507 | Q90: 0 | S90: -52.690508 | U90: 90.228787 | V90: 93.937016 | W90: 928.12967 | X90: 0
A91: Stromateus stellatus | B91: 3.59 | C91: 389.04514 | D91: Butter fishes | E91: 100.34153 | F91: 40.75629 | G91: 38.910954 | H91: 254.06265 | I91: 240515.69 | J91: 240515.69 | K91: 129098.63 | L91: 319777.86 | M91: 319777.86 | N91: 319777.86 | O91: -101.42483 | P91: -272.82819 | Q91: 319777.86 | S91: -101.42483 | U91: 139.31723 | V91: 144.84665 | W91: 2135.6132 | X91: 368049.71
A92: Taliepus dentatus | B92: 2 | C92: 10 | D92: Macrobenthos | E92: 100.34153 | F92: 10 | G92: 9.716344 | H92: 7.967402 | I92: 8.646561 | J92: 8.646561 | K92: 6.833334 | L92: 0 | M92: 0 | N92: 0 | O92: -52.690508 | P92: -186.12507 | Q92: 0 | S92: -52.690508 | U92: 90.228787 | V92: 93.937016 | W92: 928.12967 | X92: 0
A93: Seriolella punctata | B93: 3.4 | C93: 251.18864 | D93: Unresolved
A94: Haemulidae | B94: 3.36 | C94: 229.08677 | D94: Medium demersal fish | E94: 100.34153 | F94: 150.44686 | G94: 141.30976 | H94: 337.73726 | I94: 88.13505 | J94: 88.674589 | K94: 72.727111 | L94: 68.199492 | M94: 68.199492 | N94: 68.199492 | O94: -298.79382 | P94: -775.13504 | Q94: 68.199492 | S94: -298.79382 | U94: 395.80425 | V94: 411.51637 | W94: 4936.6461 | X94: 76.951698
A95: Ensis macha | B95: 2 | C95: 10 | D95: Macrobenthos | E95: 100.34153 | F95: 10 | G95: 9.716344 | H95: 7.967402 | I95: 8.646561 | J95: 8.646561 | K95: 6.833334 | L95: 0 | M95: 0 | N95: 0 | O95: -52.690508 | P95: -186.12507 | Q95: 0 | S95: -52.690508 | U95: 90.228787 | V95: 93.937016 | W95: 928.12967 | X95: 0
A96: Odontocymbiola magellanica | B96: 3.22 | C96: 165.95869 | D96: Macrobenthos | E96: 100.34153 | F96: 10 | G96: 9.716344 | H96: 7.967402 | I96: 8.646561 | J96: 8.646561 | K96: 6.833334 | L96: 0 | M96: 0 | N96: 0 | O96: -52.690508 | P96: -186.12507 | Q96: 0 | S96: -52.690508 | U96: 90.228787 | V96: 93.937016 | W96: 928.12967 | X96: 0
A97: Thunnus obesus | B97: 4.49 | C97: 3090.2954 | D97: Other large pelagic fish | E97: 100.34153 | F97: 721.56117 | G97: 664.58883 | H97: 1922.6672 | I97: 706.38869 | J97: 729.17682 | K97: 389.36033 | L97: 1277.7568 | M97: 1277.7568 | N97: 1277.7568 | O97: -480.62918 | P97: -710.36627 | Q97: 1277.7568 | S97: -480.62918 | U97: 482.97705 | V97: 498.98955 | W97: 10482.765 | X97: 1534.3632
A98: Alopias vulpinus | B98: 4.5 | C98: 3162.2777 | D98: Chondrichthyans | E98: 100.34153 | F98: 2800.5163 | G98: 2536.049 | H98: 9811.5456 | I98: 3407.597 | J98: 3611.4095 | K98: 2037.6702 | L98: 7571.3386 | M98: 7571.3386 | N98: 7571.3386 | O98: -1529.3988 | P98: -1805.5698 | Q98: 7571.3386 | S98: -1529.3988 | U98: 1165.1128 | V98: 1204.9742 | W98: 32225.774 | X98: 9364.4627
A99: Elasmobranchii | B99: 4.05 | C99: 1122.0185 | D99: Benthic elasmobranchs | Chondrichthyans | E99: 100.34153 | F99: 1136.3621 | G99: 1033.2982 | H99: 4397.1644 | I99: 4968.6433 | J99: 5048.0401 | K99: 3204.7469 | L99: 7781.156 | M99: 7781.156 | N99: 7781.156 | O99: -854.86128 | P99: -1310.5736 | Q99: 7781.156 | S99: -854.86128 | U99: 769.13928 | V99: 797.04553 | W99: 17168.752 | X99: 9326.9479
A100: Haliporoides diomedeae | B100: 2.6 | C100: 39.810717 | D100: Macrobenthos | E100: 100.34153 | F100: 10 | G100: 9.716344 | H100: 7.967402 | I100: 8.646561 | J100: 8.646561 | K100: 6.833334 | L100: 0 | M100: 0 | N100: 0 | O100: -52.690508 | P100: -186.12507 | Q100: 0 | S100: -52.690508 | U100: 90.228787 | V100: 93.937016 | W100: 928.12967 | X100: 0
...

Sheet PPR inner
A1: Total PPR by method and year — every taxon summed, tonnes wet weight equivalent of primary production.
A2: Internal sources: primary producers and detritus; excludes imports. The simple chain rows are unpartitioned references; model rows use this scope.
A3: Methods are not alternatives to be averaged. They rest on different assumptions and the spread between them is the result.
A4: The two grey rows aggregate the catch to a group before exponentiating, which understates the total: SPPR is convex in trophic level, so they measure the Jensen effect rather than the PPR.
A5: method | B5: status | C5: 1950 | D5: 1951 | E5: 1952 | F5: 1953 | G5: 1954 | H5: 1955 | I5: 1956 | J5: 1957 | K5: 1958 | L5: 1959 | M5: 1960 | N5: 1961 | O5: 1962 | P5: 1963 | Q5: 1964 | R5: 1965 | S5: 1966 | T5: 1967 | U5: 1968 | V5: 1969 | W5: 1970 | X5: 1971 | Y5: 1972 | Z5: 1973 | AA5: 1974 | AB5: 1975 | AC5: 1976 | AD5: 1977 | AE5: 1978 | AF5: 1979 | AG5: 1980 | AH5: 1981 | AI5: 1982 | AJ5: 1983 | AK5: 1984 | AL5: 1985 | AM5: 1986 | AN5: 1987 | AO5: 1988 | AP5: 1989 | AQ5: 1990 | AR5: 1991 | AS5: 1992 | AT5: 1993 | AU5: 1994 | AV5: 1995 | AW5: 1996 | AX5: 1997 | AY5: 1998 | AZ5: 1999 | BA5: 2000 | BB5: 2001 | BC5: 2002 | BD5: 2003 | BE5: 2004 | BF5: 2005 | BG5: 2006 | BH5: 2007 | BI5: 2008 | BJ5: 2009 | BK5: 2010 | BL5: 2011 | BM5: 2012 | BN5: 2013 | BO5: 2014 | BP5: 2015 | BQ5: 2016 | BR5: 2017 | BS5: 2018 | BT5: 2019
A6: simple trophic chain, per taxon | B6: ok | C6: 2.6683935e+08 | D6: 3.3732702e+08 | E6: 3.9471552e+08 | F6: 3.4738331e+08 | G6: 3.7143913e+08 | H6: 5.2078429e+08 | I6: 5.2295353e+08 | J6: 4.4905999e+08 | K6: 4.9763083e+08 | L6: 6.1824572e+08 | M6: 7.8733261e+08 | N6: 8.9759123e+08 | O6: 9.9452416e+08 | P6: 1.153028e+09 | Q6: 1.3320035e+09 | R6: 1.0161146e+09 | S6: 1.1754176e+09 | T6: 1.2869375e+09 | U6: 1.3156041e+09 | V6: 1.1520104e+09 | W6: 1.5216568e+09 | X6: 1.319944e+09 | Y6: 1.0027491e+09 | Z6: 1.0277251e+09 | AA6: 1.038412e+09 | AB6: 8.5803326e+08 | AC6: 9.1004573e+08 | AD6: 1.15723e+09 | AE6: 1.9378296e+09 | AF6: 1.0222211e+09 | AG6: 1.2889308e+09 | AH6: 1.1960154e+09 | AI6: 1.3956441e+09 | AJ6: 1.1918909e+09 | AK6: 1.3621175e+09 | AL6: 1.2056168e+09 | AM6: 1.4831031e+09 | AN6: 1.5840283e+09 | AO6: 2.1765496e+09 | AP6: 2.376708e+09 | AQ6: 2.4905129e+09 | AR6: 2.3340333e+09 | AS6: 2.358993e+09 | AT6: 2.4243573e+09 | AU6: 2.9994724e+09 | AV6: 2.9828472e+09 | AW6: 3.1016869e+09 | AX6: 2.425609e+09 | AY6: 2.0659665e+09 | AZ6: 2.1484335e+09 | BA6: 2.0766485e+09 | BB6: 2.5656294e+09 | BC6: 1.8847128e+09 | BD6: 2.308319e+09 | BE6: 2.972909e+09 | BF6: 3.1236783e+09 | BG6: 3.0360153e+09 | BH6: 2.6611749e+09 | BI6: 3.034655e+09 | BJ6: 2.6970947e+09 | BK6: 2.2448314e+09 | BL6: 2.8584186e+09 | BM6: 2.6395297e+09 | BN6: 2.4605015e+09 | BO6: 2.8479657e+09 | BP6: 2.8827958e+09 | BQ6: 2.5286592e+09 | BR6: 2.3932777e+09 | BS6: 2.4922627e+09 | BT6: 2.6120525e+09
A7: simple, aggregated to SAU functional group | B7: Jensen comparison, not a PPR estimate | C7: 2.0957745e+08 | D7: 2.66937e+08 | E7: 3.1325906e+08 | F7: 2.7057803e+08 | G7: 2.8745431e+08 | H7: 4.2288843e+08 | I7: 4.096468e+08 | J7: 3.3353232e+08 | K7: 3.7138969e+08 | L7: 4.6829612e+08 | M7: 6.0773259e+08 | N7: 7.1962832e+08 | O7: 8.1983961e+08 | P7: 9.57274e+08 | Q7: 1.1083609e+09 | R7: 8.3918295e+08 | S7: 9.5188556e+08 | T7: 1.0848667e+09 | U7: 1.1348546e+09 | V7: 9.6102812e+08 | W7: 1.2996395e+09 | X7: 1.0829468e+09 | Y7: 7.2240732e+08 | Z7: 8.457408e+08 | AA7: 9.2115374e+08 | AB7: 7.6878315e+08 | AC7: 8.3134731e+08 | AD7: 9.9653229e+08 | AE7: 1.7495536e+09 | AF7: 8.9025007e+08 | AG7: 1.0767098e+09 | AH7: 9.3967356e+08 | AI7: 1.0730796e+09 | AJ7: 8.7488698e+08 | AK7: 1.0206836e+09 | AL7: 9.8766742e+08 | AM7: 1.2356173e+09 | AN7: 1.2901334e+09 | AO7: 1.7570726e+09 | AP7: 1.9325791e+09 | AQ7: 2.0122595e+09 | AR7: 1.9752346e+09 | AS7: 1.9380947e+09 | AT7: 2.0742522e+09 | AU7: 2.6531798e+09 | AV7: 2.6076936e+09 | AW7: 2.755597e+09 | AX7: 2.1581133e+09 | AY7: 1.7244097e+09 | AZ7: 1.8870068e+09 | BA7: 1.8431018e+09 | BB7: 2.2868772e+09 | BC7: 1.7275286e+09 | BD7: 2.0727208e+09 | BE7: 2.7610095e+09 | BF7: 2.9293541e+09 | BG7: 2.8512238e+09 | BH7: 2.4484417e+09 | BI7: 2.6263413e+09 | BJ7: 2.2981677e+09 | BK7: 1.7813433e+09 | BL7: 2.616255e+09 | BM7: 2.3744181e+09 | BN7: 2.2278429e+09 | BO7: 2.5569768e+09 | BP7: 2.495052e+09 | BQ7: 2.1984993e+09 | BR7: 2.0488031e+09 | BS7: 2.1909583e+09 | BT7: 2.2399184e+09
A8: simple, aggregated to SAU commercial group | B8: Jensen comparison, not a PPR estimate | C8: 2.526025e+08 | D8: 3.2271184e+08 | E8: 3.7750116e+08 | F8: 3.3197539e+08 | G8: 3.5610869e+08 | H8: 4.9949369e+08 | I8: 5.0171231e+08 | J8: 4.2164416e+08 | K8: 4.720234e+08 | L8: 5.9481712e+08 | M8: 7.557726e+08 | N8: 8.7553523e+08 | O8: 9.6691066e+08 | P8: 1.1251997e+09 | Q8: 1.293203e+09 | R8: 9.8705387e+08 | S8: 1.1447869e+09 | T8: 1.2471198e+09 | U8: 1.2766017e+09 | V8: 1.1126964e+09 | W8: 1.4575751e+09 | X8: 1.2716261e+09 | Y8: 9.5966654e+08 | Z8: 9.610069e+08 | AA8: 9.729184e+08 | AB8: 8.0666863e+08 | AC8: 8.7149304e+08 | AD8: 1.1000764e+09 | AE8: 1.875016e+09 | AF8: 9.6705789e+08 | AG8: 1.2111776e+09 | AH8: 1.1060482e+09 | AI8: 1.3004485e+09 | AJ8: 1.109946e+09 | AK8: 1.2615706e+09 | AL8: 1.1284785e+09 | AM8: 1.3771565e+09 | AN8: 1.4755443e+09 | AO8: 1.9865172e+09 | AP8: 2.1685203e+09 | AQ8: 2.3063608e+09 | AR8: 2.1160329e+09 | AS8: 2.0921055e+09 | AT8: 2.1475236e+09 | AU8: 2.6921845e+09 | AV8: 2.6324564e+09 | AW8: 2.7938055e+09 | AX8: 2.230689e+09 | AY8: 1.738553e+09 | AZ8: 1.8479106e+09 | BA8: 1.7785973e+09 | BB8: 2.1516075e+09 | BC8: 1.5091039e+09 | BD8: 1.8509651e+09 | BE8: 2.466112e+09 | BF8: 2.5704157e+09 | BG8: 2.5172744e+09 | BH8: 2.1539315e+09 | BI8: 2.4137213e+09 | BJ8: 2.0970007e+09 | BK8: 1.6338749e+09 | BL8: 2.2358898e+09 | BM8: 1.9839925e+09 | BN8: 1.8628437e+09 | BO8: 2.1488886e+09 | BP8: 2.3534576e+09 | BQ8: 2.0687851e+09 | BR8: 2.0182037e+09 | BS8: 2.0738673e+09 | BT8: 2.0586713e+09
A9: SPPR_1986 | B9: ok | C9: 16115693 | D9: 19928565 | E9: 21588693 | F9: 22752479 | G9: 25654362 | H9: 31855066 | I9: 38287088 | J9: 57941900 | K9: 1.0540298e+08 | L9: 2.4578443e+08 | M9: 4.3072152e+08 | N9: 6.5486226e+08 | O9: 8.7707327e+08 | P9: 9.6296327e+08 | Q9: 1.3456902e+09 | R9: 9.6684845e+08 | S9: 1.2288807e+09 | T9: 1.3860887e+09 | U9: 1.4730661e+09 | V9: 1.256682e+09 | W9: 1.7860934e+09 | X9: 1.4954197e+09 | Y9: 6.2917383e+08 | Z9: 3.2016771e+08 | AA9: 6.900721e+08 | AB9: 5.6990889e+08 | AC9: 7.0243998e+08 | AD9: 5.4377447e+08 | AE9: 7.7418037e+08 | AF9: 6.8075893e+08 | AG9: 5.9977757e+08 | AH9: 6.8013264e+08 | AI9: 9.9409031e+08 | AJ9: 6.7637184e+08 | AK9: 8.746784e+08 | AL9: 9.9769327e+08 | AM9: 1.2722866e+09 | AN9: 1.0975299e+09 | AO9: 1.2965726e+09 | AP9: 1.4915718e+09 | AQ9: 1.351556e+09 | AR9: 1.4028749e+09 | AS9: 1.4905859e+09 | AT9: 1.5879601e+09 | AU9: 2.1470389e+09 | AV9: 1.6860813e+09 | AW9: 1.7297115e+09 | AX9: 1.4234516e+09 | AY9: 7.510442e+08 | AZ9: 1.4520705e+09 | BA9: 1.7211649e+09 | BB9: 1.3246109e+09 | BC9: 1.4772123e+09 | BD9: 1.1236563e+09 | BE9: 1.7426347e+09 | BF9: 1.6455529e+09 | BG9: 1.2781456e+09 | BH9: 1.2555422e+09 | BI9: 1.2592561e+09 | BJ9: 1.184348e+09 | BK9: 8.1328789e+08 | BL9: 1.427071e+09 | BM9: 8.8643025e+08 | BN9: 9.1430666e+08 | BO9: 7.0762319e+08 | BP9: 7.271846e+08 | BQ9: 5.9244224e+08 | BR9: 6.4788871e+08 | BS9: 9.7469331e+08 | BT9: 7.3072743e+08
A10: SPPR_1995_TE0.1 | B10: ok | C10: 44301837 | D10: 58096058 | E10: 62931928 | F10: 54523785 | G10: 65555937 | H10: 88718292 | I10: 99157640 | J10: 97873842 | K10: 1.4188822e+08 | L10: 2.6543882e+08 | M10: 4.2715219e+08 | N10: 6.1226067e+08 | O10: 7.8430161e+08 | P10: 8.9047155e+08 | Q10: 1.20973e+09 | R10: 8.4835946e+08 | S10: 1.0682774e+09 | T10: 1.205348e+09 | U10: 1.2523043e+09 | V10: 1.0842154e+09 | W10: 1.5012812e+09 | X10: 1.3076352e+09 | Y10: 6.2557237e+08 | Z10: 4.4076088e+08 | AA10: 7.6298298e+08 | AB10: 6.1941674e+08 | AC10: 7.5354925e+08 | AD10: 8.7630706e+08 | AE10: 1.2796433e+09 | AF10: 9.0626011e+08 | AG10: 8.4618158e+08 | AH10: 9.4931654e+08 | AI10: 1.3048745e+09 | AJ10: 1.041742e+09 | AK10: 1.3016669e+09 | AL10: 1.3347819e+09 | AM10: 1.4854519e+09 | AN10: 1.4305236e+09 | AO10: 1.7334839e+09 | AP10: 1.9526725e+09 | AQ10: 1.9469979e+09 | AR10: 1.9939281e+09 | AS10: 1.9580244e+09 | AT10: 2.0353028e+09 | AU10: 2.6146062e+09 | AV10: 2.2936624e+09 | AW10: 2.2571011e+09 | AX10: 1.9444437e+09 | AY10: 1.2077561e+09 | AZ10: 1.7301171e+09 | BA10: 1.8674095e+09 | BB10: 1.8656005e+09 | BC10: 1.7093682e+09 | BD10: 1.730566e+09 | BE10: 2.3644067e+09 | BF10: 2.2787564e+09 | BG10: 2.0853604e+09 | BH10: 1.8810166e+09 | BI10: 1.9547405e+09 | BJ10: 1.7427645e+09 | BK10: 1.3214843e+09 | BL10: 1.9406212e+09 | BM10: 1.5721798e+09 | BN10: 1.5066778e+09 | BO10: 1.5642012e+09 | BP10: 1.4909637e+09 | BQ10: 1.2970253e+09 | BR10: 1.2603564e+09 | BS10: 1.5318573e+09 | BT10: 1.4227869e+09
A11: SPPR_1995_TEmean | B11: ok | C11: 41000781 | D11: 53742695 | E11: 58226984 | F11: 50539524 | G11: 60737831 | H11: 82128552 | I11: 91845699 | J11: 91158211 | K11: 1.3263767e+08 | L11: 2.4929287e+08 | M11: 4.0198609e+08 | N11: 5.7703585e+08 | O11: 7.4008338e+08 | P11: 8.398246e+08 | Q11: 1.1418261e+09 | R11: 8.0098706e+08 | S11: 1.0088946e+09 | T11: 1.1382565e+09 | U11: 1.1833413e+09 | V11: 1.0241165e+09 | W11: 1.4185537e+09 | X11: 1.2348334e+09 | Y11: 5.88808e+08 | Z11: 4.1250116e+08 | AA11: 7.1709509e+08 | AB11: 5.8247341e+08 | AC11: 7.0872969e+08 | AD11: 8.2001988e+08 | AE11: 1.1967681e+09 | AF11: 8.5044189e+08 | AG11: 7.9324145e+08 | AH11: 8.9040243e+08 | AI11: 1.2255033e+09 | AJ11: 9.7628685e+08 | AK11: 1.2203423e+09 | AL11: 1.2534337e+09 | AM11: 1.3970768e+09 | AN11: 1.3433499e+09 | AO11: 1.6270437e+09 | AP11: 1.8329995e+09 | AQ11: 1.825175e+09 | AR11: 1.8694054e+09 | AS11: 1.8369268e+09 | AT11: 1.9092372e+09 | AU11: 2.454787e+09 | AV11: 2.1502774e+09 | AW11: 2.1175224e+09 | AX11: 1.8228269e+09 | AY11: 1.1291831e+09 | AZ11: 1.6246875e+09 | BA11: 1.7558499e+09 | BB11: 1.7467262e+09 | BC11: 1.6045396e+09 | BD11: 1.6173238e+09 | BE11: 2.2132664e+09 | BF11: 2.1316359e+09 | BG11: 1.9460518e+09 | BH11: 1.7577316e+09 | BI11: 1.8249238e+09 | BJ11: 1.6282206e+09 | BK11: 1.2321893e+09 | BL11: 1.8146508e+09 | BM11: 1.4642514e+09 | BN11: 1.404103e+09 | BO11: 1.4525677e+09 | BP11: 1.3847012e+09 | BQ11: 1.2043343e+09 | BR11: 1.1715853e+09 | BS11: 1.4286218e+09 | BT11: 1.3231067e+09
A12: Ulanowicz_globalTEmean | B12: ok | C12: 1.2000187e+08 | D12: 1.5539429e+08 | E12: 1.7006772e+08 | F12: 1.4582839e+08 | G12: 1.7719078e+08 | H12: 2.3547129e+08 | I12: 2.6283324e+08 | J12: 2.5036092e+08 | K12: 3.4888546e+08 | L12: 6.2371427e+08 | M12: 9.8586177e+08 | N12: 1.3852568e+09 | O12: 1.7565649e+09 | P12: 2.0328717e+09 | Q12: 2.7474847e+09 | R12: 1.8940234e+09 | S12: 2.3829526e+09 | T12: 2.7054302e+09 | U12: 2.7982924e+09 | V12: 2.4212044e+09 | W12: 3.3630303e+09 | X12: 2.9578741e+09 | Y12: 1.4674932e+09 | Z12: 1.2107032e+09 | AA12: 1.9063343e+09 | AB12: 1.6037699e+09 | AC12: 1.8611791e+09 | AD12: 2.4023001e+09 | AE12: 3.5586938e+09 | AF12: 2.187765e+09 | AG12: 2.0953985e+09 | AH12: 2.4670217e+09 | AI12: 3.1952782e+09 | AJ12: 2.7809231e+09 | AK12: 3.2747704e+09 | AL12: 3.2285763e+09 | AM12: 3.602237e+09 | AN12: 3.6023762e+09 | AO12: 4.4711747e+09 | AP12: 5.1409801e+09 | AQ12: 5.2154002e+09 | AR12: 5.2118835e+09 | AS12: 5.0405753e+09 | AT12: 5.3205433e+09 | AU12: 6.7845265e+09 | AV12: 6.3741608e+09 | AW12: 6.268359e+09 | AX12: 5.452165e+09 | AY12: 3.4129781e+09 | AZ12: 4.2741424e+09 | BA12: 4.5816811e+09 | BB12: 5.0339839e+09 | BC12: 4.2120835e+09 | BD12: 4.3538828e+09 | BE12: 5.7412017e+09 | BF12: 5.4529332e+09 | BG12: 5.0821626e+09 | BH12: 4.6137455e+09 | BI12: 4.5586444e+09 | BJ12: 4.1149423e+09 | BK12: 3.0391037e+09 | BL12: 4.4808155e+09 | BM12: 3.6500218e+09 | BN12: 3.5111965e+09 | BO12: 3.677105e+09 | BP12: 3.4180562e+09 | BQ12: 3.0981762e+09 | BR12: 3.0367224e+09 | BS12: 3.5906284e+09 | BT12: 3.3952472e+09
A13: Ulanowicz_TE | B13: ok | C13: 91819488 | D13: 95776677 | E13: 1.1777286e+08 | F13: 1.0425739e+08 | G13: 1.3352351e+08 | H13: 1.3761284e+08 | I13: 1.4865311e+08 | J13: 1.5599041e+08 | K13: 1.8974559e+08 | L13: 2.6675155e+08 | M13: 3.6868721e+08 | N13: 4.2795253e+08 | O13: 5.3998164e+08 | P13: 1.0557278e+09 | Q13: 1.4590248e+09 | R13: 5.3911336e+08 | S13: 6.9680728e+08 | T13: 8.5026642e+08 | U13: 8.5430674e+08 | V13: 7.1068175e+08 | W13: 1.0125013e+09 | X13: 8.7112676e+08 | Y13: 5.5314421e+08 | Z13: 1.0430609e+09 | AA13: 1.0139326e+09 | AB13: 9.0421729e+08 | AC13: 1.0046566e+09 | AD13: 1.7811973e+09 | AE13: 2.617617e+09 | AF13: 1.3340269e+09 | AG13: 1.3234875e+09 | AH13: 1.5196912e+09 | AI13: 1.6368039e+09 | AJ13: 1.6250997e+09 | AK13: 2.0272894e+09 | AL13: 1.752167e+09 | AM13: 1.7752714e+09 | AN13: 1.88623e+09 | AO13: 2.3792874e+09 | AP13: 2.7761855e+09 | AQ13: 3.0795736e+09 | AR13: 2.8103302e+09 | AS13: 2.4371872e+09 | AT13: 2.6238708e+09 | AU13: 3.0739113e+09 | AV13: 3.4378055e+09 | AW13: 3.4149432e+09 | AX13: 3.2415144e+09 | AY13: 2.6193726e+09 | AZ13: 2.5237223e+09 | BA13: 1.9963984e+09 | BB13: 2.9905017e+09 | BC13: 1.6839253e+09 | BD13: 2.4820063e+09 | BE13: 2.7819083e+09 | BF13: 2.3819137e+09 | BG13: 2.5076027e+09 | BH13: 2.2485207e+09 | BI13: 1.91321e+09 | BJ13: 1.8491754e+09 | BK13: 1.2680754e+09 | BL13: 1.7731308e+09 | BM13: 1.7583407e+09 | BN13: 1.9555591e+09 | BO13: 2.1248046e+09 | BP13: 1.8905687e+09 | BQ13: 1.7795117e+09 | BR13: 7.0437055e+09 | BS13: 1.6514837e+09 | BT13: 2.2814752e+09
A14: EwE_TE_noEE | B14: ok | C14: 92937241 | D14: 97284753 | E14: 1.1937902e+08 | F14: 1.055572e+08 | G14: 1.3512771e+08 | H14: 1.3985173e+08 | I14: 1.5111992e+08 | J14: 1.5774112e+08 | K14: 1.9171174e+08 | L14: 2.6909812e+08 | M14: 3.7149799e+08 | N14: 4.3096292e+08 | O14: 5.4275941e+08 | P14: 1.0590121e+09 | Q14: 1.462383e+09 | R14: 5.4163455e+08 | S14: 6.9951746e+08 | T14: 8.5342264e+08 | U14: 8.5679432e+08 | V14: 7.1322238e+08 | W14: 1.0150964e+09 | X14: 8.7392808e+08 | Y14: 5.5667984e+08 | Z14: 1.0468936e+09 | AA14: 1.0164373e+09 | AB14: 9.0613811e+08 | AC14: 1.0068377e+09 | AD14: 1.7837891e+09 | AE14: 2.6228693e+09 | AF14: 1.3362228e+09 | AG14: 1.3265879e+09 | AH14: 1.5216676e+09 | AI14: 1.638544e+09 | AJ14: 1.6267849e+09 | AK14: 2.0299673e+09 | AL14: 1.7535657e+09 | AM14: 1.7772517e+09 | AN14: 1.8883979e+09 | AO14: 2.3827631e+09 | AP14: 2.7799536e+09 | AQ14: 3.0840884e+09 | AR14: 2.8167889e+09 | AS14: 2.4457473e+09 | AT14: 2.6349633e+09 | AU14: 3.0867252e+09 | AV14: 3.4472375e+09 | AW14: 3.4214375e+09 | AX14: 3.2475661e+09 | AY14: 2.6254484e+09 | AZ14: 2.5303429e+09 | BA14: 2.0063254e+09 | BB14: 3.0035929e+09 | BC14: 1.6989529e+09 | BD14: 2.5031093e+09 | BE14: 2.8102499e+09 | BF14: 2.4153168e+09 | BG14: 2.5437091e+09 | BH14: 2.2767805e+09 | BI14: 1.9497227e+09 | BJ14: 1.87842e+09 | BK14: 1.2963889e+09 | BL14: 1.8072868e+09 | BM14: 1.7952616e+09 | BN14: 1.9906161e+09 | BO14: 2.1673672e+09 | BP14: 1.9347789e+09 | BQ14: 1.8148162e+09 | BR14: 7.0762346e+09 | BS14: 1.6847223e+09 | BT14: 2.3175852e+09
A15: EwE_TE_EE | B15: ok | C15: 55607360 | D15: 57215671 | E15: 69515124 | F15: 64475138 | G15: 81775349 | H15: 81404694 | I15: 88215980 | J15: 93908559 | K15: 1.1617463e+08 | L15: 1.7452636e+08 | M15: 2.4655312e+08 | N15: 2.9593072e+08 | O15: 3.8176493e+08 | P15: 7.5174442e+08 | Q15: 1.0510762e+09 | R15: 3.8862327e+08 | S15: 4.987029e+08 | T15: 6.0696447e+08 | U15: 6.185998e+08 | V15: 5.1252069e+08 | W15: 7.110094e+08 | X15: 5.9459232e+08 | Y15: 3.5231213e+08 | Z15: 6.5609221e+08 | AA15: 6.0495741e+08 | AB15: 5.1218056e+08 | AC15: 5.292299e+08 | AD15: 7.1555302e+08 | AE15: 1.1612027e+09 | AF15: 6.2413811e+08 | AG15: 6.8592845e+08 | AH15: 6.5544409e+08 | AI15: 7.0967979e+08 | AJ15: 6.1509225e+08 | AK15: 8.1574911e+08 | AL15: 7.6666864e+08 | AM15: 8.6186709e+08 | AN15: 8.1086053e+08 | AO15: 1.0321254e+09 | AP15: 1.1792024e+09 | AQ15: 1.2205241e+09 | AR15: 1.0739589e+09 | AS15: 9.9278913e+08 | AT15: 1.1364563e+09 | AU15: 1.3561892e+09 | AV15: 1.3990741e+09 | AW15: 1.4334282e+09 | AX15: 1.2500305e+09 | AY15: 1.0460465e+09 | AZ15: 1.0035426e+09 | BA15: 1.0073503e+09 | BB15: 1.170335e+09 | BC15: 8.4756323e+08 | BD15: 8.8748457e+08 | BE15: 1.1409733e+09 | BF15: 1.1313609e+09 | BG15: 1.0589848e+09 | BH15: 9.8409961e+08 | BI15: 9.6678204e+08 | BJ15: 9.219433e+08 | BK15: 7.1199521e+08 | BL15: 1.0187292e+09 | BM15: 9.2133137e+08 | BN15: 1.1093142e+09 | BO15: 1.0373141e+09 | BP15: 1.1145528e+09 | BQ15: 7.8376773e+08 | BR15: 3.6494005e+09 | BS15: 9.3048221e+08 | BT15: 1.2174936e+09
A16: SPPR_2015 | B16: ok | C16: 1.4700228e+08 | D16: 1.5681395e+08 | E16: 1.8912116e+08 | F16: 1.6526621e+08 | G16: 2.1005783e+08 | H16: 2.2417058e+08 | I16: 2.4188705e+08 | J16: 2.4404083e+08 | K16: 2.950432e+08 | L16: 4.0656868e+08 | M16: 5.4958311e+08 | N16: 6.327864e+08 | O16: 7.8650257e+08 | P16: 1.5975002e+09 | Q16: 2.1993302e+09 | R16: 7.7417617e+08 | S16: 9.9424097e+08 | T16: 1.2077674e+09 | U16: 1.1961164e+09 | V16: 1.0043277e+09 | W16: 1.4131417e+09 | X16: 1.2209557e+09 | Y16: 8.0797695e+08 | Z16: 1.5324228e+09 | AA16: 1.4257896e+09 | AB16: 1.2708299e+09 | AC16: 1.3999771e+09 | AD16: 2.4574397e+09 | AE16: 3.6334332e+09 | AF16: 1.8416827e+09 | AG16: 1.8486996e+09 | AH16: 2.0814239e+09 | AI16: 2.2230389e+09 | AJ16: 2.2083183e+09 | AK16: 2.7668416e+09 | AL16: 2.3951581e+09 | AM16: 2.4386334e+09 | AN16: 2.568348e+09 | AO16: 3.2504949e+09 | AP16: 3.796416e+09 | AQ16: 4.2228555e+09 | AR16: 3.8678971e+09 | AS16: 3.3919726e+09 | AT16: 3.7007433e+09 | AU16: 4.3150344e+09 | AV16: 4.7682956e+09 | AW16: 4.6991292e+09 | AX16: 4.4599361e+09 | AY16: 3.6942299e+09 | AZ16: 3.5352635e+09 | BA16: 2.8576307e+09 | BB16: 4237740969 | BC16: 2.497142e+09 | BD16: 3.6465898e+09 | BE16: 4.1600453e+09 | BF16: 3.722706e+09 | BG16: 3.9181061e+09 | BH16: 3.462772e+09 | BI16: 3.137342e+09 | BJ16: 2.9472729e+09 | BK16: 2.1545409e+09 | BL16: 2.9160292e+09 | BM16: 2.932544e+09 | BN16: 3.1792539e+09 | BO16: 3.5145899e+09 | BP16: 3.2101542e+09 | BQ16: 2.9437211e+09 | BR16: 9.8833505e+09 | BS16: 2.7213079e+09 | BT16: 3.620482e+09
... A21: sym_TE_asPP | B21: DIVERGED - negative SPPR in a source-model group | C21: 1.4700228e+08 | D21: 1.5681395e+08 | E21: 1.8912116e+08 | F21: 1.6526621e+08 | G21: 2.1005783e+08 | H21: 2.2417058e+08 | I21: 2.4188705e+08 | J21: 2.4404083e+08 | K21: 2.950432e+08 | L21: 4.0656868e+08 | M21: 5.4958311e+08 | N21: 6.327864e+08 | O21: 7.8650257e+08 | P21: 1.5975002e+09 | Q21: 2.1993302e+09 | R21: 7.7417617e+08 | S21: 9.9424097e+08 | T21: 1.2077674e+09 | U21: 1.1961164e+09 | V21: 1.0043277e+09 | W21: 1.4131417e+09 | X21: 1.2209557e+09 | Y21: 8.0797695e+08 | Z21: 1.5324228e+09 | AA21: 1.4257896e+09 | AB21: 1.2708299e+09 | AC21: 1.3999771e+09 | AD21: 2.4574397e+09 | AE21: 3.6334332e+09 | AF21: 1.8416827e+09 | AG21: 1.8486996e+09 | AH21: 2.0814239e+09 | AI21: 2.2230389e+09 | AJ21: 2.2083183e+09 | AK21: 2.7668416e+09 | AL21: 2.3951581e+09 | AM21: 2.4386334e+09 | AN21: 2.568348e+09 | AO21: 3.2504949e+09 | AP21: 3.796416e+09 | AQ21: 4.2228555e+09 | AR21: 3.8678971e+09 | AS21: 3.3919726e+09 | AT21: 3.7007433e+09 | AU21: 4.3150344e+09 | AV21: 4.7682956e+09 | AW21: 4.6991292e+09 | AX21: 4.4599361e+09 | AY21: 3.6942299e+09 | AZ21: 3.5352635e+09 | BA21: 2.8576307e+09 | BB21: 4237740969 | BC21: 2.497142e+09 | BD21: 3.6465898e+09 | BE21: 4.1600453e+09 | BF21: 3.722706e+09 | BG21: 3.9181061e+09 | BH21: 3.462772e+09 | BI21: 3.137342e+09 | BJ21: 2.9472729e+09 | BK21: 2.1545409e+09 | BL21: 2.9160292e+09 | BM21: 2.932544e+09 | BN21: 3.1792539e+09 | BO21: 3.5145899e+09 | BP21: 3.2101542e+09 | BQ21: 2.9437211e+09 | BR21: 9.8833505e+09 | BS21: 2.7213079e+09 | BT21: 3.620482e+09
A22: sym_TE_asDC | B22: did not resolve for any mapped group
A23: sym_GE_asPP | B23: DIVERGED - negative SPPR in a source-model group | C23: -36282285 | D23: -45079336 | E23: -49776801 | F23: -43678701 | G23: -52346099 | H23: -66832337 | I23: -74534249 | J23: -74999274 | K23: -1.0244775e+08 | L23: -1.760863e+08 | M23: -2.7541905e+08 | N23: -3.8270728e+08 | O23: -4.9302131e+08 | P23: -6.506142e+08 | Q23: -8.9022825e+08 | R23: -5.1882125e+08 | S23: -6.575975e+08 | T23: -7.4703262e+08 | U23: -7.6986715e+08 | V23: -6.649668e+08 | W23: -9.4808948e+08 | X23: -8.0757612e+08 | Y23: -4.0695951e+08 | Z23: -3.6150974e+08 | AA23: -5.4695572e+08 | AB23: -4.4851876e+08 | AC23: -5.2548039e+08 | AD23: -6.8914391e+08 | AE23: -9.810387e+08 | AF23: -6.4173986e+08 | AG23: -6.0350121e+08 | AH23: -7.0004504e+08 | AI23: -9.1182823e+08 | AJ23: -7.8645909e+08 | AK23: -9.5320962e+08 | AL23: -9.4233363e+08 | AM23: -1.0284134e+09 | AN23: -1.0175842e+09 | AO23: -1.2360778e+09 | AP23: -1.4190595e+09 | AQ23: -1.445033e+09 | AR23: -1.4308747e+09 | AS23: -1.370356e+09 | AT23: -1.4196308e+09 | AU23: -1.7854463e+09 | AV23: -1.6784087e+09 | AW23: -1.65294e+09 | AX23: -1.4535884e+09 | AY23: -1.0002855e+09 | AZ23: -1.2204438e+09 | BA23: -1.2351402e+09 | BB23: -1.3530789e+09 | BC23: -1.1073248e+09 | BD23: -1.1766532e+09 | BE23: -1.5300891e+09 | BF23: -1.436828e+09 | BG23: -1.3330599e+09 | BH23: -1.2233869e+09 | BI23: -1.1912594e+09 | BJ23: -1.0959121e+09 | BK23: -7.8812658e+08 | BL23: -1.1722127e+09 | BM23: -9.4185808e+08 | BN23: -9.0139794e+08 | BO23: -9.493063e+08 | BP23: -8.412222e+08 | BQ23: -7.8485812e+08 | BR23: -7.6404698e+08 | BS23: -9.0620902e+08 | BT23: -8.6885106e+08
A24: sym_GE_asDC | B24: did not resolve for any mapped group
A25: sym_WithEgestion_asPP | B25: ok | C25: 40298284 | D25: 49368887 | E25: 54538926 | F25: 48790560 | G25: 57979215 | H25: 72812865 | I25: 81619767 | J25: 86086970 | K25: 1.2047269e+08 | L25: 2.1325626e+08 | M25: 3.3864073e+08 | N25: 4.7650728e+08 | O25: 6.2133694e+08 | P25: 8.2435095e+08 | Q25: 1.1354546e+09 | R25: 6.5473115e+08 | S25: 8.3178801e+08 | T25: 9.4350578e+08 | U25: 9.7745751e+08 | V25: 8.4154192e+08 | W25: 1.2080608e+09 | X25: 1.0127096e+09 | Y25: 4.9535141e+08 | Z25: 4.1143333e+08 | AA25: 6.3778924e+08 | AB25: 5.1931633e+08 | AC25: 6.1669491e+08 | AD25: 7.4024543e+08 | AE25: 1.0400369e+09 | AF25: 7.2621091e+08 | AG25: 6.7223147e+08 | AH25: 7.6857239e+08 | AI25: 1.0180225e+09 | AJ25: 8.420066e+08 | AK25: 1.0441725e+09 | AL25: 1.0544111e+09 | AM25: 1.1802557e+09 | AN25: 1.1310117e+09 | AO25: 1.3569904e+09 | AP25: 1.5599096e+09 | AQ25: 1.5614667e+09 | AR25: 1.5472644e+09 | AS25: 1.5075406e+09 | AT25: 1.5633371e+09 | AU25: 1.9786505e+09 | AV25: 1.8005651e+09 | AW25: 1.7874603e+09 | AX25: 1.5640955e+09 | AY25: 1.0880861e+09 | AZ25: 1.4097843e+09 | BA25: 1.4352858e+09 | BB25: 1.4689274e+09 | BC25: 1.2615445e+09 | BD25: 1.2749367e+09 | BE25: 1.6995662e+09 | BF25: 1.5955083e+09 | BG25: 1.4294975e+09 | BH25: 1.3341677e+09 | BI25: 1.3021118e+09 | BJ25: 1.2141011e+09 | BK25: 8.6185598e+08 | BL25: 1.3153471e+09 | BM25: 1.0072885e+09 | BN25: 9.7745967e+08 | BO25: 9.8577281e+08 | BP25: 8.801651e+08 | BQ25: 8.1678772e+08 | BR25: 8.0532811e+08 | BS25: 9.8502557e+08 | BT25: 9.1615297e+08
A26: sym_WithEgestion_asDC | B26: ok | C26: 41711773 | D26: 51080460 | E26: 56436786 | F26: 50499230 | G26: 60004064 | H26: 75323780 | I26: 84436244 | J26: 89084979 | K26: 1.2462733e+08 | L26: 2.2051791e+08 | M26: 3.5012621e+08 | N26: 4.9259554e+08 | O26: 6.4238805e+08 | P26: 8.5321478e+08 | Q26: 1.1752994e+09 | R26: 6.7677589e+08 | S26: 8.5984236e+08 | T26: 9.7538676e+08 | U26: 1.0104519e+09 | V26: 8.6991855e+08 | W26: 1.2491216e+09 | X26: 1.0468527e+09 | Y26: 5.1216955e+08 | Z26: 4.2603332e+08 | AA26: 6.598963e+08 | AB26: 5.372816e+08 | AC26: 6.3785844e+08 | AD26: 7.6585195e+08 | AE26: 1.0758818e+09 | AF26: 7.5117369e+08 | AG26: 6.9541519e+08 | AH26: 7.9500217e+08 | AI26: 1.0528184e+09 | AJ26: 8.710009e+08 | AK26: 1.0800499e+09 | AL26: 1.0905808e+09 | AM26: 1.2206736e+09 | AN26: 1.1697547e+09 | AO26: 1.4034002e+09 | AP26: 1.6133829e+09 | AQ26: 1.6150152e+09 | AR26: 1.6001664e+09 | AS26: 1.5590442e+09 | AT26: 1.6167224e+09 | AU26: 2.0459939e+09 | AV26: 1.8621748e+09 | AW26: 1.8485461e+09 | AX26: 1.6175452e+09 | AY26: 1.1260092e+09 | AZ26: 1.4580834e+09 | BA26: 1.484204e+09 | BB26: 1.5192068e+09 | BC26: 1.3045394e+09 | BD26: 1.3184964e+09 | BE26: 1.7573999e+09 | BF26: 1.6499622e+09 | BG26: 1.4783769e+09 | BH26: 1.3798895e+09 | BI26: 1.3467284e+09 | BJ26: 1.2557462e+09 | BK26: 8.9164165e+08 | BL26: 1.3603909e+09 | BM26: 1.0419905e+09 | BN26: 1.0111773e+09 | BO26: 1.0199031e+09 | BP26: 9.1034494e+08 | BQ26: 8.4491404e+08 | BR26: 8.3292371e+08 | BS26: 1.0186388e+09 | BT26: 9.4773182e+08
A27: MC_new_GE | B27: ok | C27: 7.7577839e+08 | D27: 9.6996585e+08 | E27: 1.0670688e+09 | F27: 9.3184206e+08 | G27: 1.1185665e+09 | H27: 1.440434e+09 | I27: 1.6043013e+09 | J27: 1.6138448e+09 | K27: 2.2447908e+09 | L27: 3.931973e+09 | M27: 6.1896798e+09 | N27: 8.6709725e+09 | O27: 1.115588e+10 | P27: 1.4253949e+10 | Q27: 1.9487933e+10 | R27: 1.1821459e+10 | S27: 1.4967359e+10 | T27: 1.69533e+10 | U27: 1.7507001e+10 | V27: 1.5127881e+10 | W27: 2.1434774e+10 | X27: 1.8316682e+10 | Y27: 9.1004113e+09 | Z27: 7.5833453e+09 | AA27: 1.1870768e+10 | AB27: 9.6560011e+09 | AC27: 1.1425287e+10 | AD27: 1.4480624e+10 | AE27: 2.0594955e+10 | AF27: 1.3662095e+10 | AG27: 1.2738898e+10 | AH27: 1.4830235e+10 | AI27: 1.9457832e+10 | AJ27: 1.6520264e+10 | AK27: 2.0141472e+10 | AL27: 2.0047204e+10 | AM27: 2.2149907e+10 | AN27: 2.1691785e+10 | AO27: 2.6334004e+10 | AP27: 3.0239212e+10 | AQ27: 3.0649325e+10 | AR27: 3.0472029e+10 | AS27: 2.9420371e+10 | AT27: 3.0626534e+10 | AU27: 3.870405e+10 | AV27: 3.5887699e+10 | AW27: 3.5383262e+10 | AX27: 3.1105999e+10 | AY27: 2.1198777e+10 | AZ27: 2.6554289e+10 | BA27: 2.7112136e+10 | BB27: 2.9102516e+10 | BC27: 2.4281166e+10 | BD27: 2.5460992e+10 | BE27: 3.3487062e+10 | BF27: 3.1442894e+10 | BG27: 2.8981928e+10 | BH27: 2.6526841e+10 | BI27: 2.592979e+10 | BJ27: 2.3883257e+10 | BK27: 1.7027981e+10 | BL27: 2.5752316e+10 | BM27: 2.0389694e+10 | BN27: 1.9558309e+10 | BO27: 2.0378127e+10 | BP27: 1.8375265e+10 | BQ27: 1.6901802e+10 | BR27: 1.6634021e+10 | BS27: 1.9885845e+10 | BT27: 1.8798159e+10
A28: MC_new_TE_EEfix | B28: ok | C28: 1.7439775e+08 | D28: 1.8640155e+08 | E28: 2.2437013e+08 | F28: 1.9608409e+08 | G28: 2.4908899e+08 | H28: 2.6634529e+08 | I28: 2.8740125e+08 | J28: 2.8823472e+08 | K28: 3.4742217e+08 | L28: 4.7651631e+08 | M28: 6.41165e+08 | N28: 7.3457671e+08 | O28: 9.1059004e+08 | P28: 1.871064e+09 | Q28: 2.5750059e+09 | R28: 8.9366215e+08 | S28: 1.1468918e+09 | T28: 1.3943109e+09 | U28: 1.3779187e+09 | V28: 1.156963e+09 | W28: 1.6251372e+09 | X28: 1.4029995e+09 | Y28: 9.3905263e+08 | Z28: 1.7922377e+09 | AA28: 1.65061e+09 | AB28: 1.4717761e+09 | AC28: 1.6130924e+09 | AD28: 2.8275855e+09 | AE28: 4.1850479e+09 | AF28: 2.1188793e+09 | AG28: 2.1342106e+09 | AH28: 2.3949796e+09 | AI28: 2.5530356e+09 | AJ28: 2.5388236e+09 | AK28: 3.1825287e+09 | AL28: 2.7539213e+09 | AM28: 2.806929e+09 | AN28: 2.9521597e+09 | AO28: 3.7392582e+09 | AP28: 4.3663115e+09 | AQ28: 4.85243e+09 | AR28: 4.4444573e+09 | AS28: 3.9075472e+09 | AT28: 4.2728507e+09 | AU28: 4.9746407e+09 | AV28: 5.4912759e+09 | AW28: 5.403007e+09 | AX28: 5.1223585e+09 | AY28: 4.2657473e+09 | AZ28: 4.0628646e+09 | BA28: 3.3026673e+09 | BB28: 4.8885471e+09 | BC28: 2.9040249e+09 | BD28: 4.2245812e+09 | BE28: 4.8312105e+09 | BF28: 4.3596006e+09 | BG28: 4.5874503e+09 | BH28: 4.0474302e+09 | BI28: 3.701992e+09 | BJ28: 3.4636078e+09 | BK28: 2.5590813e+09 | BL28: 3.4464762e+09 | BM28: 3.4744203e+09 | BN28: 3.7585101e+09 | BO28: 4.1567083e+09 | BP28: 3.8193384e+09 | BQ28: 3.4791274e+09 | BR28: 1.1456555e+10 | BS28: 3.2181607e+09 | BT28: 4.2673009e+09
A30: Catch tonnage on a named group: 665,696,783 of 677,999,683 (98.2 %). Unresolved taxa contribute nothing to the model rows and everything to the simple row, so the two are not directly comparable until coverage is 100 %.
A31: 7 of 20 methods are flagged above. A flagged row is a property of this model under that method, not of the mapping; see model_health in the SPPR workbook.
A32: Coverage by year, %:
A33: catch on a named group, % | C33: 75.43 | D33: 76.05 | E33: 71.64 | F33: 73.04 | G33: 76.53 | H33: 72.8 | I33: 78.78 | J33: 85.32 | K33: 91.64 | L33: 96.43 | M33: 97.8 | N33: 98.67 | O33: 98.86 | P33: 98.75 | Q33: 99.25 | R33: 98.71 | S33: 99.05 | T33: 99.3 | U33: 98.99 | V33: 99.2 | W33: 99.21 | X33: 99.37 | Y33: 98.17 | Z33: 96.62 | AA33: 99.05 | AB33: 98.48 | AC33: 98.84 | AD33: 97.96 | AE33: 98.42 | AF33: 99.12 | AG33: 97.85 | AH33: 97.7 | AI33: 98.2 | AJ33: 97.72 | AK33: 98.34 | AL33: 99.08 | AM33: 98.45 | AN33: 97.49 | AO33: 96.78 | AP33: 97.13 | AQ33: 97.36 | AR33: 97.59 | AS33: 97.37 | AT33: 98.54 | AU33: 98.83 | AV33: 97.75 | AW33: 96.94 | AX33: 98.36 | AY33: 93.91 | AZ33: 96.94 | BA33: 98.76 | BB33: 97.33 | BC33: 99.49 | BD33: 97.73 | BE33: 98.71 | BF33: 98.66 | BG33: 98.46 | BH33: 98.53 | BI33: 98.51 | BJ33: 98.31 | BK33: 97.63 | BL33: 98.8 | BM33: 98.33 | BN33: 98.82 | BO33: 97.76 | BP33: 98.57 | BQ33: 98.38 | BR33: 98.77 | BS33: 99.14 | BT33: 98.54

Sheet sppr_PP
A1: Specific PPR per taxon — LME_013, model 13_2_Northern_Humboldt_Current_(1995-1998)
A2: sppr_simple is the trophic-chain estimate (1/TE)^(TL-1) at TE=0.1, applied to the taxon's own trophic level and needing no model.
A3: Primary producers only; excludes detritus and imports. Blank means unavailable, not zero. sppr_simple is an unpartitioned reference.
A4: taxon | B4: trophic_level | C4: sppr_simple | D4: Ecopath group | E4: SPPR_1986 | F4: SPPR_1995_TE0.1 | G4: SPPR_1995_TEmean | H4: Ulanowicz_globalTEmean | I4: Ulanowicz_TE | J4: EwE_TE_noEE | K4: EwE_TE_EE | L4: SPPR_2015 | M4: new_TE_noEEfix | N4: new_TE_EEfix | O4: new_GE | P4: new_WithEgestion | Q4: sym_TE_asPP | R4: sym_TE_asDC | S4: sym_GE_asPP | T4: sym_GE_asDC | U4: sym_WithEgestion_asPP | V4: sym_WithEgestion_asDC | W4: MC_new_GE | X4: MC_new_TE_EEfix
A5: Engraulis ringens | B5: 2.7 | C5: 50.118723 | D5: Anchovy | H5: 114.15119 | I5: 25.596669 | J5: 25.596669 | K5: 20.857379 | L5: 43.673175 | M5: 43.673175 | N5: 43.673175 | O5: 30.757067 | P5: 11.268314 | Q5: 43.673175 | S5: 30.757067 | U5: 11.268314 | V5: 11.268314 | W5: 23.332691 | X5: 49.223524
A6: Sardinops sagax | B6: 2.84 | C6: 69.183097 | D6: Sardine | H6: 125.94651 | I6: 28.276756 | J6: 28.276756 | K6: 27.428552 | L6: 48.153928 | M6: 48.153928 | N6: 48.153928 | O6: 40.144749 | P6: 13.958209 | Q6: 48.153928 | S6: 40.144749 | U6: 13.958209 | V6: 13.958209 | W6: 30.610644 | X6: 54.375213
A7: Trachurus murphyi | B7: 3.33 | C7: 213.79621 | D7: Horse mackerel | H7: 602.84874 | I7: 464.394 | J7: 464.394 | K7: 109.37272 | L7: 798.034 | M7: 798.034 | N7: 798.034 | O7: 138.57724 | P7: 35.065606 | Q7: 798.034 | S7: 138.57724 | U7: 35.065606 | V7: 35.065606 | W7: 98.542343 | X7: 912.49695
A8: Clupeidae | B8: 3.16 | C8: 144.54398 | D8: Sardine | Other small pelagic fish | H8: 124.72642 | I8: 28.342176 | J8: 28.342176 | K8: 27.418617 | L8: 48.107713 | M8: 48.107713 | N8: 48.107713 | O8: 40.018589 | P8: 13.924538 | Q8: 48.107713 | S8: 40.018589 | U8: 13.924538 | V8: 13.924538 | W8: 30.63498 | X8: 54.294221
A9: Dosidicus gigas | B9: 4.14 | C9: 1380.3843 | D9: Jumbo squid | H9: 841.35478 | I9: 175.2606 | J9: 201.10656 | K9: 160.88091 | L9: 830.07571 | M9: 830.07571 | N9: 830.07571 | O9: 147.19901 | P9: 36.201062 | Q9: 830.07571 | S9: 147.19901 | U9: 36.201062 | V9: 36.201062 | W9: 102.13698 | X9: 1052.784
A10: Scomber japonicus | B10: 3.38 | C10: 239.88329 | D10: Chub mackerel | H10: 678.02798 | I10: 1141.9646 | J10: 1141.9646 | K10: 177.15005 | L10: 1947.6626 | M10: 1947.6626 | N10: 1947.6626 | O10: 220.51839 | P10: 64.490704 | Q10: 1947.6626 | S10: 220.51839 | U10: 64.490704 | V10: 64.490704 | W10: 167.54128 | X10: 2202.6729
A11: Marine fishes not identified | B11: 3.28 | C11: 190.54607 | D11: Small demersal fish | Medium demersal fish | Medium sciaenids | H11: 228.03152 | I11: 656.29563 | J11: 656.72393 | K11: 468.23282 | L11: 1402.2271 | M11: 1402.2271 | N11: 1402.2271 | O11: 48.143913 | P11: 16.126983 | Q11: 1402.2271 | S11: 48.143913 | U11: 16.126983 | V11: 16.126983 | W11: 38.633943 | X11: 1661.2696
A12: Merluccius peruanus | B12: 4.4 | C12: 2511.8864 | D12: Large hake | Medium hake | Small hake | H12: 1264.6686 | I12: 1277.511 | J12: 1286.1869 | K12: 1031.805 | L12: 2519.7628 | M12: 2519.7628 | N12: 2519.7628 | O12: 204.31243 | P12: 47.041946 | Q12: 2519.7628 | S12: 204.31243 | U12: 47.041946 | V12: 47.041946 | W12: 150.90361 | X12: 2954.1895
A13: Merluccius gayi | B13: 4.26 | C13: 1819.7009 | D13: Unresolved
A14: Macruronus magellanicus | B14: 3.93 | C14: 851.13804 | D14: Unresolved
A15: Sarda chiliensis | B15: 4.49 | C15: 3090.2954 | D15: Other large pelagic fish | H15: 1271.5353 | I15: 553.81141 | J15: 570.62862 | K15: 304.69996 | L15: 1277.7568 | M15: 1277.7568 | N15: 1277.7568 | O15: 326.291 | P15: 93.360283 | Q15: 1277.7568 | S15: 326.291 | U15: 93.360283 | V15: 93.360283 | W15: 238.40092 | X15: 1534.3632
A16: Normanichthys crockeri | B16: 2.75 | C16: 56.234133 | D16: Other small pelagic fish | H16: 90.849443 | I16: 30.158638 | J16: 30.158638 | K16: 27.142773 | L16: 46.824515 | M16: 46.824515 | N16: 46.824515 | O16: 36.515625 | P16: 12.989613 | Q16: 46.824515 | S16: 36.515625 | U16: 12.989613 | V16: 12.989613 | W16: 31.310692 | X16: 52.045388
A17: Loxechinus albus | B17: 2 | C17: 10 | D17: Macrobenthos | H17: 0 | I17: 0 | J17: 0 | K17: 0 | L17: 0 | M17: 0 | N17: 0 | O17: 0 | P17: 0 | Q17: 0 | S17: 0 | U17: 0 | V17: 0 | W17: 0 | X17: 0
A18: Merluccius australis | B18: 4.45 | C18: 2818.3829 | D18: Unresolved
A19: Ethmidium maculatum | B19: 2.07 | C19: 11.748976 | D19: Other small pelagic fish | H19: 90.849443 | I19: 30.158638 | J19: 30.158638 | K19: 27.142773 | L19: 46.824515 | M19: 46.824515 | N19: 46.824515 | O19: 36.515625 | P19: 12.989613 | Q19: 46.824515 | S19: 36.515625 | U19: 12.989613 | V19: 12.989613 | W19: 31.310692 | X19: 52.045388
A20: Aulacomya atra | B20: 2 | C20: 10 | D20: Macrobenthos | H20: 0 | I20: 0 | J20: 0 | K20: 0 | L20: 0 | M20: 0 | N20: 0 | O20: 0 | P20: 0 | Q20: 0 | S20: 0 | U20: 0 | V20: 0 | W20: 0 | X20: 0
A21: Anchoa nasus | B21: 3.4 | C21: 251.18864 | D21: Other small pelagic fish | H21: 90.849443 | I21: 30.158638 | J21: 30.158638 | K21: 27.142773 | L21: 46.824515 | M21: 46.824515 | N21: 46.824515 | O21: 36.515625 | P21: 12.989613 | Q21: 46.824515 | S21: 36.515625 | U21: 12.989613 | V21: 12.989613 | W21: 31.310692 | X21: 52.045388
A22: Strangomera bentincki | B22: 2 | C22: 10 | D22: Other small pelagic fish | H22: 90.849443 | I22: 30.158638 | J22: 30.158638 | K22: 27.142773 | L22: 46.824515 | M22: 46.824515 | N22: 46.824515 | O22: 36.515625 | P22: 12.989613 | Q22: 46.824515 | S22: 36.515625 | U22: 12.989613 | V22: 12.989613 | W22: 31.310692 | X22: 52.045388
A23: Coryphaena hippurus | B23: 4.37 | C23: 2344.2288 | D23: Other large pelagic fish | H23: 1271.5353 | I23: 553.81141 | J23: 570.62862 | K23: 304.69996 | L23: 1277.7568 | M23: 1277.7568 | N23: 1277.7568 | O23: 326.291 | P23: 93.360283 | Q23: 1277.7568 | S23: 326.291 | U23: 93.360283 | V23: 93.360283 | W23: 238.40092 | X23: 1534.3632
A24: Grimothea monodon | B24: 2.74 | C24: 54.954087 | D24: Macrobenthos | H24: 0 | I24: 0 | J24: 0 | K24: 0 | L24: 0 | M24: 0 | N24: 0 | O24: 0 | P24: 0 | Q24: 0 | S24: 0 | U24: 0 | V24: 0 | W24: 0 | X24: 0
A25: Cervimunida johni | B25: 2.6 | C25: 39.810717 | D25: Macrobenthos | H25: 0 | I25: 0 | J25: 0 | K25: 0 | L25: 0 | M25: 0 | N25: 0 | O25: 0 | P25: 0 | Q25: 0 | S25: 0 | U25: 0 | V25: 0 | W25: 0 | X25: 0
A26: Mugil cephalus | B26: 2.14 | C26: 13.803843 | D26: Medium demersal fish | H26: 193.72786 | I26: 35.839321 | J26: 36.233059 | K26: 29.716807 | L26: 68.199492 | M26: 68.199492 | N26: 68.199492 | O26: 38.496304 | P26: 13.496178 | Q26: 68.199492 | S26: 38.496304 | U26: 13.496178 | V26: 13.496178 | W26: 28.279976 | X26: 76.951698
A27: Katsuwonus pelamis | B27: 4.43 | C27: 2691.5348 | D27: Other large pelagic fish | H27: 1271.5353 | I27: 553.81141 | J27: 570.62862 | K27: 304.69996 | L27: 1277.7568 | M27: 1277.7568 | N27: 1277.7568 | O27: 326.291 | P27: 93.360283 | Q27: 1277.7568 | S27: 326.291 | U27: 93.360283 | V27: 93.360283 | W27: 238.40092 | X27: 1534.3632
A28: Veneridae | D28: Macrobenthos | H28: 0 | I28: 0 | J28: 0 | K28: 0 | L28: 0 | M28: 0 | N28: 0 | O28: 0 | P28: 0 | Q28: 0 | S28: 0 | U28: 0 | V28: 0 | W28: 0 | X28: 0
A29: Argopecten purpuratus | B29: 2 | C29: 10 | D29: Macrobenthos | H29: 0 | I29: 0 | J29: 0 | K29: 0 | L29: 0 | M29: 0 | N29: 0 | O29: 0 | P29: 0 | Q29: 0 | S29: 0 | U29: 0 | V29: 0 | W29: 0 | X29: 0
A30: Doryteuthis gahi | B30: 3.2 | C30: 158.48932 | D30: Other cephalopods | H30: 150.4804 | I30: 6.99979 | J30: 6.99979 | K30: 6.6498 | L30: 13.582064 | M30: 13.582064 | N30: 13.582064 | O30: 10.929901 | P30: 4.936097 | Q30: 13.582064 | S30: 10.929901 | U30: 4.936097 | V30: 4.936097 | W30: 7.630091 | X30: 15.740459
A31: Odontesthes regia | B31: 4 | C31: 1000 | D31: Small demersal fish | H31: 59.943369 | I31: 19.036362 | J31: 19.036362 | K31: 13.904727 | L31: 27.460928 | M31: 27.460928 | N31: 27.460928 | O31: 17.749999 | P31: 8.774242 | Q31: 27.460928 | S31: 17.749999 | U31: 8.774242 | V31: 8.774242 | W31: 15.209101 | X31: 30.241866
A32: Brama australis | B32: 4.2 | C32: 1584.8932 | D32: Unresolved
A33: Seriolella | D33: Unresolved
A34: Prionotus stephanophrys | B34: 3.5 | C34: 316.22777 | D34: Sea robin | H34: 225.07342 | I34: 61.767249 | J34: 61.767249 | K34: 28.322979 | L34: 106.87419 | M34: 106.87419 | N34: 106.87419 | O34: 40.042365 | P34: 14.804487 | Q34: 106.87419 | S34: 40.042365 | U34: 14.804487 | V34: 14.804487 | W34: 26.425355 | X34: 122.72836
